platform,contest,issue_number,title,labels,pattern,body_preview
code4rena,2023-05-ajna,508,Upgraded Q -> 2 from #255 [1684436602164],3 (High Risk); satisfactory; upgraded by judge; duplicate-488,Other,"Judge has assessed an item in Issue #255 as 2 risk. The relevant finding follows:   QA-03: Anyone can memorialize LP positions from another user Description The function PositionManager.memorializePositions contains no access control. This means anyone can memorialize other LP's positions, provided that they have approved the PositionManager to transfer their LPs.      function memorializePositions(         MemorializePositionsParams calldata params_     ) external override {         EnumerableS"
code4rena,2023-05-ajna,506,Upgraded Q -> 2 from #410 [1684435015507],3 (High Risk); satisfactory; upgraded by judge; duplicate-488,Other,Judge has assessed an item in Issue #410 as 2 risk. The relevant finding follows:   [QA-2] Publicly Callable memorializePositions() Function Allows Unauthorized memorization of User Positions memorializePositions() function in positionManager.sol allows any caller to modify position information of any user. This is because the function does not include any ownership check on the provided TokenID.Any user can guess and update a position that they should not have access to. While the downside is t
code4rena,2023-05-ajna,505,Upgraded Q -> 2 from #467 [1684434787599],3 (High Risk); partial-50; upgraded by judge; duplicate-488,Other,"Judge has assessed an item in Issue #467 as 2 risk. The relevant finding follows:   [L-03] Anyone can memorialize other users' position if the owner approves PositionManager There isn't a check to ensure that the caller is the actual owner of the position, so anyone can memorialize a position if the original owner approves PositionManager.  Modify ajna-core/tests/forge/unit/PositionManager.t.sol with the following and the test will not fail:  File: ajna-core\tests\forge\unit\PositionManager.t.so"
code4rena,2023-05-ajna,503,PositionManager's moveLiquidity can freeze funds by removing destination index even when the move was partial,bug; 3 (High Risk); primary issue; satisfactory; selected for report; sponsor confirmed; H-01,"Interest Rate, Collateral, Deposit","# Lines of code  https://github.com/code-423n4/2023-05-ajna/blob/276942bc2f97488d07b887c8edceaaab7a5c3964/ajna-core/src/PositionManager.sol#L262-L323   # Vulnerability details       `positionIndex.remove(params_.fromIndex)`removes the PositionManager entry even when it is only partial removal as a result of `IPool(params_.pool).moveQuoteToken(...)` call.  I.e. it is correct to do `fromPosition.lps -= vars.lpbAmountFrom`, but the resulting amount might not be zero, moveQuoteToken() are not guaran"
code4rena,2023-05-ajna,498,Logic error in `_transferAjnaRewards` function,bug; 3 (High Risk); satisfactory; upgraded by judge; duplicate-251,Other,"# Lines of code  https://github.com/code-423n4/2023-05-ajna/blob/main/ajna-core/src/RewardsManager.sol#L811-L820   # Vulnerability details  **Context:** ```solidity  ajna-core/src/RewardsManager.sol:   836       */   837:     function _transferAjnaRewards(uint256 rewardsEarned_) internal {   838:         // check that rewards earned isn't greater than remaining balance   839:         // if remaining balance is greater, set to remaining balance   840:         uint256 ajnaBalance = IERC20(ajnaToke"
code4rena,2023-05-ajna,494,PositionManager's moveLiquidity can set wrong deposit time and permanently freeze LP funds moved,bug; 3 (High Risk); primary issue; satisfactory; selected for report; sponsor confirmed; H-02,"Deposit, Share Manipulation","# Lines of code  https://github.com/code-423n4/2023-05-ajna/blob/276942bc2f97488d07b887c8edceaaab7a5c3964/ajna-core/src/PositionManager.sol#L262-L323   # Vulnerability details  moveLiquidity() set new destination index LP entry deposit time to be equal to the source index deposit time, while destination bucket might have defaulted after that time.  This is generally not correct as source bucket bankruptcy is controlled (i.e. LP shares that are moved are healthy), while the destination bucket's b"
code4rena,2023-05-ajna,488,Position NFT can be spammed with insignificant positions by anyone until rewards DoS,bug; 3 (High Risk); primary issue; satisfactory; selected for report; sponsor confirmed; H-03,DoS,# Lines of code  https://github.com/code-423n4/2023-05-ajna/blob/276942bc2f97488d07b887c8edceaaab7a5c3964/ajna-core/src/PositionManager.sol#L170-L216 https://github.com/code-423n4/2023-05-ajna/blob/276942bc2f97488d07b887c8edceaaab7a5c3964/ajna-core/src/PositionManager.sol#L466-L485   # Vulnerability details  ## Impact The [PositionManager.memorializePositions(params_)](https://github.com/code-423n4/2023-05-ajna/blob/276942bc2f97488d07b887c8edceaaab7a5c3964/ajna-core/src/PositionManager.sol#L170-
code4rena,2023-05-ajna,478,Imprecise block calculation,bug; 3 (High Risk); unsatisfactory,Other,# Lines of code  https://github.com/code-423n4/2023-05-ajna/blob/main/ajna-grants/src/grants/base/StandardFunding.sol#L29-L46   # Vulnerability details  ## Vulnerability details ### Impact ````solidity         * @dev    Roughly equivalent to the number of blocks in 7 days.         * @dev    Roughly equivalent to the number of blocks in 90 days.         * @dev    Roughly equivalent to the number of blocks in 10 days. ```` As described in the NatSpec comment above these are imprecise/rough calcula
code4rena,2023-05-ajna,475,Attacker can drain the token from the user's account,bug; 3 (High Risk); unsatisfactory,Fund Drain,"# Lines of code  https://github.com/code-423n4/2023-05-ajna/blob/main/ajna-core/src/PositionManager.sol#L388   # Vulnerability details  ## Vulnerability details ### Impact There is a potential vulnerability if the `increaseLPAllowance()` function is not implemented safely and allows for arbitrary increases to the token allowance. ````solidity File: ajna-core/src/PositionManager.sol          pool.increaseLPAllowance(owner, params_.indexes, lpAmounts); ```` If an attacker gains control of the spen"
code4rena,2023-05-ajna,461,Treasury accounting miss voters rewards,bug; 3 (High Risk); satisfactory; duplicate-450,Insolvency,"# Lines of code  https://github.com/code-423n4/2023-05-ajna/blob/276942bc2f97488d07b887c8edceaaab7a5c3964/ajna-grants/src/grants/base/StandardFunding.sol#L197-L220   # Vulnerability details  `treasury` is overstated over time as each distribution period it adds back the delegate rewards part, which is actually spent on voters rewards.  I.e. it is updated with `fundsAvailable - totalTokensRequested` difference, while `totalTokensRequested` is limited to `90%` of the `fundsAvailable`. There is als"
code4rena,2023-05-ajna,456,It is not possible to create or execute new extraordinary proposals after 10 funded Extraordinary Proposals,bug; 3 (High Risk); primary issue; sponsor disputed; unsatisfactory,Other,# Lines of code  https://github.com/code-423n4/2023-05-ajna/blob/276942bc2f97488d07b887c8edceaaab7a5c3964/ajna-grants/src/grants/base/ExtraordinaryFunding.sol#L105 https://github.com/code-423n4/2023-05-ajna/blob/276942bc2f97488d07b887c8edceaaab7a5c3964/ajna-grants/src/grants/base/ExtraordinaryFunding.sol#L176 https://github.com/code-423n4/2023-05-ajna/blob/276942bc2f97488d07b887c8edceaaab7a5c3964/ajna-grants/src/grants/base/ExtraordinaryFunding.sol#L213   # Vulnerability details  ## Impact With 
code4rena,2023-05-ajna,454,unstake() function: The unstake function permits the unstaking of multiple position NFTs from the same liquidity pool (LP) by the same lender. This opens the possibility for a lender to claim more Ajna token rewards than they are entitled to by staking and unstaking multiple NFTs associated with the same LP.,bug; 3 (High Risk); unsatisfactory,Other,# Lines of code  https://github.com/code-423n4/2023-05-ajna/blob/d80daab705a066828ef1c5d9ba85f315c7c932db/ajna-core/src/RewardsManager.sol#L270-L303 https://github.com/code-423n4/2023-05-ajna/blob/d80daab705a066828ef1c5d9ba85f315c7c932db/ajna-core/src/RewardsManager.sol#L207-L260 https://github.com/code-423n4/2023-05-ajna/blob/d80daab705a066828ef1c5d9ba85f315c7c932db/ajna-core/src/PositionManager.sol#L227-L241   # Vulnerability details  ## Impact  The absence of a mechanism to prevent a lender f
code4rena,2023-05-ajna,450,Delegation rewards are not counted toward granting fund,bug; 3 (High Risk); primary issue; satisfactory; selected for report; upgraded by judge; H-04,Other,# Lines of code  https://github.com/code-423n4/2023-05-ajna/blob/276942bc2f97488d07b887c8edceaaab7a5c3964/ajna-grants/src/grants/base/StandardFunding.sol#L236-L265 https://github.com/code-423n4/2023-05-ajna/blob/276942bc2f97488d07b887c8edceaaab7a5c3964/ajna-grants/src/grants/base/StandardFunding.sol#L216-L217   # Vulnerability details  ## Impact Each period reserves a reward for granting up to [3% (GBC: Global Budget Constraint)](https://github.com/code-423n4/2023-05-ajna/blob/276942bc2f97488d07
code4rena,2023-05-ajna,441,_transferAjnaRewards doesn't save the remaining rewards of a staker for the next transfer ,bug; 3 (High Risk); satisfactory; upgraded by judge; duplicate-251,Other,# Lines of code  https://github.com/code-423n4/2023-05-ajna/blob/main/ajna-core/src/RewardsManager.sol#L597 https://github.com/code-423n4/2023-05-ajna/blob/main/ajna-core/src/RewardsManager.sol#L815   # Vulnerability details  ## Impact Staker will earn less than expected  ## Proof of Concept On `_claimRewards` function at https://github.com/code-423n4/2023-05-ajna/blob/main/ajna-core/src/RewardsManager.sol#L597 _transferAjnaRewards is being called to claim `rewardsEarned` for staker according to
code4rena,2023-05-ajna,440,Incorrect calculation of the remaining updatedRewards leads to possible underflow error,bug; 3 (High Risk); primary issue; satisfactory; selected for report; sponsor confirmed; upgraded by judge; H-05,Exchange Rate,# Lines of code  https://github.com/code-423n4/2023-05-ajna/blob/276942bc2f97488d07b887c8edceaaab7a5c3964/ajna-core/src/RewardsManager.sol#L549 https://github.com/code-423n4/2023-05-ajna/blob/276942bc2f97488d07b887c8edceaaab7a5c3964/ajna-core/src/RewardsManager.sol#L725   # Vulnerability details    ## Impact  `RewardsManage.sol` keeps track of the **total number of rewards collected per epoch** for all pools:  ```c File: 2023-05-ajna\ajna-core\src\RewardsManager.sol 73:    /// @dev `epoch => rew
code4rena,2023-05-ajna,439,Lack of Access Control in claimRewards Function,bug; 3 (High Risk); unsatisfactory,"Interest Rate, Fund Loss","# Lines of code  https://github.com/code-423n4/2023-05-ajna/blob/276942bc2f97488d07b887c8edceaaab7a5c3964/ajna-core/src/RewardsManager.sol#L519-L551   # Vulnerability details  ## Impact The `calculateNewRewards` function should also check whether the `rewardsCapped` variable is greater than the `rewardsClaimedInEpoch_` variable to ensure that rewards are not claimed that exceed the reward cap, because an attacker could exploit this vulnerability by claiming more rewards than allowed by the rewar"
code4rena,2023-05-ajna,438,Incorrect Calculation of Max Amount of Quote Tokens in moveLiquidity() Function in PositionManager.sol.,bug; 3 (High Risk); unsatisfactory,"Interest Rate, Collateral, Deposit","# Lines of code  https://github.com/code-423n4/2023-05-ajna/blob/276942bc2f97488d07b887c8edceaaab7a5c3964/ajna-core/src/PositionManager.sol#L262-L296   # Vulnerability details  ## Impact The `updateInterest()` function is called before retrieving the `fromPosition` value from `positions[params_.tokenId][params_.fromIndex]` in the `moveLiquidity()` function. This means that the `bucketDeposit` value may not reflect the current accrued interest, which can result in an incorrect amount of liquidity"
code4rena,2023-05-ajna,436,The design flaws have resulted in unfairness in the protocol.,bug; 3 (High Risk); satisfactory; duplicate-251,Other,"# Lines of code  https://github.com/code-423n4/2023-05-ajna/blob/main/ajna-core/src/RewardsManager.sol#L811-L821   # Vulnerability details  ## Impact Ordinary traders are not aware that the contract does not have sufficient ajna tokens when receiving rewards, resulting in partial loss of ajna. Smart traders will check the contract token balance before claiming rewards, which leads to unfairness.  ## Proof of Concept  [if (rewardsEarned_ > ajnaBalance) rewardsEarned_ = ajnaBalance;](https://githu"
code4rena,2023-05-ajna,435,Division by Zero Vulnerability in _calculateNewRewards function.,bug; 3 (High Risk); unsatisfactory,Interest Rate,"# Lines of code  https://github.com/code-423n4/2023-05-ajna/blob/276942bc2f97488d07b887c8edceaaab7a5c3964/ajna-core/src/RewardsManager.sol#L535-L541   # Vulnerability details  ## Impact The `_calculateNewRewards` function in the smart contract performs a division operation with `totalInterestEarnedInPeriod`, which could be zero, but there is a problem that can result in a division-by-zero error, causing the smart contract to behave unexpectedly or crash. The problem is with the division operatio"
code4rena,2023-05-ajna,429,Proposed Token Request Exceeds Available Funds Check Missing.,bug; 3 (High Risk); unsatisfactory,Fund Loss,# Lines of code  https://github.com/code-423n4/2023-05-ajna/blob/276942bc2f97488d07b887c8edceaaab7a5c3964/ajna-grants/src/grants/base/StandardFunding.sol#L366-L404 https://github.com/code-423n4/2023-05-ajna/blob/276942bc2f97488d07b887c8edceaaab7a5c3964/ajna-grants/src/grants/base/StandardFunding.sol#L390-L391 https://github.com/code-423n4/2023-05-ajna/blob/276942bc2f97488d07b887c8edceaaab7a5c3964/ajna-grants/src/grants/base/StandardFunding.sol#L385-L391   # Vulnerability details  ## Impact The [
code4rena,2023-05-ajna,426,Insufficient Validation of Total Tokens Requested.,bug; 3 (High Risk); unsatisfactory,Other,# Lines of code  https://github.com/code-423n4/2023-05-ajna/blob/276942bc2f97488d07b887c8edceaaab7a5c3964/ajna-grants/src/grants/base/ExtraordinaryFunding.sol#L85-L124 https://github.com/code-423n4/2023-05-ajna/blob/276942bc2f97488d07b887c8edceaaab7a5c3964/ajna-grants/src/grants/base/ExtraordinaryFunding.sol#L105   # Vulnerability details  ## Impact https://github.com/code-423n4/2023-05-ajna/blob/276942bc2f97488d07b887c8edceaaab7a5c3964/ajna-grants/src/grants/base/ExtraordinaryFunding.sol#L85-L1
code4rena,2023-05-ajna,425,Using memory instead of storage in 'redeemPositions'  will result in incorrect LP Balance,bug; 3 (High Risk); unsatisfactory,Deposit,"# Lines of code  https://github.com/code-423n4/2023-05-ajna/blob/fc70fb9d05b13aee2b44be2cb652478535a90edd/ajna-core/src/PositionManager.sol#L367   # Vulnerability details  ## Impact  This bug could lead to a situation where a user can 'redeem' their positions without the associated liquidity positions (LPs) being properly reset. This could result in the user being able to artificially inflate their LP balance, which could lead to financial loss for other system users.  ## Proof of Concept  The '"
code4rena,2023-05-ajna,423,Users may lose rewards,bug; 3 (High Risk); satisfactory; upgraded by judge; duplicate-251,"Exchange Rate, Deposit",# Lines of code  https://github.com/code-423n4/2023-05-ajna/blob/main/ajna-core/src/RewardsManager.sol#L106-L125 https://github.com/code-423n4/2023-05-ajna/blob/main/ajna-core/src/RewardsManager.sol#L553-L598 https://github.com/code-423n4/2023-05-ajna/blob/main/ajna-core/src/RewardsManager.sol#L806-L821 https://github.com/code-423n4/2023-05-ajna/blob/main/ajna-core/src/RewardsManager.sol#L377-L414   # Vulnerability details  ## Impact  In `RewardsManager.sol` we have [claimRewards()](https://gith
code4rena,2023-05-ajna,420,Integer Overflow/Underflow in function fundTreasury.,bug; 3 (High Risk); unsatisfactory,Other,# Lines of code  https://github.com/code-423n4/2023-05-ajna/blob/276942bc2f97488d07b887c8edceaaab7a5c3964/ajna-grants/src/grants/GrantFund.sol#L58-L68 https://github.com/code-423n4/2023-05-ajna/blob/276942bc2f97488d07b887c8edceaaab7a5c3964/ajna-grants/src/grants/GrantFund.sol#L62   # Vulnerability details  ## Impact [fundTreasury function](https://github.com/code-423n4/2023-05-ajna/blob/276942bc2f97488d07b887c8edceaaab7a5c3964/ajna-grants/src/grants/GrantFund.sol#L58-L68) in the GrantFund.sol co
code4rena,2023-05-ajna,418, Lack of Access Control in GrantFund Smart Contract's fundTreasury Function,bug; 3 (High Risk); unsatisfactory,Fund Drain,# Lines of code  https://github.com/code-423n4/2023-05-ajna/blob/276942bc2f97488d07b887c8edceaaab7a5c3964/ajna-grants/src/grants/GrantFund.sol#L58-L68 https://github.com/code-423n4/2023-05-ajna/blob/276942bc2f97488d07b887c8edceaaab7a5c3964/ajna-grants/src/grants/GrantFund.sol#L67   # Vulnerability details  ## Impact The [fundTreasury](https://github.com/code-423n4/2023-05-ajna/blob/276942bc2f97488d07b887c8edceaaab7a5c3964/ajna-grants/src/grants/GrantFund.sol#L58-L68) function in the GrantFund.so
code4rena,2023-05-ajna,416,ownership of LP can be transferred to PositionManager contract without updating lp position,bug; 3 (High Risk); unsatisfactory,Fund Loss,"# Lines of code  https://github.com/code-423n4/2023-05-ajna/blob/276942bc2f97488d07b887c8edceaaab7a5c3964/ajna-core/src/PositionManager.sol#L178   # Vulnerability details  ## Impact Funds can be transferred without updating the lp position  ## Proof of Concept  if the ```indexesLength``` is not checked to be greater than, in a situation where the ```indexesLength == 0``` the loop will not run and the ownership of LP will be transferred to PositionManager contract leading to possible loss of fund"
code4rena,2023-05-ajna,408,Uninitialized Variable Vulnerability in _updateBucketExchangeRates function,bug; 3 (High Risk); unsatisfactory,"Exchange Rate, Interest Rate","# Lines of code  https://github.com/code-423n4/2023-05-ajna/blob/276942bc2f97488d07b887c8edceaaab7a5c3964/ajna-core/src/RewardsManager.sol#L671-L735 https://github.com/code-423n4/2023-05-ajna/blob/276942bc2f97488d07b887c8edceaaab7a5c3964/ajna-core/src/RewardsManager.sol#L680-L729   # Vulnerability details  ## Impact In the [function _updateBucketExchangeRates](https://github.com/code-423n4/2023-05-ajna/blob/276942bc2f97488d07b887c8edceaaab7a5c3964/ajna-core/src/RewardsManager.sol#L671-L735), the"
code4rena,2023-05-ajna,406,Arithmetic Underflow Vulnerability in _getPoolAccumulators Function,bug; 3 (High Risk); unsatisfactory,"Interest Rate, Fund Theft","# Lines of code  https://github.com/code-423n4/2023-05-ajna/blob/276942bc2f97488d07b887c8edceaaab7a5c3964/ajna-core/src/RewardsManager.sol#L636-L661   # Vulnerability details  ## Impact In the [_getPoolAccumulators](https://github.com/code-423n4/2023-05-ajna/blob/276942bc2f97488d07b887c8edceaaab7a5c3964/ajna-core/src/RewardsManager.sol#L636-L661) function, the values of `totalBurnedLatest` and `totalInterestLatest` are not checked for underflow before subtracting `totalBurnedAtBlock` and `totalI"
code4rena,2023-05-ajna,403,In getPoolAccumulators function of Ajna protocol allows for manipulation of token exchange rates and potential loss of funds,bug; 3 (High Risk); unsatisfactory,"Exchange Rate, Interest Rate, Fund Loss","# Lines of code  https://github.com/code-423n4/2023-05-ajna/blob/276942bc2f97488d07b887c8edceaaab7a5c3964/ajna-core/src/RewardsManager.sol#L636-L661   # Vulnerability details  ## Impact There is a function called [getPoolAccumulators](https://github.com/code-423n4/2023-05-ajna/blob/276942bc2f97488d07b887c8edceaaab7a5c3964/ajna-core/src/RewardsManager.sol#L636-L661). This function is used to calculate the total ajna tokens burned and total interest earned by a pool since a given block.  However, "
code4rena,2023-05-ajna,400,Transfer of Tokens Without User Consent in Stake() and Unstake() Functions.,bug; 3 (High Risk); unsatisfactory,Fund Loss,# Lines of code  https://github.com/code-423n4/2023-05-ajna/blob/276942bc2f97488d07b887c8edceaaab7a5c3964/ajna-core/src/RewardsManager.sol#L250 https://github.com/code-423n4/2023-05-ajna/blob/276942bc2f97488d07b887c8edceaaab7a5c3964/ajna-core/src/RewardsManager.sol#L302 https://github.com/code-423n4/2023-05-ajna/blob/276942bc2f97488d07b887c8edceaaab7a5c3964/ajna-core/src/RewardsManager.sol#L207-L260 https://github.com/code-423n4/2023-05-ajna/blob/276942bc2f97488d07b887c8edceaaab7a5c3964/ajna-cor
code4rena,2023-05-ajna,397,Treasury miscalculation,bug; 3 (High Risk); unsatisfactory,Other,# Lines of code  https://github.com/code-423n4/2023-05-ajna/blob/main/ajna-grants/src/grants/base/StandardFunding.sol#L197-L220   # Vulnerability details  ## Impact In `startNewDistributionPeriod()` before the start of the new distribution period the treasury is updated with unused funds from the last two distributions. This happens in `_updateTreasury()` where in the for loop `totalTokensRequested` is calculated and then subtracted from `fundsAvailable` to calculate how much the unused funds ar
code4rena,2023-05-ajna,396,Transfer of Tokens Without User Consent in Stake() and Unstake() Functions.,bug; 3 (High Risk); unsatisfactory,Fund Loss,# Lines of code  https://github.com/code-423n4/2023-05-ajna/blob/276942bc2f97488d07b887c8edceaaab7a5c3964/ajna-core/src/RewardsManager.sol#L250 https://github.com/code-423n4/2023-05-ajna/blob/276942bc2f97488d07b887c8edceaaab7a5c3964/ajna-core/src/RewardsManager.sol#L302 https://github.com/code-423n4/2023-05-ajna/blob/276942bc2f97488d07b887c8edceaaab7a5c3964/ajna-core/src/RewardsManager.sol#L207-L260 https://github.com/code-423n4/2023-05-ajna/blob/276942bc2f97488d07b887c8edceaaab7a5c3964/ajna-cor
code4rena,2023-05-ajna,393,User is not able to claim reward from last epoch,bug; 3 (High Risk); sponsor disputed; unsatisfactory,Other,"# Lines of code  https://github.com/code-423n4/2023-05-ajna/blob/main/ajna-core/src/RewardsManager.sol#L396   # Vulnerability details  ## Impact Last epoch reward is not included in claimed reward. When user calls function `claimRewards` he provide as arguments `tokenId_` (NFT) and specific epoch [epochToClaim_](https://github.com/code-423n4/2023-05-ajna/blob/main/ajna-core/src/RewardsManager.sol#L116) to which to be calculated reward. After passing of the conditions, in function `_claimRewards`"
code4rena,2023-05-ajna,389,Inaccurate Treasury Accounting Endangers Protocol Functionality,bug; 3 (High Risk); satisfactory; duplicate-450,Withdraw,"# Lines of code  https://github.com/code-423n4/2023-05-ajna/blob/main/ajna-grants/src/grants/base/StandardFunding.sol#L236-L265   # Vulnerability details  ## Impact The `treasury` variable has accounting problems when the delegators claim their rewards of previous distribution(s) after a new distribution period has started, leading to a number of issues with the Ajna system.   The treasury is a critical component of the Ajna ecosystem, as it is used to fund grants, pay for development and operat"
code4rena,2023-05-ajna,388,Unauthorized access to stake and unstake functions.,bug; 3 (High Risk); unsatisfactory,"Deposit, Withdraw, Fund Loss","# Lines of code  https://github.com/code-423n4/2023-05-ajna/blob/276942bc2f97488d07b887c8edceaaab7a5c3964/ajna-core/src/RewardsManager.sol#L207-L260 https://github.com/code-423n4/2023-05-ajna/blob/276942bc2f97488d07b887c8edceaaab7a5c3964/ajna-core/src/RewardsManager.sol#L270-L303 https://github.com/code-423n4/2023-05-ajna/blob/276942bc2f97488d07b887c8edceaaab7a5c3964/ajna-core/src/RewardsManager.sol#L207-L303   # Vulnerability details  ## Impact In the code, both the [stake()](https://github.com"
code4rena,2023-05-ajna,387,Concurrent distributions result in locked tokens within the treasury.,bug; 3 (High Risk); sponsor disputed; unsatisfactory,Other,"# Lines of code  https://github.com/code-423n4/2023-05-ajna/blob/main/ajna-grants/src/grants/base/StandardFunding.sol#L124-L139   # Vulnerability details  ## Impact Initiating a new distribution before the completion of the previous one results in locked tokens within the treasury.  This could result in the locking of 3%-6% of the initial treasury token supply.  Additionally, this can result in inaccurate calculations during voting and extraordinary funding, leading to unexpected behavior.  ## P"
code4rena,2023-05-ajna,384,Improper implementation of _transferAjnaRewards() function logic leading to possible loss of funds,bug; 3 (High Risk); satisfactory; duplicate-251,Fund Loss,"# Lines of code  https://github.com/code-423n4/2023-05-ajna/blob/276942bc2f97488d07b887c8edceaaab7a5c3964/ajna-core/src/RewardsManager.sol#L815   # Vulnerability details  ## Impact High impact, because it implies loss of funds for users of the protocol.   ## Proof of Concept The comparison between the ```rewardsEarned``` and ```ajnaBalance``` in ```_transferAjnaRewards``` is suppose to ensure that ```rewardsEarned_``` is less than remaining ```ajnaBalance``` before setting the ```rewardsEarned``"
code4rena,2023-05-ajna,378,The reward will be never transferred when the RewardsManager has no reward tokens and users will lose the reward tokens.,bug; 3 (High Risk); satisfactory; duplicate-251,Other,"# Lines of code  https://github.com/code-423n4/2023-05-ajna/blob/main/ajna-core/src/RewardsManager.sol#L813-L815   # Vulnerability details  ## Impact Users can not claim the reward tokens which they have to earn when the RewardManager has no or fewer reward tokens.  ## Proof of Concept In the test for the RewardManager, the reward token will be distributed in the following line. https://github.com/code-423n4/2023-05-ajna/blob/main/ajna-core/tests/forge/unit/Rewards/RewardsDSTestPlus.sol#L270 and"
code4rena,2023-05-ajna,374,tokenURI function: IPool(poolKey[tokenId_]) should be checked if exists before creating a new NFT position.,bug; 3 (High Risk); unsatisfactory,Collateral,# Lines of code  https://github.com/code-423n4/2023-05-ajna/blob/276942bc2f97488d07b887c8edceaaab7a5c3964/ajna-core/src/PositionManager.sol#L522 https://github.com/code-423n4/2023-05-ajna/blob/276942bc2f97488d07b887c8edceaaab7a5c3964/ajna-core/src/PositionManager.sol#L523   # Vulnerability details  ## [H-03]  tokenURI function: IPool(poolKey[tokenId_]) should be checked if exists before creating a new NFT position.  ## Vulnerability Details  IPool(poolKey[tokenId_]) should be checked if exists b
code4rena,2023-05-ajna,371,PositionManager.sol contract: tokenURI function: anyone can create a position for any NFT.,bug; 3 (High Risk); unsatisfactory,Other,# Lines of code  https://github.com/code-423n4/2023-05-ajna/blob/276942bc2f97488d07b887c8edceaaab7a5c3964/ajna-core/src/PositionManager.sol#L517   # Vulnerability details  ## [H-02]  PositionManager.sol contract: tokenURI function: anyone can create a position for any NFT.  ## Vulnerability Details  NFT owner should only access this function otherwise this will allow anyone to create a position for any NFT.  ## Impact  The NFT owner should be the only one who can access this function; otherwise 
code4rena,2023-05-ajna,366,Bucket index from (which liquidity is moved from) shouldn't be removed if the returned redeemed LP is lower than fromPosition.lps,bug; 3 (High Risk); satisfactory; upgraded by judge; duplicate-503,"Collateral, Deposit","# Lines of code  https://github.com/code-423n4/2023-05-ajna/blob/main/ajna-core/src/PositionManager.sol#L300   # Vulnerability details  ## Impact A lender can move liquidity from a bucket to another via `moveLiquidity` method. This method calls `IPool(relevant pool).moveQuoteToken` to move the quote tokens in the pool. On moveQuoteToken's success, it returns two values lpbAmountFrom and lpbAmountTo. PositionManager then update position LP state for each as follows: ```solidity 	fromPosition.lps "
code4rena,2023-05-ajna,362,RewardsManager.sol contract: ajnaToken\_ input address isn't checked if it refers to a contract address.,bug; 3 (High Risk); unsatisfactory,Other,# Lines of code  https://github.com/code-423n4/2023-05-ajna/blob/276942bc2f97488d07b887c8edceaaab7a5c3964/ajna-core/src/RewardsManager.sol#L96   # Vulnerability details  ## [H-01]  RewardsManager.sol contract: ajnaToken\_ input address isn't checked if it refers to a contract address.  ## Vulnerability Details  ## Impact  all the functions that calls the ajnaToken address will fail/or redirect to a malicious address;hence the rewards will be locked/lost.  ## Proof of Concept  Instances: 1  ```so
code4rena,2023-05-ajna,361,Users may permanently lose a portion of rewards when claiming rewards if the contract balance is insufficient,bug; 3 (High Risk); satisfactory; sponsor confirmed; duplicate-251,Other,"# Lines of code  https://github.com/code-423n4/2023-05-ajna/blob/276942bc2f97488d07b887c8edceaaab7a5c3964/ajna-core/src/RewardsManager.sol#L811-L821   # Vulnerability details  ## Impact  The current implementation of the `_transferAjnaRewards` function in the smart contract may result in a permanent loss of rewards for users if the contract balance of ajnaToken is insufficient to cover the total rewards earned. In such a scenario, the user will only receive the remaining ajnaToken balance as a r"
code4rena,2023-05-ajna,356,Malicious actor can force a staker to stake more memorializePositions than intended,bug; 3 (High Risk); partial-50; sponsor confirmed; upgraded by judge; duplicate-488,Front-running,# Lines of code  https://github.com/code-423n4/2023-05-ajna/blob/276942bc2f97488d07b887c8edceaaab7a5c3964/ajna-core/src/PositionManager.sol#L170-L216 https://github.com/code-423n4/2023-05-ajna/blob/276942bc2f97488d07b887c8edceaaab7a5c3964/ajna-core/src/RewardsManager.sol#L207-L260   # Vulnerability details  ## Impact A malicious actor can force a staker to stake more memorializePositions than intended if the victim has approved tokens to ```PositionManager```. ## Proof of Concept Bob (malicious 
code4rena,2023-05-ajna,354,"The lender won't be able to claim rewards in some cases and most of RewardsManager's methods (e.g. staking, unstaking ..etc) will revert.",bug; 3 (High Risk); satisfactory; sponsor confirmed; upgraded by judge; duplicate-440,"Exchange Rate, Interest Rate","# Lines of code  https://github.com/code-423n4/2023-05-ajna/blob/main/ajna-core/src/RewardsManager.sol#L719-L726   # Vulnerability details  ## Impact In RewardsManager, when claiming the rewards, `_updateBucketExchangeRates` method is called. This method does the following: 1. If curBurnEpoch == 0 then just update the rates without calculating any reward. 2. Otherwise, retrieve accumulator values (e.g. totalBurned)  ```solidity 	// retrieve accumulator values used to calculate rewards accrued 	("
code4rena,2023-05-ajna,348,`PositionManager.sol#moveLiquidity` function can be exploited to bypass the depositTime check,bug; 3 (High Risk); partial-50; upgraded by judge; duplicate-179,Deposit,"# Lines of code  https://github.com/code-423n4/2023-05-ajna/blob/main/ajna-core/src/PositionManager.sol#L320-L323   # Vulnerability details  ## Impact  ```solidity File: PositionManager.sol 192             // check for previous deposits 193             if (position.depositTime != 0) { 194                 // check that bucket didn't go bankrupt after prior memorialization 195                 if (_bucketBankruptAfterDeposit(pool, index, position.depositTime)) { 196                     // if bucket"
code4rena,2023-05-ajna,347,"`RewardsManager.sol` contract, if the `bucketExchangeRates` of an epoch is not updated, all users will lose the rewards of that epoch",bug; 3 (High Risk); unsatisfactory,"Exchange Rate, Interest Rate","# Lines of code  https://github.com/code-423n4/2023-05-ajna/blob/main/ajna-core/src/RewardsManager.sol#L495   # Vulnerability details  ## Impact  ```solidity File: RewardsManager.sol 671     function _updateBucketExchangeRates( 672         address pool_, 673         uint256[] memory indexes_ 674     ) internal returns (uint256 updatedRewards_) { 675         // get the current burn epoch from the given pool 676         uint256 curBurnEpoch = IPool(pool_).currentBurnEpoch(); ```  The `_updateBucke"
code4rena,2023-05-ajna,346,"`RewardsManager.sol` contract, for the first epoch,  no matter when you stake, you can get the reward of the entire epoch",bug; 3 (High Risk); unsatisfactory,Other,"# Lines of code  https://github.com/code-423n4/2023-05-ajna/blob/main/ajna-core/src/RewardsManager.sol#L440-L464   # Vulnerability details  ## Impact  The `_calculateNextEpochRewards` function is used to calculate the rewards of each epoch. For the first epoch, no matter when the user stake, he will get the full epoch reward.  ## Proof of Concept  1. When epoch N is about to end, Alias immediately stake 1000 LP 2. epoch N is over 3. Alias immediately unstake and got the reward  ## Tools Used  Ma"
code4rena,2023-05-ajna,345,"`RewardsManager.sol` contract the reward of the staked epoch is different from other epochs, which may be exploited to steal rewards",bug; 3 (High Risk); unsatisfactory,Exchange Rate,# Lines of code  https://github.com/code-423n4/2023-05-ajna/blob/main/ajna-core/src/RewardsManager.sol#L445-L453   # Vulnerability details  ## Impact  ```solidity File: RewardsManager.sol 445             if (epoch_ != stakingEpoch_) { 446 447                 // if staked in a previous epoch then use the initial exchange rate of epoch 448                 bucketRate = bucketExchangeRates[ajnaPool_][bucketIndex][epoch_]; 449             } else { 450 451                 // if staked during the epoch
code4rena,2023-05-ajna,343,`PositionManager.sol` contract LP may be front-running redeemed when trades NFT,bug; 3 (High Risk); unsatisfactory,Front-running,# Lines of code  https://github.com/code-423n4/2023-05-ajna/blob/main/ajna-core/src/PositionManager.sol#L352   # Vulnerability details  ## Impact  `PositionManager.sol` contract LP may be front-running redeemed when trades NFT  ## Proof of Concept  1. Bob is ready to buy Alias' NFT and initiates the transaction 2. Alias front-run `reedemPositions` function to redeem LP 3. Bob completes the transaction and gets an empty NFT  ## Tools Used  Manual review  ## Recommended Mitigation Steps  It is rec
code4rena,2023-05-ajna,341,Anyone can steal  someone else's LP via `LPActions.sol#transferLP`,bug; 3 (High Risk); primary issue; sponsor disputed; unsatisfactory,Other,"# Lines of code  https://github.com/code-423n4/2023-05-ajna/blob/main/ajna-core/src/libraries/external/LPActions.sol#L218   # Vulnerability details  ## Impact  ```solidity File: libraries/external/LPActions.sol 209     function transferLP( 210         mapping(uint256 => Bucket) storage buckets_, 211         mapping(address => mapping(address => mapping(uint256 => uint256))) storage allowances_, 212         mapping(address => mapping(address => bool)) storage approvedTransferors_, 213         add"
code4rena,2023-05-ajna,334,All the underlying value in pools can be stolen while transferring nft ,bug; 3 (High Risk); unsatisfactory,Withdraw,# Lines of code  https://github.com/code-423n4/2023-05-ajna/blob/276942bc2f97488d07b887c8edceaaab7a5c3964/ajna-core/src/PositionManager.sol#L170-L241 https://github.com/code-423n4/2023-05-ajna/blob/276942bc2f97488d07b887c8edceaaab7a5c3964/ajna-core/src/PositionManager.sol#L352-L393   # Vulnerability details  ## Impact All the underlying value in the pools can be stolen while selling the nft via the `memorializePositions` and `redeemPosition` function. NFT minted in `positionManger` contract is t
code4rena,2023-05-ajna,329,The lender could possibly lose unclaimed rewards in case a bucket goes bankrupt,bug; 3 (High Risk); satisfactory; selected for report; sponsor disputed; H-06,Deposit,"# Lines of code  https://github.com/code-423n4/2023-05-ajna/blob/main/ajna-core/src/PositionManager.sol#L192-L199   # Vulnerability details  ## Impact When the lender calls `PositionManager.memorializePositions` method the following happens: 1. Records bucket indexes along with its deposit times and lpBalances 2. Transfers LP ownership from the lender to PositionManager contract.  In point 1, it checks if there is a previous deposit and the bucket went bankrupt after prior memorialization, then "
code4rena,2023-05-ajna,327,memorializePositions does not validate that caller is the owner of the token id,bug; 3 (High Risk); unsatisfactory,Deposit,"# Lines of code  https://github.com/code-423n4/2023-05-ajna/blob/276942bc2f97488d07b887c8edceaaab7a5c3964/ajna-core/src/PositionManager.sol#L176   # Vulnerability details  In `PositionManager.sol` the method `memorializePositions(MemorializePositionsParams calldata params_)` does not validate that the caller is the owner or approved of the token id. This can allow anyone to deposit any token id of a user for them, even if they do not want to.   ## Assessed type  ERC721"
code4rena,2023-05-ajna,326,User can lose all their rewards if the contract has not enough balance,bug; 3 (High Risk); satisfactory; duplicate-251,Other,"# Lines of code  https://github.com/code-423n4/2023-05-ajna/blob/276942bc2f97488d07b887c8edceaaab7a5c3964/ajna-core/src/RewardsManager.sol#L814-L820   # Vulnerability details  In RewardsManager.sol the method `_transferAjnaRewards(uint256 rewardsEarned_)` validates the balance of the contract and updates the rewards to transfer in `if (rewardsEarned_ > ajnaBalance) rewardsEarned_ = ajnaBalance;`.  This can cause the user to lose all their rewards, the contract registers the accumulated and distr"
code4rena,2023-05-ajna,317,RewardsManager: Old bucket snapshot info cannot be deleted if positionIndexes is changed before unstaking,bug; 3 (High Risk); sponsor disputed; unsatisfactory,Interest Rate,"# Lines of code  https://github.com/code-423n4/2023-05-ajna/blob/276942bc2f97488d07b887c8edceaaab7a5c3964/ajna-core/src/RewardsManager.sol#L289-L294   # Vulnerability details  ## Impact RewardsManager's `unstake()` use `delete stakeInfo.snapshot[positionIndexes[i]]` to clear old stake snapshot info. But the `positionIndexes` can be changed between `stake` and `unstake`, the old `stakeInfo.snapshot[positionIndexes[i]]` may not be reset.  Attackers could leverage this to obtain extra rewards (inte"
code4rena,2023-05-ajna,316,Rewards may be claimed multiple times using the `moveStakedLiquidity()` function.,bug; 3 (High Risk); satisfactory; sponsor confirmed; upgraded by judge; duplicate-132,Deposit,# Lines of code  https://github.com/code-423n4/2023-05-ajna/blob/276942bc2f97488d07b887c8edceaaab7a5c3964/ajna-core/src/RewardsManager.sol#L135   # Vulnerability details  ## Severity  Medium  # Rewards may be claimed multiple times using the `moveStakedLiquidity()` function.  ## Summary The `RewardsManager.moveStakedLiquidity()` function does not check if rewards has already been claimed.  ## Vulnerability Details  The `moveStakedLiquidity` function after running some checks and initializing som
code4rena,2023-05-ajna,309,Steal funds by Update Bucket Exchange Rates And Claim (Unprotected function),bug; 3 (High Risk); unsatisfactory; edited-by-warden,Fund Theft,"# Lines of code  https://github.com/code-423n4/2023-05-ajna/blob/276942bc2f97488d07b887c8edceaaab7a5c3964/ajna-core/src/RewardsManager.sol#L310   # Vulnerability details  ## Impact Attacker can steal `5%` of the rewards that have accumulated to each bucket since the last burn event by calling this function.  ## Description First, the function `updateBucketExchangeRatesAndClaimcalls() ` called the internal function named ` _updateBucketExchangeRates() `: https://github.com/code-423n4/2023-05-ajna"
code4rena,2023-05-ajna,307,Ajna Rewards Might Be Lost,bug; 3 (High Risk); satisfactory; upgraded by judge; duplicate-251,Other,# Lines of code  https://github.com/code-423n4/2023-05-ajna/blob/main/ajna-core/src/RewardsManager.sol#L814-L819   # Vulnerability details  ## Impact  USer's reward earned in AJNA tokens might be lost if balance of AJNA tokens in the contract is not enough.  ## Proof of Concept  1.) Let's assume Alice's `rewardsEarned_` are 100 and contract's balance of AJNA tokens is 80.  2.) Alice calls claimRewards https://github.com/code-423n4/2023-05-ajna/blob/main/ajna-core/src/RewardsManager.sol#L114 . Th
code4rena,2023-05-ajna,304,`PositionManager.memorializePositions` record the wrong amount of received LPs,bug; 3 (High Risk); satisfactory; duplicate-256,Deposit,"# Lines of code  https://github.com/code-423n4/2023-05-ajna/blob/main/ajna-core/src/PositionManager.sol#L170 https://github.com/code-423n4/2023-05-ajna/blob/main/ajna-core/src/PositionManager.sol#L388   # Vulnerability details  ## Impact  Before calling `PositionManager.memorializePositions()`, the owner of the position should call `pool.increaseLPAllowance()` first. Then `PositionManager` can receive the LPs from the owner.  However the recorded amount of received LPs is from `pool.lenderInfo()"
code4rena,2023-05-ajna,303,memorializePositions Function Lacks Auth,bug; 3 (High Risk); partial-50; upgraded by judge; duplicate-488,Share Manipulation,"# Lines of code  https://github.com/code-423n4/2023-05-ajna/blob/main/ajna-core/src/PositionManager.sol#L170   # Vulnerability details  ## Impact  A malicious user can memorialize LP approved by owner at a time the owner does not want to , due to this the owner would need to redeem and the NFT (_tokenId) can be of the malicious user and the position would be  memorialized to the malicious users NFT , also no check if the NFT was previously minted.  ## Proof of Concept   So the purpose of the fun"
code4rena,2023-05-ajna,301,Parameter change could lead to wrong calculations and unnecessary actions,bug; 3 (High Risk); satisfactory; upgraded by judge; duplicate-251,Fund Loss,"# Lines of code  https://github.com/code-423n4/2023-05-ajna/blob/main/ajna-core/src/RewardsManager.sol#L815   # Vulnerability details  ## Summary  **Likelihood:** Medium, because it requires `rewardsEarned_ > ajnaBalance`  **Impact:** Medium, because accounting might be wrong, which may lead to loss of funds for the ajnaToken or for the user, and unnecessary actions to perform `_updateBucketExchangeRates` and `_updateBucketExchangeRateAndCalculateRewards` would be executed anyways  ## Impact  Su"
code4rena,2023-05-ajna,292,No state change in `updateRewardsClaimed[curBurnEpoch]` even if there's not enough rewards to send,bug; 3 (High Risk); satisfactory; upgraded by judge; duplicate-251,Exchange Rate,# Lines of code  https://github.com/code-423n4/2023-05-ajna/blob/main/ajna-core/src/RewardsManager.sol#L729 https://github.com/code-423n4/2023-05-ajna/blob/main/ajna-core/src/RewardsManager.sol#L815   # Vulnerability details  ## Impact The contract would assume that all the rewards of an epoch have been sent even if there is a lack of reward tokens (ajna token) in the contract. No state change occurs in updateRewardsClaimed even if only a fraction of the reward is sent.  ## Proof of Concept Func
code4rena,2023-05-ajna,289,`StandardFunding._updateTreasury` function should not add voters' delegate rewards back to `treasury`,bug; 3 (High Risk); satisfactory; sponsor confirmed; edited-by-warden; duplicate-450,Other,# Lines of code  https://github.com/code-423n4/2023-05-ajna/blob/main/ajna-grants/src/grants/base/StandardFunding.sol#L236-L265 https://github.com/code-423n4/2023-05-ajna/blob/main/ajna-grants/src/grants/base/StandardFunding.sol#L274-L293 https://github.com/code-423n4/2023-05-ajna/blob/main/ajna-grants/src/grants/base/StandardFunding.sol#L119-L164 https://github.com/code-423n4/2023-05-ajna/blob/main/ajna-grants/src/grants/base/StandardFunding.sol#L197-L220   # Vulnerability details  ## Impact Wh
code4rena,2023-05-ajna,272,wdiv does not validate the denominator for 0,bug; 3 (High Risk); unsatisfactory,Other,"# Lines of code  https://github.com/code-423n4/2023-05-ajna/blob/main/ajna-grants/src/grants/libraries/Maths.sol#L37 https://github.com/code-423n4/2023-05-ajna/blob/main/ajna-grants/src/grants/libraries/Maths.sol#L38   # Vulnerability details  ## Impact  If the parameter y in the function wdiv is zero, the division operation (x * 10**18 + y / 2) / y will result in transaction revert. This can have dire consequences as wdiv is used at multiple locations. Additionally, it is never checked in the c"
code4rena,2023-05-ajna,271,wmul (...) operation may return 0,bug; 3 (High Risk); unsatisfactory,Other,"# Lines of code  https://github.com/code-423n4/2023-05-ajna/blob/main/ajna-grants/src/grants/libraries/Maths.sol#L33 https://github.com/code-423n4/2023-05-ajna/blob/main/ajna-grants/src/grants/libraries/Maths.sol#L34   # Vulnerability details  ## Impact  the division operation (x * y + 10**18 / 2) / 10**18 involves dividing by a constant 10**18. If the value of x * y is less than (10**18 / 2), then the division will result in 0 because division rounds down, which could cause unintended results. "
code4rena,2023-05-ajna,264,Risk of User's Reward Loss due to Surge in Reward Claims ,bug; 3 (High Risk); satisfactory; duplicate-251,"Exchange Rate, Interest Rate, Withdraw","# Lines of code  https://github.com/code-423n4/2023-05-ajna/blob/276942bc2f97488d07b887c8edceaaab7a5c3964/ajna-core/src/RewardsManager.sol#L815   # Vulnerability details  ## Impact  Whenever a user Stakes their NFT , they are awarded reward in Ajna Tokens for Updating Bucket Exchange Rate as well as interest earned by keeping their NFT in the contract . While reviewing the ```RewardsManager.sol``` , the function ```_transferAjnaRewards``` caught my attention.  The problem is   ```if (rewardsEarn"
code4rena,2023-05-ajna,263,Internal balance of treasury will be higher than expected after each distribution period,bug; 3 (High Risk); satisfactory; sponsor confirmed; duplicate-450,Other,"# Lines of code  https://github.com/code-423n4/2023-05-ajna/blob/main/ajna-grants/src/grants/base/StandardFunding.sol#L153-L157 https://github.com/code-423n4/2023-05-ajna/blob/main/ajna-grants/src/grants/base/StandardFunding.sol#L197-L220   # Vulnerability details  ## Impact After each distribution period, the unused funds will be added back to the internal balance of the Funding contract. But, that doesn't take into account the delegation rewards that are paid out (10% of available funds of eac"
code4rena,2023-05-ajna,259,Anyone can call `memorializePositions()` on behalf of other user's position due to lack of access control,bug; 3 (High Risk); partial-50; upgraded by judge; duplicate-488,Other,"# Lines of code  https://github.com/code-423n4/2023-05-ajna/blob/main/ajna-core/src/PositionManager.sol#L170-L176   # Vulnerability details  ## Impact  Anyone can memorialize other users' positions with a given NFT and transfer ownership of the LP to the PositionManager contract.  This is an unathorized use of other user assets by any person.  ## Proof of Concept  This POC shows the lack of access control validation for `memorializePositions()`, which is in scope for this issue, as well as some "
code4rena,2023-05-ajna,256,User can exponentially increase the value of their position through the memorializePositions function,bug; 3 (High Risk); primary issue; satisfactory; selected for report; sponsor confirmed; H-07,Other,# Lines of code  https://github.com/code-423n4/2023-05-ajna/blob/276942bc2f97488d07b887c8edceaaab7a5c3964/ajna-core/src/PositionManager.sol#L170-L210   # Vulnerability details  ## Impact The [PositionManager contract](https://github.com/code-423n4/2023-05-ajna/blob/276942bc2f97488d07b887c8edceaaab7a5c3964/ajna-core/src/PositionManager.sol#L42) allows a lender to mint an NFT that will be representative of their lp positions. This is done by [minting](https://github.com/code-423n4/2023-05-ajna/blo
code4rena,2023-05-ajna,251,Claiming accumulated rewards while the contract is underfunded can lead to a loss of rewards,bug; 3 (High Risk); primary issue; satisfactory; selected for report; upgraded by judge; edited-by-warden; H-08,Reentrancy,"# Lines of code  https://github.com/code-423n4/2023-05-ajna/blob/276942bc2f97488d07b887c8edceaaab7a5c3964/ajna-core/src/RewardsManager.sol#L815   # Vulnerability details  The claimable rewards for an NFT staker are capped at the Ajna token balance at the time of claiming, which can lead to a loss of rewards if the `RewardsManager` contract is underfunded with Ajna tokens.  ## Impact  Loss of rewards if the `RewardsManager` contract is underfunded with Ajna tokens.  ## Proof of Concept  The `Rewa"
code4rena,2023-05-ajna,241,TEST DEV,invalid; 3 (High Risk); withdrawn by warden,Other,"# Lines of code  https://github.com/.gitignore#L1   # Vulnerability details  ## Impact Detailed description of the impact of this finding.  ## Proof of Concept Provide direct links to all referenced code in GitHub. Add screenshots, logs, or any other relevant proof that illustrates the concept.  ## Tools Used  ## Recommended Mitigation Steps      ## Assessed type  Access Control"
code4rena,2023-05-ajna,238,TEST ISSUE - EDIT,invalid; 3 (High Risk); withdrawn by warden,Other,"# Lines of code  https://github.com/.gitignore#L1   # Vulnerability details  ## Impact Detailed description of the impact of this finding.  ## Proof of Concept Provide direct links to all referenced code in GitHub. Add screenshots, logs, or any other relevant proof that illustrates the concept.  ## Tools Used  ## Recommended Mitigation Steps"
code4rena,2023-05-ajna,237,Loss of rewards due to underfunded contract,bug; 3 (High Risk); satisfactory; edited-by-warden; duplicate-251,Deposit,# Lines of code  https://github.com/code-423n4/2023-05-ajna/blob/fc70fb9d05b13aee2b44be2cb652478535a90edd/ajna-core/src/RewardsManager.sol#L831-L843   # Vulnerability details  ## Impact  Users may lose rewards if the contract is underfunded during the claiming process.  ## Proof of Concept  The `RewardsManager` contract keeps track of the rewards earned by an NFT staker. The accumulated rewards are transferred to the user through the `_transferAjnaRewards` function.  Rewards are usually distribu
code4rena,2023-05-ajna,234,Attacker can drain all minted LP by repeatedly increaseLPAllowance (for a small amount) and memorializePositions,bug; 3 (High Risk); satisfactory; duplicate-256,Fund Drain,# Lines of code  https://github.com/code-423n4/2023-05-ajna/blob/276942bc2f97488d07b887c8edceaaab7a5c3964/ajna-core/src/PositionManager.sol#L202 https://github.com/code-423n4/2023-05-ajna/blob/276942bc2f97488d07b887c8edceaaab7a5c3964/ajna-core/src/libraries/external/LPActions.sol#L244 https://github.com/code-423n4/2023-05-ajna/blob/276942bc2f97488d07b887c8edceaaab7a5c3964/ajna-core/src/libraries/external/LPActions.sol#L260   # Vulnerability details  ## Impact In function **memorializePositions**
code4rena,2023-05-ajna,232," `PositionManager.moveLiquidity` The function may transfer less liquidity than all, but the position is removed from the user list in any case",bug; 3 (High Risk); satisfactory; edited-by-warden; duplicate-503,"Collateral, Deposit","# Lines of code  https://github.com/code-423n4/2023-05-ajna/blob/276942bc2f97488d07b887c8edceaaab7a5c3964/ajna-core/src/PositionManager.sol#L300 https://github.com/code-423n4/2023-05-ajna/blob/276942bc2f97488d07b887c8edceaaab7a5c3964/ajna-core/src/PositionManager.sol#L320   # Vulnerability details  ## Impact During the call to [`PositionManager.moveLiquidity()`](https://github.com/code-423n4/2023-05-ajna/blob/276942bc2f97488d07b887c8edceaaab7a5c3964/ajna-core/src/PositionManager.sol#L262), liqui"
code4rena,2023-05-ajna,229,Missing Access Control in fundTreasury Function,bug; 3 (High Risk); unsatisfactory,Other,"# Lines of code  https://github.com/code-423n4/2023-05-ajna/blob/276942bc2f97488d07b887c8edceaaab7a5c3964/ajna-grants/src/grants/interfaces/IGrantFund.sol#L64   # Vulnerability details  ## Impact The lack of access control in the fundTreasury function allows any user or contract to call this function and transfer funds to the GrantFund contract, which can result in the depletion of the treasury balance.  ## Proof of Concept Let's imagine a scenario where there is a weakness in a system. In this "
code4rena,2023-05-ajna,226,Ensure Secure and Reliable transferFrom() Function for ERC721 Token Transfers,bug; 3 (High Risk); unsatisfactory; edited-by-warden,Other,# Lines of code  https://github.com/code-423n4/2023-05-ajna/blob/276942bc2f97488d07b887c8edceaaab7a5c3964/ajna-core/lib/openzeppelin-contracts/contracts/token/ERC721/ERC721.sol#L150-L159 https://github.com/code-423n4/2023-05-ajna/blob/276942bc2f97488d07b887c8edceaaab7a5c3964/ajna-core/lib/openzeppelin-contracts/contracts/token/ERC721/ERC721.sol#L239-L242 https://github.com/code-423n4/2023-05-ajna/blob/276942bc2f97488d07b887c8edceaaab7a5c3964/ajna-core/lib/openzeppelin-contracts/contracts/token/E
code4rena,2023-05-ajna,223,The lender can earn higher rewards unfairly and take other lender's LPs from PositionManager due to a flawed logic in memorializePositions,bug; 3 (High Risk); satisfactory; edited-by-warden; duplicate-256,Deposit,"# Lines of code  https://github.com/code-423n4/2023-05-ajna/blob/main/ajna-core/src/PositionManager.sol#L188-L202 https://github.com/code-423n4/2023-05-ajna/blob/main/ajna-core/src/PositionManager.sol#L213   # Vulnerability details  ## Impact After minting a position by calling `PositionManager.mint`, the lender can call `PositionManager.memorializePositions` which does the following: 1. Records bucket indexes along with its deposit times and lpBalances 2. Transfers LP ownership from the lender "
code4rena,2023-05-ajna,222,Infinite Minting and Staking of NFT positions,bug; 3 (High Risk); unsatisfactory,Other,"# Lines of code  https://github.com/code-423n4/2023-05-ajna/blob/276942bc2f97488d07b887c8edceaaab7a5c3964/ajna-core/src/PositionManager.sol#L227-L241   # Vulnerability details  ## Impact   The Ajna Protocol states that pool lenders can optionally mint an 'NFT' that represents their position. Pool lenders can then stake this NFT and earn 'Ajna' tokens. Ownership of the NFT is the only access control used both in `PositionManager.sol` and `RewardsManager.sol`.   However, the `mint()` function in `"
code4rena,2023-05-ajna,217,[H-1] PositionManager contract allows draining LP balance of other users,bug; 3 (High Risk); satisfactory; duplicate-256,"Deposit, Fund Theft",# Lines of code  https://github.com/code-423n4/2023-05-ajna/blob/6995f24bdf9244fa35880dda21519ffc131c905c/ajna-core/src/libraries/external/LPActions.sol#L244 https://github.com/code-423n4/2023-05-ajna/blob/6995f24bdf9244fa35880dda21519ffc131c905c/ajna-core/src/PositionManager.sol#L181-L213   # Vulnerability details  ## Impact  The PositionManager contract contains a critical vulnerability that enables a malicious user to steal all the liquidity from the pool by inflating their LP balance.  ## Pr
code4rena,2023-05-ajna,215,ERC721Pool borrower can be over-liquidated through re-entrency of the take function.,bug; 3 (High Risk); unsatisfactory,"Liquidation, Interest Rate, Borrow Logic","# Lines of code  https://github.com/code-423n4/2023-05-ajna/blob/main/ajna-core/src/ERC721Pool.sol#L462-L470   # Vulnerability details  ## Impact ERC721Pool borrower can be over-liquidated through re-entrency of the take  ## Proof of Concept 1. taker can pass in a callee address which has a callback `atomicSwapCallback` to be executed, before the  _rebalanceTokens is executed.  2. malicious taker can execute further take related function, eg `bucketTake` on the atomicSwapCallback. Since the resu"
code4rena,2023-05-ajna,214,malicious actors can approve other users and rug them since check on allowance approval mapping is accessed wrongly in transferLP,bug; 3 (High Risk); unsatisfactory; duplicate-341,Other,"# Lines of code  https://github.com/code-423n4/2023-05-ajna/blob/main/ajna-core/src/libraries/external/LPActions.sol#L218   # Vulnerability details  ## Impact malicious actors can approve other users and rug them since check on allowance approval mapping is accessed wrongly in transferLP  usersLP gets transferred without allowance.   ## Proof of Concept  In `transferLP`, checks if `approvedTransferors_[newOwnerAddress_][msg.sender]` is true. ```solidity     function transferLP(         mapping(u"
code4rena,2023-05-ajna,207,updateBucketExchangeRatesAndClaim has no check on the address of the pool,bug; 3 (High Risk); partial-50; sponsor confirmed; duplicate-8,Interest Rate,"# Lines of code  https://github.com/code-423n4/2023-05-ajna/blob/main/ajna-core/src/RewardsManager.sol#L310-L318   # Vulnerability details  ## Impact updateBucketExchangeRatesAndClaim has no check on the address of the pool.   ## Proof of Concept malicious caller can pass in an arbitrary address of the pool, leading to a call to pass and updating a non-existing pool for `_updateBucketExchangeRates` and `_updateBucketExchangeRate`, subsequently inflating the `updateRewardsClaimed` of the curBurnE"
code4rena,2023-05-ajna,203,staker can claim accrued rewards on the new buckets immediately after moving liquidity to the new buckets,invalid; 3 (High Risk); withdrawn by warden,Exchange Rate,"# Lines of code  https://github.com/code-423n4/2023-05-ajna/blob/main/ajna-core/src/PositionManager.sol#L262-L333   # Vulnerability details  ## Impact staker can claim accrued rewards on the new buckets after moving liquidity to the new buckets  ## Proof of Concept 1. user stake liquidity on bucket 1,2,3. 2. After time A passes, user call moveLiquidity on PositionManager to bucket 4,5,6. 3. user immediately call claimReward, which fetch the latest Positions of the user from `positionManager.getP"
code4rena,2023-05-ajna,197,User’s funds can be unclaimed forever,bug; 3 (High Risk); satisfactory; duplicate-251,Other,# Lines of code  https://github.com/code-423n4/2023-05-ajna/blob/main/ajna-core/src/RewardsManager.sol#L114-L125 https://github.com/code-423n4/2023-05-ajna/blob/main/ajna-core/src/RewardsManager.sol#L412 https://github.com/code-423n4/2023-05-ajna/blob/main/ajna-core/src/RewardsManager.sol#L811-L821   # Vulnerability details  ## Vulnerability Details  ### Description If a user tries to claim his earned rewards during an epoch in which the `RewardsManager.sol` contract holds an amount of Ajna toke
code4rena,2023-05-ajna,193,"The user can steal funds from the PositionManager of the same index, and also get large positions for free in PositionManager",bug; 3 (High Risk); satisfactory; edited-by-warden; duplicate-256,"Withdraw, Fund Theft",# Lines of code  https://github.com/code-423n4/2023-05-ajna/blob/276942bc2f97488d07b887c8edceaaab7a5c3964/ajna-core/src/PositionManager.sol#L213 https://github.com/code-423n4/2023-05-ajna/blob/276942bc2f97488d07b887c8edceaaab7a5c3964/ajna-core/src/libraries/external/LPActions.sol#L244 https://github.com/code-423n4/2023-05-ajna/blob/276942bc2f97488d07b887c8edceaaab7a5c3964/ajna-core/src/PositionManager.sol#L390   # Vulnerability details   The user can steal funds from the PositionManager of the s
code4rena,2023-05-ajna,192,Function `_calculateNewRewards` could revert all the time under certain conditions,bug; 3 (High Risk); satisfactory; sponsor confirmed; upgraded by judge; duplicate-440,Interest Rate,"# Lines of code  https://github.com/code-423n4/2023-05-ajna/blob/276942bc2f97488d07b887c8edceaaab7a5c3964/ajna-core/src/RewardsManager.sol#L534-L551   # Vulnerability details  ## Impact The function `_calculateNewRewards` from `RewardsManager.sol` could revert all the time, under certain conditions, because of an overflow, making the function `claimRewards` , `moveStakedLiquidity` and `unstake` unusable since they all use somehow `_claimRewards` which in the end calls `_calculateNewRewards`.  ##"
code4rena,2023-05-ajna,191,High Severity Vulnerability in Maths Library - wsqrt Function,bug; 3 (High Risk); unsatisfactory,Other,"# Lines of code  https://github.com/code-423n4/2023-05-ajna/blob/276942bc2f97488d07b887c8edceaaab7a5c3964/ajna-grants/src/grants/libraries/Maths.sol#L30   # Vulnerability details  ## Impact The wsqrt function in the Maths library has a vulnerability that could cause incorrect calculation results. This vulnerability affects smart contracts that use the library and can be exploited by attackers. If exploited, the attacker could manipulate square root calculations, which may result in financial los"
code4rena,2023-05-ajna,186,"In case of insufficient balance of the contract, the contract will issue a part of the reward but count as having issued the full rewards",bug; 3 (High Risk); satisfactory; upgraded by judge; duplicate-251,Other,# Lines of code  https://github.com/code-423n4/2023-05-ajna/blob/276942bc2f97488d07b887c8edceaaab7a5c3964/ajna-core/src/RewardsManager.sol#L815 https://github.com/code-423n4/2023-05-ajna/blob/276942bc2f97488d07b887c8edceaaab7a5c3964/ajna-core/src/RewardsManager.sol#L197 https://github.com/code-423n4/2023-05-ajna/blob/276942bc2f97488d07b887c8edceaaab7a5c3964/ajna-core/src/RewardsManager.sol#L259 https://github.com/code-423n4/2023-05-ajna/blob/276942bc2f97488d07b887c8edceaaab7a5c3964/ajna-core/src
code4rena,2023-05-ajna,182,Integer Overflow and Balance Exceeded in _updateTreasury function,bug; 3 (High Risk); unsatisfactory,Fund Loss,"# Lines of code  https://github.com/code-423n4/2023-05-ajna/blob/276942bc2f97488d07b887c8edceaaab7a5c3964/ajna-grants/src/grants/base/StandardFunding.sol#L211   # Vulnerability details  ## Impact The vulnerability allows an attacker to exploit an integer overflow and exceed the available balance, potentially leading to loss of funds or destabilization of the system.  ## Proof of Concept  Lets create a malicious proposal with an excessively large tokensRequested value, causing an overflow and res"
code4rena,2023-05-ajna,181,Improper usage of increaseLPAllowance() in PositionManager.sol,bug; 3 (High Risk); unsatisfactory,Other,# Lines of code  pool.transferLP() in PositionManager.sol: https://github.com/code-423n4/2023-05-ajna/blob/main/ajna-core/src/PositionManager.sol#L213 transferLP() in the Pool.sol contract: https://github.com/code-423n4/2023-05-ajna/blob/main/ajna-core/src/base/Pool.sol#L515 transferLP() in the external LPActions.sol library: https://github.com/code-423n4/2023-05-ajna/blob/main/ajna-core/src/libraries/external/LPActions.sol#L209 allowedAmount mapping: https://github.com/code-423n4/2023-05-ajna/b
code4rena,2023-05-ajna,179,User can avoid bankrupting by calling PositionManager.moveLiquidity where to index is bankrupted index,bug; 3 (High Risk); primary issue; satisfactory; selected for report; sponsor confirmed; H-09,"Interest Rate, Collateral, Deposit","# Lines of code  https://github.com/code-423n4/2023-05-ajna/blob/main/ajna-core/src/PositionManager.sol#L262-L333   # Vulnerability details  ## Impact User can avoid bankrupting by calling PositionManager.moveLiquidity where to index is bankrupted index  ## Proof of Concept Bucket could become insolvent and in that case all LP within the bucket are zeroed out (lenders lose all their LP). Because of that, `PositionManager.reedemPositions` [will not allow to redeem index that is bankrupted](https:"
code4rena,2023-05-ajna,178,PositionManager.memorializePositions can be called on behalf of owner,bug; 3 (High Risk); partial-50; upgraded by judge; duplicate-488,Other,# Lines of code  https://github.com/code-423n4/2023-05-ajna/blob/main/ajna-core/src/PositionManager.sol#L170-L216   # Vulnerability details  ## Impact PositionManager.memorializePositions can be called on behalf of owner. Anyone can link indexes of owner to specific owner's token.  ## Proof of Concept `PositionManager` contract is created to allow user to link their indexes to specific token that can be then sold. So users will be using `PositionManager` to mint several tokens and link some inde
code4rena,2023-05-ajna,171,Forced transfer of LP to `PositionManager.sol` from a User who approved tokens to `PositionManager.sol`,bug; 3 (High Risk); partial-50; upgraded by judge; duplicate-488,Front-running,# Lines of code  https://github.com/code-423n4/2023-05-ajna/blob/276942bc2f97488d07b887c8edceaaab7a5c3964/ajna-core/src/PositionManager.sol#L170 https://github.com/code-423n4/2023-05-ajna/blob/276942bc2f97488d07b887c8edceaaab7a5c3964/ajna-core/src/PositionManager.sol#L213   # Vulnerability details  ## Impact  The [`PositionManager.sol#memorializePositions`](https://github.com/code-423n4/2023-05-ajna/blob/276942bc2f97488d07b887c8edceaaab7a5c3964/ajna-core/src/PositionManager.sol#L170) method can 
code4rena,2023-05-ajna,167,Steal funds by Update Bucket Exchange Rates And Claim (Unprotected function),invalid; 3 (High Risk); withdrawn by warden,Fund Theft,"# Lines of code  https://github.com/code-423n4/2023-05-ajna/blob/276942bc2f97488d07b887c8edceaaab7a5c3964/ajna-core/src/RewardsManager.sol#L310   # Vulnerability details  ## Impact Attacker can steal `5%` of the rewards that have accumulated to each bucket since the last burn event by calling this function.  ## Description First, the function `updateBucketExchangeRatesAndClaimcalls() ` called the internal function named ` _updateBucketExchangeRates() `: https://github.com/code-423n4/2023-05-ajna"
code4rena,2023-05-ajna,165,Store of Private Sensitive Information on Blockchain,invalid; 3 (High Risk); withdrawn by warden,Other,"# Lines of code  https://github.com/code-423n4/2023-05-ajna/blob/276942bc2f97488d07b887c8edceaaab7a5c3964/ajna-core/src/PositionManager.sol#L62-L72   # Vulnerability details  ## Impact  Store of private information can lead to theft of amounts inside the pool. It can range anywhere from $1.00 to $83,000,000.00 which is currently roughly what is staked in the Ajna protocol.  ## Proof of Concept  As the contract has not been deployed yet, private sensitive information is not retrievable. However, "
code4rena,2023-05-ajna,157,High Severity Vulnerability in _extraordinaryProposalSucceeded Function,bug; 3 (High Risk); unsatisfactory,Other,"# Lines of code  https://github.com/code-423n4/2023-05-ajna/blob/276942bc2f97488d07b887c8edceaaab7a5c3964/ajna-grants/src/grants/base/ExtraordinaryFunding.sol#L213   # Vulnerability details  ## Impact A weakness has been found that lets someone get around the rule that a proposal needs a certain amount of support to be approved in the ExtraordinaryFunding contract. By using this weakness, a bad person could make proposals go through even if they didn't have enough support. This could lead to the"
code4rena,2023-05-ajna,155,Rewards marked as claimed even if earned tokens are not sent,bug; 3 (High Risk); satisfactory; upgraded by judge; duplicate-251,Fund Loss,"# Lines of code  https://github.com/code-423n4/2023-05-ajna/blob/276942bc2f97488d07b887c8edceaaab7a5c3964/ajna-core/src/RewardsManager.sol#L811-L821   # Vulnerability details  ## Impact In the event that the `RewardsManager` token balance is not maintained, a staker can attempt to claim their rewards and receive no tokens, but be unable to claim them again should the balance ever be restored.   This results in a loss of funds for the staker.  ## Proof of Concept In the `_transferAnjaRewards()` f"
code4rena,2023-05-ajna,152,"In RewardsManager.sol, there is no check for isEpochClaimed before calling internal _claimRewards",bug; 3 (High Risk); satisfactory; upgraded by judge; duplicate-132,Other,"# Lines of code  claimRewards(): https://github.com/ajna-finance/ajna-core/blob/main/src/RewardsManager.sol#L122 moveStakedLiquiidty(): https://github.com/ajna-finance/ajna-core/blob/main/src/RewardsManager.sol#L152 unstake(): https://github.com/ajna-finance/ajna-core/blob/main/src/RewardsManager.sol#L280   # Vulnerability details  ## Impact  When we call external claimRewards(), we need to check whether msg.sender == stakeInfo.owner and whether the rewards have been claimed for this epoch and o"
code4rena,2023-05-ajna,151,Attacker can steal all Ajna tokens from `RewardsManager` due to the lack of pool address validation in `updateBucketExchangeRatesAndClaim`,bug; 3 (High Risk); satisfactory; duplicate-8,Exchange Rate,"# Lines of code  https://github.com/code-423n4/2023-05-ajna/blob/main/ajna-core/src/RewardsManager.sol#L311   # Vulnerability details  ## Impact Users of the Ajna protocol are rewarded with Ajna tokens for updating pools exchange rates. To do this they need to call `updateBucketExchangeRatesAndClaim` with the pool address and some bucket indexes as arguments. The reward is then calculated based on the pool's state and transferred to the user.  This function can be exploited, an attacker can pass"
code4rena,2023-05-ajna,150,Delegate rewards are added back to the treasury as surplus,bug; 3 (High Risk); satisfactory; upgraded by judge; edited-by-warden; duplicate-450,Other,"# Lines of code  https://github.com/code-423n4/2023-05-ajna/blob/276942bc2f97488d07b887c8edceaaab7a5c3964/ajna-grants/src/grants/base/StandardFunding.sol#L217   # Vulnerability details  ## Impact In `StandardFunding.sol`, when `_updateTreasury()` is called, it incorrectly adds the delegate rewards to the treasury as surplus. Over time, this additional balance causes more tokens to be distributed than intended.  ## Proof of Concept In `_updateTreasury()`, the total `tokensRequested` is summed acr"
code4rena,2023-05-ajna,145,Signature Malleability in ERC721 Permit,bug; 3 (High Risk); sponsor confirmed; unsatisfactory; edited-by-warden,Other,"# Lines of code  https://github.com/code-423n4/2023-05-ajna/blob/fc70fb9d05b13aee2b44be2cb652478535a90edd/ajna-core/src/base/PermitERC721.sol#L97-L110   # Vulnerability details  ## Impact  Replay attacks are possible thanks to signature malleability   ## Proof of Concept  The ecrecover EVM opcode has a limitation that allows for non-unique signatures, which means that different signatures can produce the same output.   According to EIP-2, any transaction signatures with an s-value greater than s"
code4rena,2023-05-ajna,139,Unlimited minting of the tokenIds in PositionManager.sol ,bug; 3 (High Risk); unsatisfactory,Other,"# Lines of code  https://github.com/ajna-finance/ajna-core/blob/main/src/PositionManager.sol#L227   # Vulnerability details  ## Impact  In the current implementation, the mint() function allows anyone to mint unlimited tokenIds. For example, user may create two or more tokenIds for the same position and then just stake() them getting more and more rewards for many of these tokenIds. This is because one tokenId represents user's position. And if you create another tokenId, it'll also represent th"
code4rena,2023-05-ajna,135,User's staking reward can be lost in RewardsManager.sol,bug; 3 (High Risk); satisfactory; upgraded by judge; duplicate-251,"Exchange Rate, Deposit","# Lines of code  https://github.com/code-423n4/2023-05-ajna/blob/276942bc2f97488d07b887c8edceaaab7a5c3964/ajna-core/src/RewardsManager.sol#L805-L822   # Vulnerability details  ## Summary  User's staking reward can be lost in RewardsManager.sol  ## Vulnerability Detail  In the current implementation of the RewardManager.sol,  When claiming reward, if the smart contract has insufficient AJNA token balance to distribute the reward, the reward is truncated to the current token balance.  User can cal"
code4rena,2023-05-ajna,132,missing isEpochClaimed validation,bug; 3 (High Risk); primary issue; satisfactory; selected for report; sponsor disputed; H-10,Deposit,"# Lines of code  https://github.com/code-423n4/2023-05-ajna/blob/276942bc2f97488d07b887c8edceaaab7a5c3964/ajna-core/src/RewardsManager.sol#L135-L198   # Vulnerability details  ## Impact User can claim rewards even when is already claimed  ## Proof of Concept  The _claimRewards function is using to calculate and send the reward to the caller but this function is no validating if isEpochClaimed mapping is true due that in claimRewards function is validated, see the stament in the following lines: "
code4rena,2023-05-ajna,124, `stake()` or `updateBucketExchangeRatesAndClaim()` could cost the users their unclaimed rewards,bug; 3 (High Risk); satisfactory; upgraded by judge; duplicate-251,Exchange Rate,"# Lines of code  (https://github.com/code-423n4/2023-05-ajna/blob/276942bc2f97488d07b887c8edceaaab7a5c3964/ajna-core/src/RewardsManager.sol#L806-L821 https://github.com/code-423n4/2023-05-ajna/blob/276942bc2f97488d07b887c8edceaaab7a5c3964/ajna-core/src/RewardsManager.sol#L207-L260   # Vulnerability details  ## Impact  While staking or updating buckets exchange rates to claim, senders could lose their rewards, this is due to the implementation of the `_transferAjnaRewards()`  ## Proof of Concept "
code4rena,2023-05-ajna,119, Loss of rewards while moving staked liquidity due to to current implementation of `moveStakedLiquidity()`,bug; 3 (High Risk); satisfactory; duplicate-251,Deposit,# Lines of code  https://github.com/code-423n4/2023-05-ajna/blob/276942bc2f97488d07b887c8edceaaab7a5c3964/ajna-core/src/RewardsManager.sol#L135-L198 https://github.com/code-423n4/2023-05-ajna/blob/276942bc2f97488d07b887c8edceaaab7a5c3964/ajna-core/src/RewardsManager.sol#L806-L821   # Vulnerability details  ## Impact  Unfair loss of sender's rewards  ## Proof of Concept  Below is the codeblock for `moveStakedLiquidity()`  - [moveStakedLiquidity()](https://github.com/code-423n4/2023-05-ajna/blob/2
code4rena,2023-05-ajna,116,"RewardsManager.sol: `claimRewards()` is somewhat broken, it doesn't really claim all the rewards and could actually lead to senders losing part of their rewards and at worst even receive only 1 token",bug; 3 (High Risk); satisfactory; duplicate-251,Exchange Rate,"# Lines of code  https://github.com/code-423n4/2023-05-ajna/blob/276942bc2f97488d07b887c8edceaaab7a5c3964/ajna-core/src/RewardsManager.sol#L561-L598   # Vulnerability details  ## Impact  While attempting to claim rewards, the amount of rewards senders receive is completely dependent on the contract's ajnaToken's balance which could go wrong in a lot of ways.  - If the balance of AjnaToken is let's say 1 or even just less than the `rewardsEarned` the check in the `_transferAjnaRewards()` function"
code4rena,2023-05-ajna,114,Permanent loss of rewards on temporary underfunding of `RewardsManager` contract,bug; 3 (High Risk); satisfactory; duplicate-251,Other,"# Lines of code  https://github.com/code-423n4/2023-05-ajna/blob/276942bc2f97488d07b887c8edceaaab7a5c3964/ajna-core/src/RewardsManager.sol#L811-L821   # Vulnerability details  ## Impact [L815 in the _transferAjnaRewards()](https://github.com/code-423n4/2023-05-ajna/blob/276942bc2f97488d07b887c8edceaaab7a5c3964/ajna-core/src/RewardsManager.sol#L815) method of the `RewardsManager` contract **silently** trims every reward, that is about to be transferred, down to the actual balance of the contract "
code4rena,2023-05-ajna,111,NFT holder whose bucket was bankrupted can avoid his position being reduced and successfully redeems it,bug; 3 (High Risk); satisfactory; duplicate-179,"Borrow Logic, Collateral, Deposit","# Lines of code  https://github.com/code-423n4/2023-05-ajna/blob/main/ajna-core/src/PositionManager.sol#L323   # Vulnerability details  ## Impact In Ajna `PositionManager` can slash LP from positions whose buckets have suffered bankruptcy, after that it's impossible to redeem them  https://github.com/code-423n4/2023-05-ajna/blob/main/ajna-core/src/PositionManager.sol#L195 ``` if (_bucketBankruptAfterDeposit(pool, index, position.depositTime)) {     // if bucket did go bankrupt, zero out the LP t"
code4rena,2023-05-ajna,109,Missing ownership check in `memorializePositions`,bug; 3 (High Risk); partial-50; upgraded by judge; duplicate-488,Other,"# Lines of code  https://github.com/code-423n4/2023-05-ajna/blob/main/ajna-core/src/PositionManager.sol#L170   # Vulnerability details  ## Impact Anyone can call `memorializePositions` with any user NFT and transfer ownership of any previously approved LP tokens to the `PositionManager` contract. `memorializePositions` stamps the given NFT with the underlying liquidity positions in a given array of bucket indexes and transfers the LPB to the PositionManager contract, since this function does not"
code4rena,2023-05-ajna,108,Malicious user can steal all memorized liquidity from the `PositionManager` contract,bug; 3 (High Risk); satisfactory; duplicate-256,"Deposit, Fund Theft","# Lines of code  https://github.com/code-423n4/2023-05-ajna/blob/main/ajna-core/src/PositionManager.sol#L188 https://github.com/code-423n4/2023-05-ajna/blob/main/ajna-core/src/PositionManager.sol#L202 https://github.com/code-423n4/2023-05-ajna/blob/main/ajna-core/src/libraries/external/LPActions.sol#L244   # Vulnerability details  ## Impact `memorializePositions` function allows user to save the LP information and bind it to the NFT, to do this user first needs to approve his LP amount to the `P"
code4rena,2023-05-ajna,105,Anyone can call `memorializePositions` in `PositionManager` ,bug; 3 (High Risk); partial-50; upgraded by judge; duplicate-488,Other,"# Lines of code  https://github.com/code-423n4/2023-05-ajna/blob/main/ajna-core/src/PositionManager.sol#L170-L172   # Vulnerability details  ## Impact In the `PositionManager` contract user can call the `memorializePositions` function to transfer his LP to the position manager, this will save his LP information and bind it to the NFT. To do this he first needs to mint an NFT for the pool of his choice and then approve a position manager to hold his LP. Ajna doesn't restrict access to the `memori"
code4rena,2023-05-ajna,103,Incorrect accounting on the _updateTreasury() internal function,bug; 3 (High Risk); satisfactory; upgraded by judge; edited-by-warden; duplicate-450,Other,# Lines of code  https://github.com/code-423n4/2023-05-ajna/blob/276942bc2f97488d07b887c8edceaaab7a5c3964/ajna-grants/src/grants/base/StandardFunding.sol#L217   # Vulnerability details  ## Impact  The internal function `_updateTreasury()` is used to give back ajna tokens to the treasury that were not used during a distribution period. This happen on the following [LoC 217](https://github.com/code-423n4/2023-05-ajna/blob/276942bc2f97488d07b887c8edceaaab7a5c3964/ajna-grants/src/grants/base/Standar
code4rena,2023-05-ajna,101,Improper calculation of parameters can lead to zeroing rewards,bug; 3 (High Risk); unsatisfactory,Other,"# Lines of code  https://github.com/code-423n4/2023-05-ajna/blob/main/ajna-grants/src/grants/base/StandardFunding.sol#L286   # Vulnerability details  ## Impact  Improper calculation of parameters can lead to zeroing rewards of user  ## Proof of Concept  https://github.com/code-423n4/2023-05-ajna/blob/main/ajna-grants/src/grants/base/StandardFunding.sol#L286  ``` rewards_ = Maths.wdiv(             Maths.wmul(                 currentDistribution_.fundsAvailable,                 votingPowerAllocate"
code4rena,2023-05-ajna,95,Lenders staking may lose accrued awards if they redeem position before unstaking,bug; 3 (High Risk); sponsor disputed; unsatisfactory,Other,# Lines of code  https://github.com/code-423n4/2023-05-ajna/blob/main/ajna-core/src/PositionManager.sol#L375 https://github.com/code-423n4/2023-05-ajna/blob/main/ajna-core/src/RewardsManager.sol#L573-L578 https://github.com/code-423n4/2023-05-ajna/blob/main/ajna-core/src/RewardsManager.sol#L289-L297   # Vulnerability details  ## Impact Lenders staking may lose accrued awards when if they redeem position before unstaking  ## Proof of Concept Lenders staking may lose accrued awards when if they re
code4rena,2023-05-ajna,94,Anyone can mint and memorialize a user's position to the user,bug; 3 (High Risk); partial-50; upgraded by judge; duplicate-488,Other,# Lines of code  https://github.com/code-423n4/2023-05-ajna/blob/main/ajna-core/src/PositionManager.sol#L170-L216 https://github.com/code-423n4/2023-05-ajna/blob/main/ajna-core/src/PositionManager.sol#L227-L241   # Vulnerability details  ## Impact The `mint()` and `memorializePositions()` functions in `PositionManager.sol` have little access control. As such anyone can `mint()` an empty NFT to an arbitrary address afterwhich they can memorialize any positions this address has to this NFT. Since 
code4rena,2023-05-ajna,93,_transferAjnaRewards() can be front-runned resulting in a user getting less rewards.,bug; 3 (High Risk); partial-50; upgraded by judge; duplicate-251,Front-running,"# Lines of code  https://github.com/code-423n4/2023-05-ajna/blob/main/ajna-core/src/RewardsManager.sol#L811   # Vulnerability details  ## Impact  When calling stake() or unstake() or moveStakedLiquidity(), eventually the functions will call interanl _transferAjnaRewards() that will transfer user's rewards. The problem is that the function relies on the balanceOf() of the ajnaToken. And there is if statement that checks if rewardsEarned_ > ajnaBalance. If so, the rewards will be equal to the ajna"
code4rena,2023-05-ajna,88,`toPosition.depositTime` should not be updated to the from bucket deposit time in PositionManager.moveLiquidity ,bug; 3 (High Risk); satisfactory; edited-by-warden; duplicate-494,Deposit,# Lines of code  https://github.com/code-423n4/2023-05-ajna/blob/main/ajna-core/src/PositionManager.sol#L323 https://github.com/code-423n4/2023-05-ajna/blob/main/ajna-core/src/RewardsManager.sol#L175 https://github.com/code-423n4/2023-05-ajna/blob/main/ajna-core/src/PositionManager.sol#L372 https://github.com/code-423n4/2023-05-ajna/blob/main/ajna-core/src/PositionManager.sol#L455 https://github.com/code-423n4/2023-05-ajna/blob/main/ajna-core/src/PositionManager.sol#L477 https://github.com/code-
code4rena,2023-05-ajna,79,Without any proper access control anyone can use PositionManager's memorializePositions function to memorialize the position without Owner rights,bug; 3 (High Risk); partial-50; upgraded by judge; duplicate-488,Other,# Lines of code  https://github.com/code-423n4/2023-05-ajna/blob/276942bc2f97488d07b887c8edceaaab7a5c3964/ajna-core/src/PositionManager.sol#L176 https://github.com/code-423n4/2023-05-ajna/blob/276942bc2f97488d07b887c8edceaaab7a5c3964/ajna-core/src/base/Pool.sol#L515-L516   # Vulnerability details  ## Impact PositionManager contract allows anyone to memorializePosition lender's NFT position without the owner's permission. if the owner already gave allowance to PositionManager's contract address i
code4rena,2023-05-ajna,78,A non-active/invalid proposal can be funded/ used in the fundingVote() function.,bug; 3 (High Risk); unsatisfactory; edited-by-warden,Other,"# Lines of code  https://github.com/code-423n4/2023-05-ajna/blob/276942bc2f97488d07b887c8edceaaab7a5c3964/ajna-grants/src/grants/base/StandardFunding.sol#L550   # Vulnerability details  ## Impact The fundingVote() function doesn't check the state of the proposal id used here ```             Proposal storage proposal = _standardFundingProposals[voteParams_[i].proposalId]; ``` The proposal used here should be an active proposal.   But due to the missing check to know the proposal's state, A non-ac"
code4rena,2023-05-ajna,71,Malicious user makes users who call PositionManager.memorializePositions to suffer funds loss,bug; 3 (High Risk); sponsor disputed; unsatisfactory,Deposit,"# Lines of code  https://github.com/code-423n4/2023-05-ajna/blob/main/ajna-core/src/PositionManager.sol#L170-L216   # Vulnerability details  ## Impact  The users calling `PositionManager.memorializePositions` suffer funds loss.  ## Proof of Concept  `PositionManager.memorializePositions` will internally update the LP information of the nft owner to `positions` mapping, then call `pool.transferLP` to transfer ownership of LP to `PositionManager` contract. Before calling `PositionManager.memoriali"
code4rena,2023-05-ajna,68,Anyone can claim other's rewards via  RewardsManager.updateBucketExchangeRatesAndClaim,bug; 3 (High Risk); unsatisfactory,Other,"# Lines of code  https://github.com/code-423n4/2023-05-ajna/blob/main/ajna-core/src/RewardsManager.sol#L310-L318   # Vulnerability details  ## Impact  Attacker can claim anyone's rewards. The owner of position loss rewards.  ## Proof of Concept  `_updateBucketExchangeRates` is called as part of `stake`, `unstake`, and `claimRewards`, as well as `updateBucketExchangeRatesAndClaim`. However, only `updateBucketExchangeRatesAndClaim` does not check whether the caller is the owner.  ```solidity funct"
code4rena,2023-05-ajna,66,The `deployPool` function initializes the new pool contract at the end,bug; 3 (High Risk); unsatisfactory,"Interest Rate, Collateral","# Lines of code  https://github.com/code-423n4/2023-05-ajna/blob/276942bc2f97488d07b887c8edceaaab7a5c3964/ajna-core/src/ERC20PoolFactory.sol#L51-L80   # Vulnerability details  ## Impact The constructor checks if `ajna_` is a zero address, but the `deployPool` function should also check if `collateral_` and `quote_` addresses are not zero before deploying a new pool contract. Otherwise, the contract may be deployed with zero address, which can result in funds being locked or lost.  ## Proof of Co"
code4rena,2023-05-ajna,64,An Attacker can take all the rewards assigned to the RewardsManager by using fake pools by calling RewardsManager.updateBucketExchangeRatesAndClaim(),bug; 3 (High Risk); satisfactory; upgraded by judge; duplicate-8,Other,"# Lines of code  https://github.com/code-423n4/2023-05-ajna/blob/main/ajna-core/src/RewardsManager.sol#L310-L318   # Vulnerability details  ## Impact An attacker can take all the rewards (AjnaTokens) assigned to the RewardsManager by calling the `updateBucketExchangeRatesAndClaim()` and passing a malitious contract as the parameter for the `pool_` parameter!  ## Proof of Concept When the function `updateBucketExchangeRatesAndClaim()` is called, **there is no check to enforce that only valid pool"
code4rena,2023-05-ajna,63,Integer overflow could lead to the incorrect allocation of funds or to manipulate the voting process in IStandardFunding.sol,bug; 3 (High Risk); unsatisfactory,Fund Theft,"# Lines of code  https://github.com/code-423n4/2023-05-ajna/blob/main/ajna-grants/src/grants/interfaces/IStandardFunding.sol#L308   # Vulnerability details  ## Impact If an integer overflow were to occur in the votingPower and remainingVotingPower variables, it could potentially lead to incorrect results being returned by the functions that use these variables. This could result in voters having more or less voting power than they should, leading to incorrect decision-making by the contract. Add"
code4rena,2023-05-ajna,57,lack of input validation in fundingAmount_ argument in the fundTreasury function can be exploited by attackers to steal funds or cause other unintended behavior in IGrantFund.sol,bug; 3 (High Risk); unsatisfactory,"Fund Theft, Fund Loss","# Lines of code  https://github.com/code-423n4/2023-05-ajna/blob/main/ajna-grants/src/grants/interfaces/IGrantFund.sol#L64   # Vulnerability details  ## Impact This contract does not perform input validation on the fundingAmount_ argument in the fundTreasury function. This could allow an attacker to pass in a malicious value that could cause the contract to misbehave, such as overflowing or underflowing the contract's balance. Lack of input validation can lead to several issues like integer over"
code4rena,2023-05-ajna,54,Lack of input sanitization in the description_ argument could result to execute arbitrary code in ExtraordinaryFunding.sol,bug; 3 (High Risk); unsatisfactory,DoS,"# Lines of code  https://github.com/code-423n4/2023-05-ajna/blob/main/ajna-grants/src/grants/base/ExtraordinaryFunding.sol#L90   # Vulnerability details  ## Impact Input sanitization is the process of cleaning and validating input data to ensure that it is safe and conforms to the expected format. In the case of the proposeExtraordinary function, the description_ argument is not sanitized before being hashed. This means that an attacker could potentially craft a malicious input that causes a has"
code4rena,2023-05-ajna,53,Lack of input sanitization in the description_ argument could result hash collision in ExtraordinaryFunding.sol,bug; 3 (High Risk); unsatisfactory; edited-by-warden,DoS,"# Lines of code  https://github.com/code-423n4/2023-05-ajna/blob/main/ajna-grants/src/grants/base/ExtraordinaryFunding.sol#L90   # Vulnerability details  ## Impact Input sanitization is the process of cleaning and validating input data to ensure that it is safe and conforms to the expected format. In the case of the proposeExtraordinary function, the description_ argument is not sanitized before being hashed. This means that an attacker could potentially craft a malicious input that causes a has"
code4rena,2023-05-ajna,52,"lack of input validation can lead to DoS, code execution, and funds theft in ExtraordinaryFunding.sol",bug; 3 (High Risk); unsatisfactory,"DoS, Fund Loss","# Lines of code  https://github.com/code-423n4/2023-05-ajna/blob/main/ajna-grants/src/grants/base/ExtraordinaryFunding.sol#L85 https://github.com/code-423n4/2023-05-ajna/blob/main/ajna-grants/src/grants/base/ExtraordinaryFunding.sol#L56   # Vulnerability details  ## Impact The targets_, values_, and calldatas_ arguments in the proposeExtraordinary and executeExtraordinary functions should be validated to ensure that they are properly formed and do not contain any malicious code or unexpected dat"
code4rena,2023-05-ajna,50,Reentrancy attack in _validateCallDatas() function in Funding.so,bug; 3 (High Risk); unsatisfactory,"Reentrancy, Fund Drain, Fund Theft","# Lines of code  https://github.com/code-423n4/2023-05-ajna/blob/main/ajna-grants/src/grants/base/Funding.sol#L103   # Vulnerability details  ## Impact One potential vulnerability lies in the fact that the function calls the `SafeCast.toUint128` function, which could in turn trigger a fallback function in the recipient contract, allowing an attacker to re-enter the `_validateCallDatas` function before it completes execution. To mitigate this vulnerability, the security expert could consider usin"
code4rena,2023-05-ajna,49,Reentrancy attack in  _execute() function in Funding.sol,bug; 3 (High Risk); unsatisfactory,"Reentrancy, Fund Drain, Fund Theft","# Lines of code  https://github.com/code-423n4/2023-05-ajna/blob/main/ajna-grants/src/grants/base/Funding.sol#L52   # Vulnerability details  ## Impact The Funding contract includes a function _execute that can execute the calldata of a passed proposal. This function does not appear to be protected against reentrancy attacks. If the `_execute` function in the Funding contract is vulnerable to reentrancy attacks, it could allow an attacker to repeatedly call the function before the previous execut"
code4rena,2023-05-ajna,47,Exploitable bypass vulnerability in Funding contract,bug; 3 (High Risk); unsatisfactory,"Withdraw, Fund Drain, Fund Loss","# Lines of code  https://github.com/code-423n4/2023-05-ajna/blob/276942bc2f97488d07b887c8edceaaab7a5c3964/ajna-grants/src/grants/base/Funding.sol#L117   # Vulnerability details  ## Impact An attacker can bypass checks and balances in the Funding contract and drain the contract's treasury. This can result in loss of funds for the contract and its users.  ## Proof of Concept The weakness that can be taken advantage of lies within the validateCallDatas function, which is responsible for verifying t"
code4rena,2023-05-ajna,45,Reentrancy vulnerability in moveStakedLiquidity function,bug; 3 (High Risk); unsatisfactory,Reentrancy,"# Lines of code  https://github.com/code-423n4/2023-05-ajna/blob/main/ajna-core/src/RewardsManager.sol#L135   # Vulnerability details  I have identified one potential vulnerability:  Reentrancy vulnerability in `moveStakedLiquidity` function:  The function `moveStakedLiquidity` is marked with the `nonReentrant` modifier from OpenZeppelin's `ReentrancyGuard` contract, which is intended to protect against reentrancy attacks. However, the function calls an external contract `positionManager.moveLiq"
code4rena,2023-05-ajna,44,Reentrancy attack vulnerability in moveLiquidity function,bug; 3 (High Risk); unsatisfactory,"Reentrancy, Fund Drain","# Lines of code  https://github.com/code-423n4/2023-05-ajna/blob/276942bc2f97488d07b887c8edceaaab7a5c3964/ajna-core/src/PositionManager.sol#L262   # Vulnerability details  ## Impact An attacker could repeatedly call the moveLiquidity function before the first call completes and drain funds from the PositionManager contract.  ## Proof of Concept To perform a reentrancy attack on the moveLiquidity function in the PositionManager smart contract, we need to create a malicious contract that calls the"
code4rena,2023-05-ajna,39,StandardFunding._updateTreasury did not deduct rewards for distributing to  voting users,bug; 3 (High Risk); satisfactory; edited-by-warden; duplicate-450,Other,"# Lines of code  https://github.com/code-423n4/2023-05-ajna/blob/main/ajna-grants/src/grants/base/StandardFunding.sol#L217 https://github.com/code-423n4/2023-05-ajna/blob/main/ajna-grants/src/grants/base/StandardFunding.sol#L119-L164   # Vulnerability details  ## Impact  The ajnaToken balance of the GrantFund contract is inconsistent with `treasury`, and the gap will become larger and larger over time. This ultimately affects the distribution of project funds and voter rewards.  ## Proof of Conc"
code4rena,2023-05-ajna,22,The variable named _fundedProposalSlates is never set to a value,bug; 3 (High Risk); unsatisfactory; edited-by-warden,Other,# Lines of code  https://github.com/code-423n4/2023-05-ajna/blob/76c254c0085e7520edd24cd2f8b79cbb61d7706c/ajna-grants/src/grants/base/StandardFunding.sol#L88 https://github.com/code-423n4/2023-05-ajna/blob/76c254c0085e7520edd24cd2f8b79cbb61d7706c/ajna-grants/src/grants/base/StandardFunding.sol#L197-L220 https://github.com/code-423n4/2023-05-ajna/blob/76c254c0085e7520edd24cd2f8b79cbb61d7706c/ajna-grants/src/grants/base/StandardFunding.sol#L300-L340 https://github.com/code-423n4/2023-05-ajna/blob/
code4rena,2023-05-ajna,19,User can claim rewards and don't receive any funds,bug; 3 (High Risk); satisfactory; duplicate-251,Other,"# Lines of code  https://github.com/code-423n4/2023-05-ajna/blob/main/ajna-core/src/RewardsManager.sol#L815   # Vulnerability details  ## Impact A user that after a number of epochs and whose correspond a reward may claim it and receive nothing in return, leading to the lose of those rewards  ## Proof of Concept In the ``RewardsManager`` contract, the functions ``moveStakedLiquidity``, ``stake``, ``unstake`` and ``moveStakedLiquidity`` end up calling the ``_transferAjnaRewards`` function to tran"
code4rena,2023-05-ajna,17,User can avoid bankruptcy for his position inside PositionManager,bug; 3 (High Risk); satisfactory; edited-by-warden; duplicate-179,Deposit,"# Lines of code  https://github.com/code-423n4/2023-05-ajna/blob/a51de1f0119a8175a5656a2ff9d48bbbcb4436e7/ajna-core/src/PositionManager.sol#L323   # Vulnerability details  ## Impact Detailed description of the impact of this finding. User can avoid bankruptcy for his position inside PositionManager. ## Proof of Concept Provide direct links to all referenced code in GitHub. Add screenshots, logs, or any other relevant proof that illustrates the concept. Whenever user would like to redeem his posi"
code4rena,2023-05-ajna,12,found some Re-entrancy attack ,bug; 3 (High Risk); unsatisfactory,Other,# Lines of code  https://github.com/code-423n4/2023-05-ajna/blob/a51de1f0119a8175a5656a2ff9d48bbbcb4436e7/ajna-grants/src/grants/base/ExtraordinaryFunding.sol#L81   # Vulnerability details  ## Impact The `_execute` function used in the `executeExtraordinary` function could potentially call back into the contract and cause a `re-entrancy` attack. It is important to ensure that the `_execute` function is secure and does not cause a `re-entrancy` attack.   ## Proof of Concept to prevent `re-entranc
code4rena,2023-05-ajna,11,Malicious proposals can be found in `executeExtraordinary` function,bug; 3 (High Risk); unsatisfactory,Other,# Lines of code  https://github.com/code-423n4/2023-05-ajna/blob/a51de1f0119a8175a5656a2ff9d48bbbcb4436e7/ajna-grants/src/grants/base/ExtraordinaryFunding.sol#L56-L82   # Vulnerability details  ## Impact The `executeExtraordinary` function does not verify the proposal contents and assumes that they are valid. This could allow an attacker to submit a proposal that is malicious or has unintended consequences.  ## Proof of Concept One possible way to resolve this issue is to add a proposal verifica
code4rena,2023-05-ajna,8,RewardsManager fails to validate `pool_` when updating exchange rates allowing rewards to be drained,bug; 3 (High Risk); primary issue; satisfactory; selected for report; H-11,"Exchange Rate, Fund Theft",# Lines of code  https://github.com/code-423n4/2023-05-ajna/blob/a51de1f0119a8175a5656a2ff9d48bbbcb4436e7/ajna-core/src/RewardsManager.sol#L310-L318 https://github.com/code-423n4/2023-05-ajna/blob/a51de1f0119a8175a5656a2ff9d48bbbcb4436e7/ajna-core/src/RewardsManager.sol#L794-L794 https://github.com/code-423n4/2023-05-ajna/blob/a51de1f0119a8175a5656a2ff9d48bbbcb4436e7/ajna-core/src/RewardsManager.sol#L811-L821   # Vulnerability details  ## Impact The `updateBucketExchangeRatesAndClaim` method is 
code4rena,2023-05-ajna,4,The variable named _topTenProposals is never set to a value,bug; 3 (High Risk); unsatisfactory; edited-by-warden,Other,# Lines of code  https://github.com/code-423n4/2023-05-ajna/blob/a51de1f0119a8175a5656a2ff9d48bbbcb4436e7/ajna-grants/src/grants/base/StandardFunding.sol#L82 https://github.com/code-423n4/2023-05-ajna/blob/a51de1f0119a8175a5656a2ff9d48bbbcb4436e7/ajna-grants/src/grants/base/StandardFunding.sol#L421-L454 https://github.com/code-423n4/2023-05-ajna/blob/a51de1f0119a8175a5656a2ff9d48bbbcb4436e7/ajna-grants/src/grants/base/StandardFunding.sol#L519-L569 https://github.com/code-423n4/2023-05-ajna/blob/
code4rena,2023-09-centrifuge,775,Expired members can lose their tranche tokens if they call `transferTrancheTokensToCentrifuge` or `transferTrancheTokensToEVM` in `PoolManager.sol` ,bug; 3 (High Risk); low quality report; unsatisfactory; duplicate-151,Fund Loss,"# Lines of code  https://github.com/code-423n4/2023-09-centrifuge/blob/512e7a71ebd9ae76384f837204216f26380c9f91/src/PoolManager.sol#L149-L163 https://github.com/code-423n4/2023-09-centrifuge/blob/512e7a71ebd9ae76384f837204216f26380c9f91/src/PoolManager.sol#L136-L147   # Vulnerability details  ## Impact User can call `transferTrancheTokensToCentrifuge` or `transferTrancheTokensToEVM` to transfer their tranche tokens to other chains, but no verifying is done to see if they are expired members or n"
code4rena,2023-09-centrifuge,769,"requestDeposit and requestRedeem do not allow for any price guarantee, opening users to sandwich attacks and other losses",bug; 3 (High Risk); sufficient quality report; unsatisfactory; duplicate-552,"Oracle, Deposit, Share Manipulation","# Lines of code  https://github.com/code-423n4/2023-09-centrifuge/blob/512e7a71ebd9ae76384f837204216f26380c9f91/src/LiquidityPool.sol#L214-L217 https://github.com/code-423n4/2023-09-centrifuge/blob/512e7a71ebd9ae76384f837204216f26380c9f91/src/LiquidityPool.sol#L231-L234   # Vulnerability details  ## Impact  Request functions take only the desired input amount as a parameter, giving no way for the caller to control the fulfilment price. The price is decided by the Centrifuge mainnet only. ```    "
code4rena,2023-09-centrifuge,764,Some Outgoing functions are not supported on the gateway,bug; 3 (High Risk); low quality report; unsatisfactory; duplicate-375,DoS,"# Lines of code  https://github.com/code-423n4/2023-09-centrifuge/blob/512e7a71ebd9ae76384f837204216f26380c9f91/src/gateway/Gateway.sol#L84   # Vulnerability details  ## Impact The gateway serves both outgoing and incoming calls, All incoming calls should have corresponding outgoing calls and vice versa However, some incoming calls like ``addPool()`` , ``allowPoolCurrency()`` , ``addTranche()`` have no corresponding calls via the gateway contract. They cannot be sent. Some outgoing calls like ``"
code4rena,2023-09-centrifuge,762,"Incorrent approval for escrow tokens, not allowing to burn on redeem",bug; 3 (High Risk); low quality report; unsatisfactory; duplicate-186,Other,# Lines of code  https://github.com/code-423n4/2023-09-centrifuge/blob/512e7a71ebd9ae76384f837204216f26380c9f91/src/PoolManager.sol#L328-L329 https://github.com/code-423n4/2023-09-centrifuge/blob/512e7a71ebd9ae76384f837204216f26380c9f91/src/InvestmentManager.sol#L273   # Vulnerability details  ## Impact Liquidity pool approval for burning escrow tokens is not correctly assigned when pool is deployed on `PoolManager` `deployLiquidityPool` lines:  ```         EscrowLike(escrow).approve(liquidityPo
code4rena,2023-09-centrifuge,759,lack of failsafe mechanism to replay the failed transaction between source chain and destination chain. This would lead to loss of funds to user when transaction is failed.,bug; 3 (High Risk); low quality report; unsatisfactory; edited-by-warden; duplicate-26,Other,# Lines of code  https://github.com/code-423n4/2023-09-centrifuge/blob/512e7a71ebd9ae76384f837204216f26380c9f91/src/InvestmentManager.sol#L69 https://github.com/code-423n4/2023-09-centrifuge/blob/512e7a71ebd9ae76384f837204216f26380c9f91/src/PoolManager.sol#L78 https://github.com/code-423n4/2023-09-centrifuge/blob/512e7a71ebd9ae76384f837204216f26380c9f91/src/gateway/routers/axelar/Router.sol#L24 https://github.com/code-423n4/2023-09-centrifuge/blob/512e7a71ebd9ae76384f837204216f26380c9f91/src/gat
code4rena,2023-09-centrifuge,729,Malicious RestrictionManger can be used to verify Tranche Members,bug; 3 (High Risk); low quality report; unsatisfactory; duplicate-53,Other,"# Lines of code  https://github.com/code-423n4/2023-09-centrifuge/blob/512e7a71ebd9ae76384f837204216f26380c9f91/src/token/Tranche.sol#L42-L46   # Vulnerability details  The ability to file a new Restriction Manger after deployment can actually be utilized by a rouge ward and deploy a malicious version of the `RestrictionManger` that implements almost the same thing as the originals, but just tweaked to return the SUCCESS_MESSAGE and the SUCCESS CODE that will enable anyone to be able to invest a"
code4rena,2023-09-centrifuge,717,Allowance manipulation in UserEscrow struct leads to unauthorized token transfers due to overreliance on maximum allowance check,bug; 3 (High Risk); sufficient quality report; unsatisfactory; edited-by-warden; duplicate-205,Deposit,"# Lines of code  https://github.com/code-423n4/2023-09-centrifuge/blob/main/src/UserEscrow.sol#L36-L50   # Vulnerability details  ## Summary  The `UserEscrow` smart contract contains a vulnerability that can possibly allow unauthorized users to transfer tokens out of the contract. Specifically, an attacker can exploit this flaw by manipulating the allowances, thus enabling them to bypass the authorization checks present within the `transferOut` function.  ## Vulnerability Detail  The `transferOu"
code4rena,2023-09-centrifuge,715,"Access Control Dependency on `msg.sender`: The `onlyGateway` modifier relies solely on `msg.sender` for access control. If the address of the gateway contract is compromised or manipulated, it can lead to unauthorized access to critical functions within the contract.",bug; 3 (High Risk); sufficient quality report; unsatisfactory; upgraded by judge,Other,"# Lines of code  https://github.com/code-423n4/2023-09-centrifuge/blob/512e7a71ebd9ae76384f837204216f26380c9f91/src/PoolManager.sol#L115   # Vulnerability details  ### Access Control Dependency on `msg.sender`  **Impact:** The `onlyGateway` modifier relies solely on `msg.sender` for access control. If the address of the gateway contract is compromised or manipulated, it can lead to unauthorized access to critical functions within the contract.  **Proof of Concept:** In the provided contract code"
code4rena,2023-09-centrifuge,713,Unchecked Input,bug; 3 (High Risk); low quality report; unsatisfactory; duplicate-29,"Deposit, DoS, Fund Theft","# Lines of code  https://github.com/code-423n4/2023-09-centrifuge/blob/main/src/LiquidityPool.sol#L220   # Vulnerability details  ## Impact Attackers can get the auth badge due to unchecked input vulnerability at the `LiquidityPool` The ward[msg.sender] badge gives the attacker the highest role in the entire Centrifuge ecosystem, allowing the attacker to steal funds and cause DOS.  ## Proof of Concept This is a step by step poc: - An attacker calls a function like `requestDepositWithPermit` in t"
code4rena,2023-09-centrifuge,706,Unsafe message encode and decode for cross chain message transfer and in execution process through axelar ,bug; 3 (High Risk); primary issue; sponsor disputed; sufficient quality report; unsatisfactory,Other,# Lines of code  https://github.com/code-423n4/2023-09-centrifuge/blob/512e7a71ebd9ae76384f837204216f26380c9f91/src/PoolManager.sol#L78 https://github.com/code-423n4/2023-09-centrifuge/blob/512e7a71ebd9ae76384f837204216f26380c9f91/src/gateway/Gateway.sol#L98 https://github.com/code-423n4/2023-09-centrifuge/blob/512e7a71ebd9ae76384f837204216f26380c9f91/src/gateway/routers/axelar/Router.sol#L24 https://github.com/code-423n4/2023-09-centrifuge/blob/512e7a71ebd9ae76384f837204216f26380c9f91/src/gatew
code4rena,2023-09-centrifuge,705,Rouge ward can remove auth permission from other wards and then remove themselves,bug; 3 (High Risk); low quality report; unsatisfactory; duplicate-55,Other,"# Lines of code  https://github.com/code-423n4/2023-09-centrifuge/blob/512e7a71ebd9ae76384f837204216f26380c9f91/src/util/Auth.sol#L14   # Vulnerability details  In a protocol, the deny function is used to remove the ward permissions from an address. This is actually a serious thing to consider that can actually occur, if a ward contract or account is obtained and other wards are not aware, the rogue ward can actually remove the wards before they actually have a chance to pause the contract to st"
code4rena,2023-09-centrifuge,703,LiquidityPool inflation attack,bug; 3 (High Risk); low quality report; unsatisfactory; edited-by-warden; duplicate-75,"Deposit, Share Manipulation, Share Inflation","# Lines of code  https://github.com/code-423n4/2023-09-centrifuge/blob/512e7a71ebd9ae76384f837204216f26380c9f91/src/InvestmentManager.sol#L325 https://github.com/code-423n4/2023-09-centrifuge/blob/512e7a71ebd9ae76384f837204216f26380c9f91/src/InvestmentManager.sol#L117   # Vulnerability details  ## Bug Description  The `LiquidityPool` uses an algorithm that converts prices to shares through a linear relationship. For instance, if there are 10,000 assets and 100 shares, then holding 100 assets sho"
code4rena,2023-09-centrifuge,702,New Ward Can Revoke Admin Access,bug; 3 (High Risk); low quality report; unsatisfactory; duplicate-55,Other,"# Lines of code  https://github.com/code-423n4/2023-09-centrifuge/blob/main/src/Root.sol#L95-L101   # Vulnerability details  ## Impact A Newly added ward can remove all the wards from the system, including the admin one.  ## Proof of Concept There is not a mechanism to prevent newly added wards from removing everyone else access' to the contracts, including the admin.  ## Tools Used Manual  ## Recommended Mitigation Steps add some sort of hierarchy, like adding a main [multisig/dao] wallet that "
code4rena,2023-09-centrifuge,678,An attacker can drain all the tokens from ``UserEscrow`` contract.,bug; 3 (High Risk); sufficient quality report; unsatisfactory; edited-by-warden; duplicate-205,"Deposit, Fund Drain, Fund Theft",# Lines of code  https://github.com/code-423n4/2023-09-centrifuge/blob/512e7a71ebd9ae76384f837204216f26380c9f91/src/LiquidityPool.sol#L247-L255   # Vulnerability details  ## Impact An user who is allowed to invest can maliciously drain all the tokens from the ``UserEscrow`` contract from ``decreaseDepositRequest()`` and ``decreaseRedeemRequest()`` of ``LiquidityPool.sol`` contract. Both functions are first send to the router and when the call is returned by the router ``handleExecutedDecreaseInv
code4rena,2023-09-centrifuge,675,"""Divide-by-Zero Risk in `convertToShares` Function""",bug; 3 (High Risk); low quality report; unsatisfactory; duplicate-48,"Rounding, Share Manipulation","# Lines of code  https://github.com/code-423n4/2023-09-centrifuge/blob/512e7a71ebd9ae76384f837204216f26380c9f91/src/InvestmentManager.sol#L329-L332   # Vulnerability details  ## Description The `convertToShares` function calculates the number of shares based on the provided assets and the ""latestPrice"" obtained from the liquidityPool. While the code may appear straightforward, there is a specific security concern related to divide-by-zero errors in this function.  ## Impact > Divide-by-Zero Risk"
code4rena,2023-09-centrifuge,671,users can mint TT tokens without locking/depositing any currency tokens,bug; 3 (High Risk); sufficient quality report; unsatisfactory; duplicate-424,Other,# Lines of code  https://github.com/code-423n4/2023-09-centrifuge/blob/512e7a71ebd9ae76384f837204216f26380c9f91/src/LiquidityPool.sol#L214-L217 https://github.com/code-423n4/2023-09-centrifuge/blob/512e7a71ebd9ae76384f837204216f26380c9f91/src/gateway/routers/axelar/Router.sol#L73-L86 https://github.com/code-423n4/2023-09-centrifuge/blob/512e7a71ebd9ae76384f837204216f26380c9f91/src/LiquidityPool.sol#L214-L216 https://github.com/code-423n4/2023-09-centrifuge/blob/512e7a71ebd9ae76384f837204216f2638
code4rena,2023-09-centrifuge,668,`approve` function can be frontrun and funds will be stolen as a result,bug; 3 (High Risk); sufficient quality report; unsatisfactory; duplicate-145,Fund Theft,# Lines of code  https://github.com/code-423n4/2023-09-centrifuge/blob/512e7a71ebd9ae76384f837204216f26380c9f91/src/token/ERC20.sol#L131-L137 https://github.com/code-423n4/2023-09-centrifuge/blob/512e7a71ebd9ae76384f837204216f26380c9f91/src/token/ERC20.sol#L106-L129   # Vulnerability details  ## Impact The user that gives allowances will lose funds.  ## Proof of Concept In the file `ERC20.sol` there is a function `approve`. This function is problematic as it is susceptible to frontrunning attack
code4rena,2023-09-centrifuge,640,Blocking `assets`/`shares` in `escrow`,bug; 3 (High Risk); low quality report; unsatisfactory; duplicate-360,"Deposit, Share Manipulation",# Lines of code  https://github.com/code-423n4/2023-09-centrifuge/blob/512e7a71ebd9ae76384f837204216f26380c9f91/src/InvestmentManager.sol#L117-L141 https://github.com/code-423n4/2023-09-centrifuge/blob/512e7a71ebd9ae76384f837204216f26380c9f91/src/InvestmentManager.sol#L148-L172   # Vulnerability details  ## Impact An investor can lose a part of `assets` or `shares` due to their blocking in `escrow`.  ## Proof of Concept Suppose the user decided to invest an amount of assets which is more than `t
code4rena,2023-09-centrifuge,633,Any user can drain the escrow contract by calling `decreaseDepositRequest` with more amount than they deposited into the escrow while requesting.,bug; 3 (High Risk); sufficient quality report; unsatisfactory; duplicate-205,"Deposit, Fund Drain","# Lines of code  https://github.com/code-423n4/2023-09-centrifuge/blob/512e7a71ebd9ae76384f837204216f26380c9f91/src/LiquidityPool.sol#L247-L250 https://github.com/code-423n4/2023-09-centrifuge/blob/512e7a71ebd9ae76384f837204216f26380c9f91/src/InvestmentManager.sol#L174-L185   # Vulnerability details  ## Impact  In the protocol, users submit deposit requests to the Centrifuge gateway for depositing assets into the Liquidity Pools. There is also a mechanism to decrease this deposit order by callin"
code4rena,2023-09-centrifuge,611,Users may not redeem the their tranche tokens and suffer loss.,bug; 3 (High Risk); high quality report; primary issue; sponsor disputed; unsatisfactory,"Deposit, Share Manipulation","# Lines of code  https://github.com/code-423n4/2023-09-centrifuge/blob/6e735d42c1e0cfe52bbbd74f0e8b0c3541073060/src/InvestmentManager.sol#L167 https://github.com/code-423n4/2023-09-centrifuge/blob/6e735d42c1e0cfe52bbbd74f0e8b0c3541073060/src/InvestmentManager.sol#L272 https://github.com/code-423n4/2023-09-centrifuge/blob/6e735d42c1e0cfe52bbbd74f0e8b0c3541073060/src/InvestmentManager.sol#L273   # Vulnerability details  ## Impact  In case of the stablecoin depegging, users may may not redeem the t"
code4rena,2023-09-centrifuge,609, Relying on string comparisons to determine which parameter to update in the file() function is brittle and could lead to unintended consequences.,bug; 3 (High Risk); low quality report; primary issue; unsatisfactory,Other,"# Lines of code  https://github.com/code-423n4/2023-09-centrifuge/blob/512e7a71ebd9ae76384f837204216f26380c9f91/src/PoolManager.sol#L120-L125   # Vulnerability details  ## Impact This can allow unintentionally changing sensitive state variables  ## Proof of Concept The vulnerability arises because:  file() relies on a simple string comparison of the what parameter to determine which state variable to update. A developer could accidentally type ""investmenManager"" instead of ""investmentManager"". T"
code4rena,2023-09-centrifuge,608,InvestmentManager.requestDeposit Arbitrary send erc20,bug; 3 (High Risk); low quality report; unsatisfactory; duplicate-120,Deposit,"# Lines of code  https://github.com/code-423n4/2023-09-centrifuge/blob/main/src/InvestmentManager.sol#L117-L141 https://github.com/code-423n4/2023-09-centrifuge/blob/main/src/InvestmentManager.sol#L136   # Vulnerability details  ## Impact InvestmentManager.requestDeposit. In this function, the SafeTransferLib.safeTransferFrom function is called with an arbitrary from address. This means that the attacker can control who the tokens are transferred from.  ## Proof of Concept https://github.com/cod"
code4rena,2023-09-centrifuge,603,https://github.com/code-423n4/2023-09-centrifuge/blob/main/src/InvestmentManager.sol#L467-L480,bug; 3 (High Risk); low quality report; unsatisfactory; duplicate-2,Deposit,"# Lines of code  https://github.com/code-423n4/2023-09-centrifuge/blob/main/src/InvestmentManager.sol#L474-L477   # Vulnerability details  ## Impact  In this function InvestmentManager._deposit, the require statement calls the lPool.transferFrom function with an arbitrary from address. This means that the attacker can control who the tokens are transferred from.  ## Proof of Concept https://github.com/code-423n4/2023-09-centrifuge/blob/main/src/InvestmentManager.sol#L467-L480 https://github.com/"
code4rena,2023-09-centrifuge,596,Vulnerability: An Attacker can steal Tranche Tokens and Drain the Pool   / Contract: InvestmentManager.,bug; 3 (High Risk); sufficient quality report; unsatisfactory; duplicate-205,"Collateral, Deposit, Withdraw",# Lines of code  https://github.com/code-423n4/2023-09-centrifuge/blob/512e7a71ebd9ae76384f837204216f26380c9f91/src/InvestmentManager.sol#L117-L141 https://github.com/code-423n4/2023-09-centrifuge/blob/512e7a71ebd9ae76384f837204216f26380c9f91/src/InvestmentManager.sol#L234-L253 https://github.com/code-423n4/2023-09-centrifuge/blob/512e7a71ebd9ae76384f837204216f26380c9f91/src/InvestmentManager.sol#L277-L292   # Vulnerability details  ## Impact An Attacker can mint Tranche Tokens for free and use 
code4rena,2023-09-centrifuge,592,Transactions could be frontrun to deposit assets and collect shares between the deposit request and collection,bug; 3 (High Risk); low quality report; unsatisfactory; duplicate-375,"Deposit, Share Manipulation","# Lines of code  https://github.com/code-423n4/2023-09-centrifuge/blob/512e7a71ebd9ae76384f837204216f26380c9f91/src/LiquidityPool.sol#L214-L217 https://github.com/code-423n4/2023-09-centrifuge/blob/512e7a71ebd9ae76384f837204216f26380c9f91/src/LiquidityPool.sol#L259-L262   # Vulnerability details  ## Impact Attacker can spoof deposit to get free shares.  ## Proof of Concept requestDeposit() - Requests a deposit, locks up the assets.  collectDeposit() - Collects the shares after deposit execution."
code4rena,2023-09-centrifuge,582,arbitrary sending erc20 ,bug; 3 (High Risk); low quality report; unsatisfactory; duplicate-2,Other,"# Lines of code  https://github.com/code-423n4/2023-09-centrifuge/blob/main/src/InvestmentManager.sol#L277-L292 https://github.com/code-423n4/2023-09-centrifuge/blob/main/src/InvestmentManager.sol#L291   # Vulnerability details  ## Impact The InvestmentManager contract may be vulnerable to two security flaws. The transferFrom method is invoked with an arbitrary from address in InvestmentManager.requestRedeem. As a result, the attacker has control over who transfers the tokens. With an arbitrary "
code4rena,2023-09-centrifuge,581,the pool could burn tokens without redeeming currency to artificially alter the price,bug; 3 (High Risk); sufficient quality report; unsatisfactory; duplicate-552,Deposit,"# Lines of code  https://github.com/code-423n4/2023-09-centrifuge/blob/512e7a71ebd9ae76384f837204216f26380c9f91/src/InvestmentManager.sol#L584-L589   # Vulnerability details  ## Impact It negatively impacts the deposit/redeem prices for users  ## Proof of Concept This is possible because _updateLiquidityPoolPrice relies on the payout amounts passed in to calculate the new price, but does not verify that a corresponding currency redemption happened The vulnerable code is _updateLiquidityPoolPrice"
code4rena,2023-09-centrifuge,573,Arbitrary from in transferFrom,bug; 3 (High Risk); low quality report; unsatisfactory; duplicate-2,Other,"# Lines of code  https://github.com/code-423n4/2023-09-centrifuge/blob/main/src/InvestmentManager.sol#L148-L172 https://github.com/code-423n4/2023-09-centrifuge/blob/main/src/InvestmentManager.sol#L167   # Vulnerability details  ## Impact In the function InvestmentManager.requestRedeem, the transferFrom function is called with an arbitrary from address. This means that the attacker can control who the tokens are transferred from.  ## Proof of Concept Your Solidity contract code has a flaw that l"
code4rena,2023-09-centrifuge,569,vulnerability in calculateDepositPrice because it does not validate that maxMint is greater than 0,bug; 3 (High Risk); low quality report; unsatisfactory; duplicate-375,Deposit,"# Lines of code  https://github.com/code-423n4/2023-09-centrifuge/blob/512e7a71ebd9ae76384f837204216f26380c9f91/src/InvestmentManager.sol#L552-L555   # Vulnerability details  ## Impact This can block new deposits by setting the price to 0 when it should not be.  ## Proof of Concept It assumes that if maxMint is 0, there have been no deposits yet. But an attacker could manipulate maxMint to be 0 even after deposits have occurred, by: 1. Calling requestDeposit and collectInvest to set maxMint > 0 "
code4rena,2023-09-centrifuge,565,The contract does not have a function to withdraw tokens that are sent to it,bug; 3 (High Risk); low quality report; primary issue; unsatisfactory,"Withdraw, Fund Loss","# Lines of code  https://github.com/code-423n4/2023-09-centrifuge/blob/main/src/Escrow.sol#L6   # Vulnerability details  ## Impact The contract does not have a function to withdraw tokens that are sent to it.  It can lead to permanent loss of funds if tokens are sent to the contract by mistake  ## Proof of Concept  An escrow contract typically holds funds or tokens until certain conditions are met, after which the funds are released. However, in this contract, there is no function defined that a"
code4rena,2023-09-centrifuge,563,The contract does not track the total supply of the liquidity pool tokens. This could allow the pool to artificially mint tokens without additional deposits in order to manipulate the token price,bug; 3 (High Risk); low quality report; unsatisfactory; duplicate-375,Deposit,# Lines of code  https://github.com/code-423n4/2023-09-centrifuge/blob/512e7a71ebd9ae76384f837204216f26380c9f91/src/InvestmentManager.sol#L579-L582   # Vulnerability details  ## Impact This allows manipulating the price without additional deposits.  ## Proof of Concept The contract does not track the total supply of the liquidity pool tokens. This could allow the pool to artificially mint tokens without additional deposits in order to manipulate the token price  The vulnerability comes from the 
code4rena,2023-09-centrifuge,553,Tranch tokens can be burnt and unrecoverable if user sends invalid destinationAddress in `transferTrancheTokensToEVM`,bug; 3 (High Risk); low quality report; unsatisfactory; duplicate-78,Other,# Lines of code  https://github.com/code-423n4/2023-09-centrifuge/blob/main/src/gateway/Gateway.sol#L316-L317 https://github.com/code-423n4/2023-09-centrifuge/blob/main/src/PoolManager.sol#L149-L163 https://github.com/code-423n4/2023-09-centrifuge/blob/main/src/PoolManager.sol#L272-L275   # Vulnerability details  ## Summary There is no validation (or apparent refundability) on the destinationAddress sent in the `transferTrancheTokensToEVM` function in PoolManager. This results in the ability for
code4rena,2023-09-centrifuge,547,simply taking the ratio of maxDeposit and maxMint to calculate the deposit price  could allow manipulation,bug; 3 (High Risk); sufficient quality report; unsatisfactory; duplicate-552,"Deposit, Withdraw",# Lines of code  https://github.com/code-423n4/2023-09-centrifuge/blob/512e7a71ebd9ae76384f837204216f26380c9f91/src/InvestmentManager.sol#L557 https://github.com/code-423n4/2023-09-centrifuge/blob/512e7a71ebd9ae76384f837204216f26380c9f91/src/InvestmentManager.sol#L566 https://github.com/code-423n4/2023-09-centrifuge/blob/512e7a71ebd9ae76384f837204216f26380c9f91/src/InvestmentManager.sol#L569-L572   # Vulnerability details  ## Impact This could let users get unfair rates on deposit/redeem  ## Pro
code4rena,2023-09-centrifuge,544,Arbitrary from in transferFrom,bug; 3 (High Risk); low quality report; unsatisfactory; duplicate-374,Other,"# Lines of code  https://github.com/code-423n4/2023-09-centrifuge/blob/main/src/InvestmentManager.sol#L294-L316 https://github.com/code-423n4/2023-09-centrifuge/blob/main/src/InvestmentManager.sol#L312-L315   # Vulnerability details  ## Impact  The transferFrom function is called in the handleExecutedDecreaseRedeemOrder function with address(escrow) as the from address. This indicates that the escrow account, rather than the sender of the current transaction, will be the one transferring the tra"
code4rena,2023-09-centrifuge,534,Token Transfer Assumption Vulnerability.,bug; 3 (High Risk); low quality report; unsatisfactory; duplicate-3,Other,"# Lines of code  https://github.com/code-423n4/2023-09-centrifuge/blob/512e7a71ebd9ae76384f837204216f26380c9f91/src/InvestmentManager.sol#L474-L477   # Vulnerability details  ## Impact   **Vulnerability Overview:**  There exists a significant vulnerability related to the assumption of token transfers. Throughout the contract, there are multiple instances where token transfers are performed without thoroughly checking the return values of these transfers. This assumption can be highly problematic"
code4rena,2023-09-centrifuge,533,`LiquidityPool` contract tokens can be stolen by anyone,bug; 3 (High Risk); low quality report; unsatisfactory; duplicate-2,"Share Manipulation, Fund Theft",# Lines of code  https://github.com/code-423n4/2023-09-centrifuge/blob/512e7a71ebd9ae76384f837204216f26380c9f91/src/LiquidityPool.sol#L295-L299 https://github.com/code-423n4/2023-09-centrifuge/blob/512e7a71ebd9ae76384f837204216f26380c9f91/src/LiquidityPool.sol#L301-L305 https://github.com/code-423n4/2023-09-centrifuge/blob/512e7a71ebd9ae76384f837204216f26380c9f91/src/LiquidityPool.sol#L307-L311   # Vulnerability details  ## Impact  - `LiquidityPool` contract has three functions (similar in desig
code4rena,2023-09-centrifuge,531,Not normalizing the raw uint128 values to a common precision could cause a loss of precision in the price calculations.,bug; 3 (High Risk); low quality report; unsatisfactory,Precision,# Lines of code  https://github.com/code-423n4/2023-09-centrifuge/blob/512e7a71ebd9ae76384f837204216f26380c9f91/src/InvestmentManager.sol#L579-L581 https://github.com/code-423n4/2023-09-centrifuge/blob/512e7a71ebd9ae76384f837204216f26380c9f91/src/InvestmentManager.sol#L569-L581   # Vulnerability details  ## Impact The raw values would produce an incorrect price due to mismatch in decimals.  ## Proof of Concept Not normalizing the raw uint128 values to a common precision could cause a loss of pre
code4rena,2023-09-centrifuge,530,"Vulnerability in the membership check function, allowing attackers to bypass membership checks and perform actions they should not be allowed to execute.",bug; 3 (High Risk); low quality report; unsatisfactory,"Deposit, Withdraw, Fund Loss","# Lines of code  https://github.com/code-423n4/2023-09-centrifuge/blob/512e7a71ebd9ae76384f837204216f26380c9f91/src/InvestmentManager.sol#L657-L660   # Vulnerability details  ## Impact  - Attackers can bypass membership checks and perform actions they should not be allowed to execute. - Unauthorized withdrawals can lead to a loss of assets within the liquidity pool. - The vulnerability compromises the integrity of the smart contract, undermining its security features.  **Vulnerability Overview:*"
code4rena,2023-09-centrifuge,524,Lack of explicit initialization checks in the constructor. contract initialization.,bug; 3 (High Risk); low quality report; unsatisfactory; duplicate-29,Other,"# Lines of code  https://github.com/code-423n4/2023-09-centrifuge/blob/512e7a71ebd9ae76384f837204216f26380c9f91/src/InvestmentManager.sol#L88-L94   # Vulnerability details  ## Impact  In the `InvestmentManager`, there's a vulnerability related to contract initialization, has been identified. This vulnerability poses a significant security risk to the contract and its users. The issue revolves around the absence of explicit initialization checks in the constructor, making it susceptible to exploi"
code4rena,2023-09-centrifuge,523,Reentrancy Vulnerability in `requestDeposit` and `requestRedeem` Functions of InvestmentManager Contract.,bug; 3 (High Risk); low quality report; unsatisfactory; duplicate-159,"Deposit, Reentrancy",# Lines of code  https://github.com/code-423n4/2023-09-centrifuge/blob/512e7a71ebd9ae76384f837204216f26380c9f91/src/InvestmentManager.sol#L136 https://github.com/code-423n4/2023-09-centrifuge/blob/512e7a71ebd9ae76384f837204216f26380c9f91/src/InvestmentManager.sol#L167   # Vulnerability details  Description:  The InvestmentManager contract contains a high-severity reentrancy vulnerability in its `requestDeposit` and `requestRedeem` functions. These vulnerabilities could potentially allow an attac
code4rena,2023-09-centrifuge,514,`Root` contract ward can deny himself leaving the contract inaccessible,bug; 3 (High Risk); low quality report; unsatisfactory; duplicate-55,Other,# Lines of code  https://github.com/code-423n4/2023-09-centrifuge/blob/512e7a71ebd9ae76384f837204216f26380c9f91/src/util/Auth.sol#L20-L23   # Vulnerability details  ## Impact  - Centrifuge protocol authenticates addresses using the ward pattern; where addresses can be relied or denied to get access to some privilaged functionalities in the contracts that inherits the `Auth` contract.  - The `Root` contract is set as a ward on all other contracts.  - All the functionalities in the `Root` contract
code4rena,2023-09-centrifuge,512,Vulnerability if trancheTokensPayout is 0 in the handleExecutedCollectInvest function.,bug; 3 (High Risk); low quality report; unsatisfactory; duplicate-375,Deposit,# Lines of code  https://github.com/code-423n4/2023-09-centrifuge/blob/512e7a71ebd9ae76384f837204216f26380c9f91/src/InvestmentManager.sol#L242   # Vulnerability details  ## Impact This can artificially increase the deposit limits and misrepresent the total deposits  ## Proof of Concept The require check only verifies that currencyPayout is non-zero. There is no check on trancheTokensPayout. This could allow an attacker to call the function with: • currencyPayout > 0 • trancheTokensPayout = 0 In 
code4rena,2023-09-centrifuge,502,`decreaseDepositRequest()` and `handleExecutedDecreaseInvestOrder()` lack financial bookeeping present in other functions,bug; 3 (High Risk); sufficient quality report; unsatisfactory; duplicate-205,"Deposit, Fund Drain","# Lines of code  https://github.com/code-423n4/2023-09-centrifuge/blob/512e7a71ebd9ae76384f837204216f26380c9f91/src/InvestmentManager.sol#L174-L185 https://github.com/code-423n4/2023-09-centrifuge/blob/512e7a71ebd9ae76384f837204216f26380c9f91/src/InvestmentManager.sol#L277-L292   # Vulnerability details  ### Impact The functions `decreaseDepositRequest()` and `handleExecutedDecreaseInvestOrder()` lack the necessary bookeeping for proper functionality. Hence, malicious users may use this function"
code4rena,2023-09-centrifuge,501,Checking only one value for zero could allow manipulation of the deposit price calculation.,bug; 3 (High Risk); low quality report; unsatisfactory; duplicate-375,Deposit,# Lines of code  https://github.com/code-423n4/2023-09-centrifuge/blob/512e7a71ebd9ae76384f837204216f26380c9f91/src/InvestmentManager.sol#L552-L554   # Vulnerability details  ## Impact This can incorrectly value deposits.  ## Proof of Concept It concludes a deposit price of 0 means no deposits yet. But a manipulated orderbook could set maxDeposit non-zero and maxMint to 0 to produce an incorrect 0 price  The relevant code is in calculateDepositPrice: https://github.com/code-423n4/2023-09-centrif
code4rena,2023-09-centrifuge,500,Lack of proper validation checks when approving token transfers on behalf of users in the `requestDepositWithPermit` and `requestRedeemWithPermit` functions.,bug; 3 (High Risk); low quality report; unsatisfactory; duplicate-78,Deposit,"# Lines of code  https://github.com/code-423n4/2023-09-centrifuge/blob/512e7a71ebd9ae76384f837204216f26380c9f91/src/LiquidityPool.sol#L223-L226 https://github.com/code-423n4/2023-09-centrifuge/blob/512e7a71ebd9ae76384f837204216f26380c9f91/src/LiquidityPool.sol#L240-L242   # Vulnerability details  ## Impact  Unauthorized token transfers, can result in financial losses for users of the contract.  ## Proof of Concept  There are calls to approve token transfers on behalf of users, which could potent"
code4rena,2023-09-centrifuge,499,Unchecked Token Transfers.,bug; 3 (High Risk); low quality report; unsatisfactory; duplicate-3,Share Manipulation,# Lines of code  https://github.com/code-423n4/2023-09-centrifuge/blob/512e7a71ebd9ae76384f837204216f26380c9f91/src/LiquidityPool.sol#L295-L299 https://github.com/code-423n4/2023-09-centrifuge/blob/512e7a71ebd9ae76384f837204216f26380c9f91/src/LiquidityPool.sol#L301-L305 https://github.com/code-423n4/2023-09-centrifuge/blob/512e7a71ebd9ae76384f837204216f26380c9f91/src/LiquidityPool.sol#L307-L311   # Vulnerability details  ## Impact  Malicious users or smart contracts can craft and send arbitrary 
code4rena,2023-09-centrifuge,497,No validation or verification of the source of the funds being collected.,bug; 3 (High Risk); low quality report; unsatisfactory; duplicate-78,Deposit,"# Lines of code  https://github.com/code-423n4/2023-09-centrifuge/blob/512e7a71ebd9ae76384f837204216f26380c9f91/src/LiquidityPool.sol#L259-L262 https://github.com/code-423n4/2023-09-centrifuge/blob/512e7a71ebd9ae76384f837204216f26380c9f91/src/LiquidityPool.sol#L265-L268   # Vulnerability details  ## Impact  The `collectDeposit` and `collectRedeem` functions can be used to recover deposited assets. However, these functions don't verify the source of the funds. If a malicious user or contract inte"
code4rena,2023-09-centrifuge,495," Reentrancy in `transfer` and `transferFrom` functions could lead to an attacker to repeatedly withdraw tokens, potentially draining the contract's token balance.",bug; 3 (High Risk); low quality report; unsatisfactory; duplicate-159,"Deposit, Withdraw, Share Manipulation","# Lines of code  https://github.com/code-423n4/2023-09-centrifuge/blob/512e7a71ebd9ae76384f837204216f26380c9f91/src/LiquidityPool.sol#L301-L305 https://github.com/code-423n4/2023-09-centrifuge/blob/512e7a71ebd9ae76384f837204216f26380c9f91/src/LiquidityPool.sol#L295-L299   # Vulnerability details  ## Impact  It can lead to a significant loss of tokens for users of the `LiquidityPool` contract an attacker can repeatedly withdraw tokens, potentially draining the contract's token balance.  ## Proof "
code4rena,2023-09-centrifuge,492,Price Manipulation in Asset to Share Conversion.,bug; 3 (High Risk); low quality report; unsatisfactory; duplicate-552,Share Manipulation,"# Lines of code  https://github.com/code-423n4/2023-09-centrifuge/blob/512e7a71ebd9ae76384f837204216f26380c9f91/src/LiquidityPool.sol#L115-L120 https://github.com/code-423n4/2023-09-centrifuge/blob/512e7a71ebd9ae76384f837204216f26380c9f91/src/LiquidityPool.sol#L122-L127   # Vulnerability details  ## Impact  An attacker, who is also the contract owner, can manipulate the `latestPrice` variable within the LiquidityPool contract to exploit the asset to share conversion functions. The attacker artif"
code4rena,2023-09-centrifuge,491,Lack of Price Validation and Potential Manipulation.,bug; 3 (High Risk); sufficient quality report; unsatisfactory; duplicate-552,Other,# Lines of code  https://github.com/code-423n4/2023-09-centrifuge/blob/512e7a71ebd9ae76384f837204216f26380c9f91/src/LiquidityPool.sol#L324-L328   # Vulnerability details  ## Impact  - Users relying on the `latestPrice` within the contract can make decisions based on incorrect and manipulated price data. - The attacker can gain an unfair advantage by exploiting the discrepancies between the manipulated `latestPrice` and the actual market price. - Such actions can result in financial losses for le
code4rena,2023-09-centrifuge,485,Dos in the withdraw function can enter an infinite loop.,bug; 3 (High Risk); low quality report; primary issue; unsatisfactory,"Withdraw, Share Manipulation, DoS","# Lines of code  https://github.com/code-423n4/2023-09-centrifuge/blob/512e7a71ebd9ae76384f837204216f26380c9f91/src/LiquidityPool.sol#L176-L184   # Vulnerability details   ## Impact  If the `processWithdraw` function enters an infinite loop, it can block the `LiquidityPool` contract, preventing it from functioning correctly and potentially causing a DoS scenario.  ## Proof of Concept  In the [`withdraw`](https://github.com/code-423n4/2023-09-centrifuge/blob/512e7a71ebd9ae76384f837204216f26380c9f"
code4rena,2023-09-centrifuge,483,Denial-of-Service Vulnerability in LiquidityPool's deposit Function.,bug; 3 (High Risk); low quality report; unsatisfactory; duplicate-485,"Deposit, Share Manipulation, DoS","# Lines of code  https://github.com/code-423n4/2023-09-centrifuge/blob/512e7a71ebd9ae76384f837204216f26380c9f91/src/LiquidityPool.sol#L142 https://github.com/code-423n4/2023-09-centrifuge/blob/512e7a71ebd9ae76384f837204216f26380c9f91/src/LiquidityPool.sol#L141-L144   # Vulnerability details  ## Impact  The `deposit` function could become unresponsive, leading to a denial-of-service (DoS) situation.  ## Proof of Concept  In the [`deposit`](https://github.com/code-423n4/2023-09-centrifuge/blob/512"
code4rena,2023-09-centrifuge,482,Reentrancy in `requestDeposit` and `requestRedeem` Functions.,bug; 3 (High Risk); low quality report; unsatisfactory; duplicate-159,"Deposit, Share Manipulation, Reentrancy","# Lines of code  https://github.com/code-423n4/2023-09-centrifuge/blob/512e7a71ebd9ae76384f837204216f26380c9f91/src/LiquidityPool.sol#L214-L217 https://github.com/code-423n4/2023-09-centrifuge/blob/512e7a71ebd9ae76384f837204216f26380c9f91/src/LiquidityPool.sol#L231-L234   # Vulnerability details  ## Impact Detailed description of the impact of this finding.  ## Proof of Concept  These functions make external calls to `investmentManager` without using a reentrancy guard, which could potentially l"
code4rena,2023-09-centrifuge,476,User's shares can be taken away by approved spenders,bug; 3 (High Risk); primary issue; sufficient quality report; unsatisfactory,"Deposit, Share Manipulation",# Lines of code  https://github.com/code-423n4/2023-09-centrifuge/blob/512e7a71ebd9ae76384f837204216f26380c9f91/src/LiquidityPool.sol#L139-L152   # Vulnerability details  ## Impact  Users can get their tranche tokens by call deposit() or mint() after the orders were fulfilled (partially or in full). There are two params: shares and receiver. **receiver** is the account that tranche tokens will be transferred to. https://github.com/code-423n4/2023-09-centrifuge/blob/main/src/LiquidityPool.sol#L13
code4rena,2023-09-centrifuge,474,The order of operations in handleExecutedCollectInvest could  be manipulated due to increasing limits before minting tokens,bug; 3 (High Risk); sufficient quality report; unsatisfactory; duplicate-552,Deposit,# Lines of code  https://github.com/code-423n4/2023-09-centrifuge/blob/512e7a71ebd9ae76384f837204216f26380c9f91/src/InvestmentManager.sol#L268-L270 https://github.com/code-423n4/2023-09-centrifuge/blob/512e7a71ebd9ae76384f837204216f26380c9f91/src/InvestmentManager.sol#L273   # Vulnerability details  ## Impact This can allow an attacker to artificially inflate their limits without actually depositing   ## Proof of Concept The order of operations in handleExecutedCollectInvest could also be manipu
code4rena,2023-09-centrifuge,464,The order of operations in handleExecutedCollectRedeem is vulnerable to manipulation,bug; 3 (High Risk); sufficient quality report; unsatisfactory; duplicate-552,Withdraw,"# Lines of code  https://github.com/code-423n4/2023-09-centrifuge/blob/512e7a71ebd9ae76384f837204216f26380c9f91/src/InvestmentManager.sol#L272 https://github.com/code-423n4/2023-09-centrifuge/blob/512e7a71ebd9ae76384f837204216f26380c9f91/src/InvestmentManager.sol#L269-L270   # Vulnerability details  ## Impact This can let an attacker redeem tokens, increase allowances, then block the payout transfer  ## Proof of Concept The order of operations in handleExecutedCollectRedeem is vulnerable to mani"
code4rena,2023-09-centrifuge,455,The tranche tokens being redeemed are not actually burned in the processRedeem function. They are only assumed to have already been burned. This could allow an attacker to double redeem the same tokens.,bug; 3 (High Risk); low quality report; unsatisfactory; duplicate-375,Fund Theft,"# Lines of code  https://github.com/code-423n4/2023-09-centrifuge/blob/512e7a71ebd9ae76384f837204216f26380c9f91/src/InvestmentManager.sol#L489-L507   # Vulnerability details  ## Impact This could allow an attacker to double redeem the same tokens  ## Proof of Concept The key code is in processRedeem: It assumes _trancheTokenAmount was already burned by the Gateway contract's handleExecutedCollectRedeem call. But an attacker could: 1. Call processRedeem for 100 tokens, redeeming them for currency"
code4rena,2023-09-centrifuge,448,Pausing the `Root` does not pause the redemption of tranch tokens that have been approved through the router,bug; 3 (High Risk); low quality report; unsatisfactory; duplicate-201,Deposit,"# Lines of code  https://github.com/code-423n4/2023-09-centrifuge/blob/512e7a71ebd9ae76384f837204216f26380c9f91/src/LiquidityPool.sol#L200-L208 https://github.com/code-423n4/2023-09-centrifuge/blob/512e7a71ebd9ae76384f837204216f26380c9f91/src/InvestmentManager.sol#L489-L507   # Vulnerability details  ## Impact In case a router has been compromised as stated in the scenarios in the documentation, the hacker can send malicious `executedCollectInvest` messages that increase the max deposit value fo"
code4rena,2023-09-centrifuge,447,`PoolManager.handleTransfer` will be out of fund when outgoing fund is more than incoming fund.,bug; 3 (High Risk); sufficient quality report; unsatisfactory,Other,# Lines of code  https://github.com/code-423n4/2023-09-centrifuge/blob/main/src/PoolManager.sol#L257-L263 https://github.com/code-423n4/2023-09-centrifuge/blob/main/src/PoolManager.sol#L127-L134 https://github.com/code-423n4/2023-09-centrifuge/blob/main/test/PoolManager.t.sol#L109-L138   # Vulnerability details  ## Impact Users cannot be confirmed to receive incoming tokens from other evm chains.  Tranche tokens can be transferred through Axelar gateway but the gateway contract mints and burns t
code4rena,2023-09-centrifuge,443,The implementation of UserEscrow.transferOut may cause the token of destination to be stolen by the receiver,bug; 3 (High Risk); sufficient quality report; unsatisfactory; duplicate-217,Withdraw,"# Lines of code  https://github.com/code-423n4/2023-09-centrifuge/blob/main/src/UserEscrow.sol#L43   # Vulnerability details  ## Impact  User withdraws assets via [LiquidityPool.withdraw](https://github.com/code-423n4/2023-09-centrifuge/blob/main/src/LiquidityPool.sol#L176)/[redeem](https://github.com/code-423n4/2023-09-centrifuge/blob/main/src/LiquidityPool.sol#L200), which can specify a receiver to receive assets and ultimately [send assets to the receiver via userEscrow.transferOut](https://g"
code4rena,2023-09-centrifuge,437,Any user can withdraw assets from the pool without their address having assets in the pool.,bug; 3 (High Risk); low quality report; unsatisfactory; duplicate-375,"Deposit, Withdraw, Share Manipulation","# Lines of code  https://github.com/code-423n4/2023-09-centrifuge/blob/512e7a71ebd9ae76384f837204216f26380c9f91/src/LiquidityPool.sol#L176   # Vulnerability details  ## Impact Contract LiquidityPool.sol the method withdraw(uint256 assets, address receiver, address owner); Upon reviewing the smart contract, the withdrawal function currently permits any address to request an asset withdrawal without verifying if the address holds any assets in the pool. This may potentially create a security vulne"
code4rena,2023-09-centrifuge,432,Attackers can profit by controlling the timing of purchases based on price changes,bug; 3 (High Risk); sufficient quality report; unsatisfactory; edited-by-warden; duplicate-552,Deposit,"# Lines of code  https://github.com/code-423n4/2023-09-centrifuge/blob/main/src/LiquidityPool.sol#L141 https://github.com/code-423n4/2023-09-centrifuge/blob/main/src/InvestmentManager.sol#L252 https://github.com/code-423n4/2023-09-centrifuge/blob/main/src/InvestmentManager.sol#L174   # Vulnerability details  ## Impact Attackers can manipulate to keep themselves in perpetual profit.  ## Proof of Concept Since there is a time gap between the user's requestDeposit and deposit operations, the attack"
code4rena,2023-09-centrifuge,429," There is a conclusion in processRedeem and processWithdraw that the epoch has already been executed and the redemption order has been fulfilled on Centrifuge. If that has not happened, the redemption could improperly succeed or funds could be locked up.",bug; 3 (High Risk); low quality report; unsatisfactory; duplicate-26,Withdraw,# Lines of code  https://github.com/code-423n4/2023-09-centrifuge/blob/512e7a71ebd9ae76384f837204216f26380c9f91/src/InvestmentManager.sol#L148 https://github.com/code-423n4/2023-09-centrifuge/blob/512e7a71ebd9ae76384f837204216f26380c9f91/src/InvestmentManager.sol#L489-L491 https://github.com/code-423n4/2023-09-centrifuge/blob/512e7a71ebd9ae76384f837204216f26380c9f91/src/InvestmentManager.sol#L515-L517   # Vulnerability details  ## Impact This can allow premature redemption or lock up funds if th
code4rena,2023-09-centrifuge,424,handleExecuteDecrease functions don't update corresponding maxValues,bug; 3 (High Risk); primary issue; sufficient quality report; unsatisfactory,"Deposit, Withdraw",# Lines of code  https://github.com/code-423n4/2023-09-centrifuge/blob/512e7a71ebd9ae76384f837204216f26380c9f91/src/InvestmentManager.sol#L277-L292 https://github.com/code-423n4/2023-09-centrifuge/blob/512e7a71ebd9ae76384f837204216f26380c9f91/src/InvestmentManager.sol#L294-L316   # Vulnerability details  ## Impact `requestDeposit` function first send asset token and send message to centifiruge chain. If messae agreed by chain than `handleExecutedCollectInvest` called by router through gateaway. 
code4rena,2023-09-centrifuge,417,An attacker could manipulate the state of orderbook[user][liquidityPool] to get a more favorable redeem price.,bug; 3 (High Risk); sufficient quality report; unsatisfactory; duplicate-552,"Deposit, Withdraw","# Lines of code  https://github.com/code-423n4/2023-09-centrifuge/blob/512e7a71ebd9ae76384f837204216f26380c9f91/src/InvestmentManager.sol#L560-L567   # Vulnerability details  ## Impact This allows an attacker to exploit the pool by redeeming at above market rates.  ## Proof of Concept Specifically, the redeemPrice is calculated based on the maxWithdraw and maxRedeem values in orderbook[user][liquidityPool]: https://github.com/code-423n4/2023-09-centrifuge/blob/512e7a71ebd9ae76384f837204216f26380"
code4rena,2023-09-centrifuge,412,`mint()` function is public,bug; 3 (High Risk); low quality report; unsatisfactory; duplicate-375,Other,"# Lines of code  https://github.com/code-423n4/2023-09-centrifuge/blob/main/src/token/Tranche.sol#L72-L74   # Vulnerability details  ## Description  Anyone can invoke `mint()` function in `Tranche.sol` contract   ```solidity     function mint(address to, uint256 value) public override restricted(_msgSender(), to, value) {         return super.mint(to, value);     } ``` Due to, the invalid check in the `_msgSender()` function   ```solidity     function _msgSender() internal view virtual override "
code4rena,2023-09-centrifuge,408,users could steal funds by transferring tokens after previewRedeem then still redeeming.,bug; 3 (High Risk); low quality report; unsatisfactory; duplicate-375,Fund Theft,# Lines of code  https://github.com/code-423n4/2023-09-centrifuge/blob/512e7a71ebd9ae76384f837204216f26380c9f91/src/InvestmentManager.sol#L409-L419 https://github.com/code-423n4/2023-09-centrifuge/blob/512e7a71ebd9ae76384f837204216f26380c9f91/src/InvestmentManager.sol#L489-L507   # Vulnerability details  ## Impact users could steal funds by transferring tokens after previewRedeem then still redeeming.  ## Proof of Concept The key parts are: In previewRedeem and then in processRedeem   There is n
code4rena,2023-09-centrifuge,403,Unrestricted pool token minting,bug; 3 (High Risk); sufficient quality report; unsatisfactory; duplicate-354,Other,# Lines of code  https://github.com/code-423n4/2023-09-centrifuge/blob/512e7a71ebd9ae76384f837204216f26380c9f91/src/util/SafeTransferLib.sol#L18   # Vulnerability details  ## Impact   The safetransferfrom function does not check the balances before and after transfers. This can lead to unlimited token minting in that an attacker can provide a custom erc20 token with a modified transferfrom function in a way that it does not transfer tokens at all while the contract thinks a real value was transf
code4rena,2023-09-centrifuge,401,redeem price used in processRedeem will be different than the price used in previewRedeem if there are intervening deposits or redemptions that change maxWithdraw or maxRedeem. ,bug; 3 (High Risk); sufficient quality report; unsatisfactory; duplicate-552,"Deposit, Withdraw",# Lines of code  https://github.com/code-423n4/2023-09-centrifuge/blob/512e7a71ebd9ae76384f837204216f26380c9f91/src/InvestmentManager.sol#L415 https://github.com/code-423n4/2023-09-centrifuge/blob/512e7a71ebd9ae76384f837204216f26380c9f91/src/InvestmentManager.sol#L566   # Vulnerability details  ## Impact This could let a user redeem at a lower/higher price than expected based on previewRedeem.  ## Proof of Concept The redeem price used in processRedeem could be different than the price used in p
code4rena,2023-09-centrifuge,396,"maxRedeem can change between previewRedeem and processRedeem, which could lead to a failure in processRedeem if the trancheTokenAmount is now greater than the new maxRedeem value.",bug; 3 (High Risk); sufficient quality report; unsatisfactory,Other,# Lines of code  https://github.com/code-423n4/2023-09-centrifuge/blob/512e7a71ebd9ae76384f837204216f26380c9f91/src/InvestmentManager.sol#L409-L419 https://github.com/code-423n4/2023-09-centrifuge/blob/512e7a71ebd9ae76384f837204216f26380c9f91/src/InvestmentManager.sol#L409-L419 https://github.com/code-423n4/2023-09-centrifuge/blob/512e7a71ebd9ae76384f837204216f26380c9f91/src/InvestmentManager.sol#L414 https://github.com/code-423n4/2023-09-centrifuge/blob/512e7a71ebd9ae76384f837204216f26380c9f91/
code4rena,2023-09-centrifuge,385,All of the tranche tokens in Escrow.sol can be drained via decreaseRedeemRequest(),bug; 3 (High Risk); sufficient quality report; unsatisfactory; duplicate-205,"Share Manipulation, Fund Drain",# Lines of code  https://github.com/code-423n4/2023-09-centrifuge/blob/main/src/LiquidityPool.sol#L253   # Vulnerability details  ## Impact All of the tranche tokens currently in Escrow can be drained by a malicious user via `decreaseRedeemRequest()`. There is no check anywhere in the flow that the user submitted a redeem order before that or that the tranche tokens in Escrow actually belong to him. Any random user could call `decreaseRedeemRequest()` with an amount of shares of his choice and r
code4rena,2023-09-centrifuge,384,"The decrease of deposit limits happens before the transfer when processing a deposit. If the transfer fails, the limits will incorrectly be decreased.",bug; 3 (High Risk); low quality report; unsatisfactory; duplicate-375,Deposit,"# Lines of code  https://github.com/code-423n4/2023-09-centrifuge/blob/512e7a71ebd9ae76384f837204216f26380c9f91/src/InvestmentManager.sol#L472 https://github.com/code-423n4/2023-09-centrifuge/blob/512e7a71ebd9ae76384f837204216f26380c9f91/src/InvestmentManager.sol#L474-L476   # Vulnerability details  ## Impact This can block the user from depositing their full entitled amount  ## Proof of Concept The decrease of deposit limits is done before the transfer. If the transfer fails, the limits will st"
code4rena,2023-09-centrifuge,380,"When decreasing the request, it doesn't verify that the decreased amount was actually requested before. This can artificially increase the allowed redemptions.",bug; 3 (High Risk); low quality report; unsatisfactory; duplicate-375,Deposit,"# Lines of code  https://github.com/code-423n4/2023-09-centrifuge/blob/512e7a71ebd9ae76384f837204216f26380c9f91/src/InvestmentManager.sol#L174-L185 https://github.com/code-423n4/2023-09-centrifuge/blob/512e7a71ebd9ae76384f837204216f26380c9f91/src/InvestmentManager.sol#L187-L198   # Vulnerability details  ## Impact This can artificially increase the allowed redemptions  ## Proof of Concept When decreasing the request, it doesn't verify that the decreased amount was actually requested before. This"
code4rena,2023-09-centrifuge,375,Open orders can potentially prevent deposits/redemptions for a user indefinitely,bug; 3 (High Risk); low quality report; primary issue; unsatisfactory,Deposit,# Lines of code  https://github.com/code-423n4/2023-09-centrifuge/blob/512e7a71ebd9ae76384f837204216f26380c9f91/src/InvestmentManager.sol#L81 https://github.com/code-423n4/2023-09-centrifuge/blob/512e7a71ebd9ae76384f837204216f26380c9f91/src/InvestmentManager.sol#L430-L433 https://github.com/code-423n4/2023-09-centrifuge/blob/512e7a71ebd9ae76384f837204216f26380c9f91/src/InvestmentManager.sol#L454-L457   # Vulnerability details  ## Impact This can block that user from depositing or redeeming in th
code4rena,2023-09-centrifuge,372,Tokens can be stolen from depositors in  vaults by manipulating the price of a share.,bug; 3 (High Risk); low quality report; unsatisfactory; duplicate-75,"Deposit, Rounding, Vault",# Lines of code  https://github.com/code-423n4/2023-09-centrifuge/blob/512e7a71ebd9ae76384f837204216f26380c9f91/src/InvestmentManager.sol#L427-L441 https://github.com/code-423n4/2023-09-centrifuge/blob/512e7a71ebd9ae76384f837204216f26380c9f91/src/InvestmentManager.sol#L591-L603   # Vulnerability details  ## Proof of Concept  ERC4626 vaults are subject to a share price manipulation attack that allows an attacker to steal underlying tokens from other depositors. Consider this scenario:  Alice is t
code4rena,2023-09-centrifuge,369,No option to cancel a deposit request if user is no longer on the members list,bug; 3 (High Risk); low quality report; unsatisfactory; edited-by-warden; duplicate-151,Deposit,"# Lines of code  https://github.com/code-423n4/2023-09-centrifuge/blob/512e7a71ebd9ae76384f837204216f26380c9f91/src/InvestmentManager.sol#L117-L141 https://github.com/code-423n4/2023-09-centrifuge/blob/512e7a71ebd9ae76384f837204216f26380c9f91/src/InvestmentManager.sol#L174-L185   # Vulnerability details  ## Impact If a user has requested a deposit and lost his member status before the epoch of the RWA pool has ended, there is no way for him to cancel the deposit and since he is no longer on the "
code4rena,2023-09-centrifuge,368,Unchecked Call Return Value of transferFrom,bug; 3 (High Risk); low quality report; unsatisfactory; duplicate-3,Other,"# Lines of code  https://github.com/code-423n4/2023-09-centrifuge/blob/512e7a71ebd9ae76384f837204216f26380c9f91/src/InvestmentManager.sol#L167   # Vulnerability details  ## Impact In the function ```requestRedeem```, the ```transferFrom``` function of lPool is called to transfer tokens from the user to escrow. The ```transferFrom``` function has a return value, but its return value is not validated on line 167. This could potentially result in a failed token transfer, but the redemption operatio"
code4rena,2023-09-centrifuge,366,Error in Price Calculations can lead to incorrect price ,bug; 3 (High Risk); sufficient quality report; unsatisfactory; duplicate-552,Deposit,# Lines of code  https://github.com/code-423n4/2023-09-centrifuge/blob/512e7a71ebd9ae76384f837204216f26380c9f91/src/InvestmentManager.sol?plain=1#L560-L567   # Vulnerability details  ## Impact The error in the calculateRedeemPrice() function can lead to a return of an incorrect price. ## Proof of Concept The calculateDepositPrice() function calls the  _calculatePrice() function to calculate price and it in turn calls the _topricedecimals() which normalizes the decimal values of the deposit price
code4rena,2023-09-centrifuge,365,Users can have their funds locked indefinitely in escrow if deposits fail or orders are not fulfilled.,bug; 3 (High Risk); low quality report; unsatisfactory; duplicate-26,Deposit,# Lines of code  https://github.com/code-423n4/2023-09-centrifuge/blob/512e7a71ebd9ae76384f837204216f26380c9f91/src/InvestmentManager.sol#L136 https://github.com/code-423n4/2023-09-centrifuge/blob/512e7a71ebd9ae76384f837204216f26380c9f91/src/InvestmentManager.sol#L138   # Vulnerability details  ## Impact Users will have their funds locked indefinitely in escrow if deposits fail or orders are not fulfilled.  ## Proof of Concept The code does lock user funds in escrow before the deposit order is c
code4rena,2023-09-centrifuge,362,Incorrect Approval of Contracts in PoolManager.deployLiquidityPool,bug; 3 (High Risk); high quality report; primary issue; sponsor disputed; unsatisfactory; edited-by-warden,Other,# Lines of code  https://github.com/code-423n4/2023-09-centrifuge/blob/main/src/PoolManager.sol#L328-L329   # Vulnerability details  ## Impact The current implementation of the `deployLiquidityPool` function in the `PoolManager` contract incorrectly attempts to grant approval to the `investmentManager` and `liquidityPool` contracts to spend a non-token contract (`liquidityPool` itself). This not only does not achieve the intended behavior but will also lead to transaction reverts when the `inves
code4rena,2023-09-centrifuge,358,Missing check in `Root.denyContract()` if the contract removed as ward is the root itself,bug; 3 (High Risk); low quality report; unsatisfactory; duplicate-55,Other,"# Lines of code  https://github.com/code-423n4/2023-09-centrifuge/blob/512e7a71ebd9ae76384f837204216f26380c9f91/src/Root.sol#L98-L101   # Vulnerability details  ## Impact If the root removes itself as ward from contracts like `Gateway`, core update functionalities will not be executable any more  ## Proof of Concept The Root contract is ward for most of the contracts of the protocol and is used to manage the contracts and EOA that are wards for those contracts. This management is done by calling"
code4rena,2023-09-centrifuge,354,[H-05] `TranchToken.mint()`: Unrestricted mint function can allow arbritrary minting amounts ,bug; 3 (High Risk); high quality report; primary issue; sponsor disputed; unsatisfactory,Deposit,"# Lines of code  https://github.com/code-423n4/2023-09-centrifuge/blob/main/src/token/Tranche.sol#L35-L39 https://github.com/code-423n4/2023-09-centrifuge/blob/main/src/token/Tranche.sol#L72-L74   # Vulnerability details  ## Impact In the internal `_deposit()` function, it checks the validity of the investors ERC1404 membership whenever `LiquidityPool.deposit()/mint()` is called to claim tranche tokens from investment orders. The ERC1404 membership is required to be updated for users to execute "
code4rena,2023-09-centrifuge,353,[H-04] `InvestmentManager.requestDeposit()/requestRedeem()`: Cancelled deposit and redemption orders missing refund users token from escrow,bug; 3 (High Risk); low quality report; primary issue; unsatisfactory,Deposit,"# Lines of code  https://github.com/code-423n4/2023-09-centrifuge/blob/main/src/InvestmentManager.sol#L127-L133 https://github.com/code-423n4/2023-09-centrifuge/blob/main/src/InvestmentManager.sol#L159-L165   # Vulnerability details  ## Impact User can call `requestDeposit()/requestRedeem()`, to submit orders on the centrifgure chain orderbook to requestion deposits and redemptions. Here, users first transfer the required amount of currency/TT to the escrow contract, locking their funds.  There "
code4rena,2023-09-centrifuge,352,[H-03] `handleExecutedDecreaseRedeemOrder/handleExecutedDecreaseInvestOrder`: No update to receipient `lpValues` ,bug; 3 (High Risk); low quality report; unsatisfactory; duplicate-424,"Deposit, Share Manipulation",# Lines of code  https://github.com/code-423n4/2023-09-centrifuge/blob/main/src/InvestmentManager.sol#L234-L253 https://github.com/code-423n4/2023-09-centrifuge/blob/main/src/InvestmentManager.sol#L255-L275   # Vulnerability details  ## Impact Users can call `LiquidityPool.decreaseDepositRequest()` and `LiquidityPool.decreaseRedeemRequest()` to request decreasing outstanding deposit (investment) and redemption orders previously sent to the centrifuge orderbook respectively.  When the order is su
code4rena,2023-09-centrifuge,351,[H-02] `RestrictionManager.detectTransferRestriction()`: Incorrect implementation causes opposite checks ,bug; 3 (High Risk); low quality report; unsatisfactory,"Deposit, Share Manipulation","# Lines of code  https://github.com/code-423n4/2023-09-centrifuge/blob/main/src/token/RestrictionManager.sol#L49-L54   # Vulnerability details  ## Impact The `RestrictionManager.detectTransferRestriction()` is called whenever a liquidity pool wants to check if user is allowed/whitelisted to transfer TT for deposits/redemptions by admins. However, the logic is implemented incorrectly.  In `RestrictionManagerdetectTransferRestriction()`, it calls `hasMember()` to check the validity of users transf"
code4rena,2023-09-centrifuge,350,[H-01] `InvestmentManager.collectDeposit/collectRedeem`: Disallow manual collection of investment/redemption orders if already successfully executed,bug; 3 (High Risk); low quality report; primary issue; unsatisfactory,"Deposit, Withdraw","# Lines of code  https://github.com/code-423n4/2023-09-centrifuge/blob/main/src/InvestmentManager.sol#L200-L220   # Vulnerability details  ## Impact According to sponsor [here](https://discord.com/channels/810916927919620096/1148615978704453739/1150904610790309938), the function `LiquidityPool.collectDeposit()/collectRedeem()` is an unrestricted function exposed in case a deposit/redeem order executed on centrifuge chain does not occur successfully. But it does not have a mechanism to check that"
code4rena,2023-09-centrifuge,337,`transferTrancheTokens` under **PoolManager** can acidentlly make the tokens stuck in the contract,bug; 3 (High Risk); low quality report; unsatisfactory; edited-by-warden; duplicate-151,Other,# Lines of code  https://github.com/code-423n4/2023-09-centrifuge/blob/main/src/PoolManager.sol#L272-L275   # Vulnerability details  ## Impact Both [transferTrancheTokensToCentrifuge](https://github.com/code-423n4/2023-09-centrifuge/blob/main/src/PoolManager.sol#L136-L147) and [transferTrancheTokensToEVM](https://github.com/code-423n4/2023-09-centrifuge/blob/main/src/PoolManager.sol#L149-L163) transfer tranche tokens from one chain to another. However on the receiving end users can experience an
code4rena,2023-09-centrifuge,335,Centrifuge finding,invalid; 3 (High Risk); withdrawn by warden,Other,"# Lines of code  https://github.com/code-423n4/2023-09-centrifuge/blob/512e7a71ebd9ae76384f837204216f26380c9f91/src/Escrow.sol#L14   # Vulnerability details  ## Impact Detailed description of the impact of this finding.  ## Proof of Concept Provide direct links to all referenced code in GitHub. Add screenshots, logs, or any other relevant proof that illustrates the concept.  ## Tools Used  ## Recommended Mitigation Steps   ## Assessed type  Access Control"
code4rena,2023-09-centrifuge,332,Gateway Overload Risk,bug; 3 (High Risk); low quality report; primary issue; unsatisfactory,DoS,# Lines of code  https://github.com/code-423n4/2023-09-centrifuge/blob/main/src/PoolManager.sol#L128-L134   # Vulnerability details  ## Impact `transfer` does not check for `amount` 0.  ## Proof of Concept Since it does not check if `amount` is not 0 anyone can call it as much as he wants and overload the system and maybe cause a DOS since it forwards the call to the gateway and router.  ## Tools Used Manual  ## Recommended Mitigation Steps Check for 0 amount or a minimum amount to prevent DOS. 
code4rena,2023-09-centrifuge,330,A malicious member from investors list can steal funds from the `Escrow` contract,bug; 3 (High Risk); sufficient quality report; unsatisfactory; edited-by-warden; duplicate-205,Deposit,"# Lines of code  https://github.com/code-423n4/2023-09-centrifuge/blob/main/src/InvestmentManager.sol#L291   # Vulnerability details  ## Description  ```solidity // --- Asynchronous 4626 functions --- /// @notice Request asset deposit for a receiver to be included in the next epoch execution. /// @notice Request can only be called by the Owner of the assets or an authorized admin. ///         Asset is locked in the escrow on request submission function requestDeposit(uint256 assets, address owne"
code4rena,2023-09-centrifuge,324,DOS - Investors would not be able to collect shares of some tokens,bug; 3 (High Risk); low quality report; unsatisfactory; duplicate-3,"Deposit, Share Manipulation","# Lines of code  https://github.com/code-423n4/2023-09-centrifuge/blob/main/src/InvestmentManager.sol#L474-L477   # Vulnerability details  ## Description  ```solidity /// @notice Collect shares for deposited assets after Centrifuge epoch execution. ///         maxDeposit is the max amount of shares that can be collected. function deposit(uint256 assets, address receiver) public returns (uint256 shares) {     shares = investmentManager.processDeposit(receiver, assets);      emit Deposit(address(t"
code4rena,2023-09-centrifuge,322,"not implementing the `nonce` when receiving and sending calls exposures the protocol to double spending and message repeating attacks , which can lead to a huge damage and loss of funds ",bug; 3 (High Risk); sufficient quality report; unsatisfactory,"Deposit, Withdraw, Fund Theft",# Lines of code  https://github.com/code-423n4/2023-09-centrifuge/blob/512e7a71ebd9ae76384f837204216f26380c9f91/src/gateway/routers/axelar/Router.sol#L73-L86 https://github.com/code-423n4/2023-09-centrifuge/blob/512e7a71ebd9ae76384f837204216f26380c9f91/src/gateway/routers/axelar/Router.sol#L89-L92 https://github.com/code-423n4/2023-09-centrifuge/blob/512e7a71ebd9ae76384f837204216f26380c9f91/src/gateway/Gateway.sol#L285-L366   # Vulnerability details  ## Impact  a malicious node operator or valid
code4rena,2023-09-centrifuge,317,Protocol does not protect against spam/DOS,bug; 3 (High Risk); sufficient quality report; unsatisfactory; edited-by-warden,"Deposit, Withdraw",# Lines of code  https://github.com/code-423n4/2023-09-centrifuge/blob/main/src/LiquidityPool.sol#L141   # Vulnerability details  ## Impact  A malicious actor can grief other users by spam depositing 1 wei the CentrifugeChainOrigin will need to handle all of the 1 wei deposits making user have to wait an extremely long time to get their deposits through.  ## Recommended Mitigation Steps  Add a deposit and withdrawal fee or a limit the amount of deposit/withdraw orders any user can make      ## A
code4rena,2023-09-centrifuge,309,The contract PoolManager doesn't reset the approvals of old functions before setting the new ones,bug; 3 (High Risk); low quality report; unsatisfactory; duplicate-186,Other,"# Lines of code  https://github.com/code-423n4/2023-09-centrifuge/blob/main/src/PoolManager.sol#L249-L252 https://github.com/code-423n4/2023-09-centrifuge/blob/main/src/PoolManager.sol#L328-L329   # Vulnerability details  ## Summary PoolManager::addCurrency() and PoolManager::deployLiquidityPool() sets approvals for some addresses. If any of those addresses were later set again, the approvals for the old values will remain the same, as they are not reset.  ## Impact Old addresses will still have"
code4rena,2023-09-centrifuge,295,Unverified ERC20 Token Address in isAllowedAsPoolCurrency,bug; 3 (High Risk); low quality report; unsatisfactory; duplicate-78,Other,"# Lines of code  https://github.com/code-423n4/2023-09-centrifuge/blob/512e7a71ebd9ae76384f837204216f26380c9f91/src/PoolManager.sol#L347 https://github.com/code-423n4/2023-09-centrifuge/blob/512e7a71ebd9ae76384f837204216f26380c9f91/src/PoolManager.sol#L348   # Vulnerability details  ## vulnerability details  In this function, there is a  check if  the currencyAddress is allowed as a pool currency for a specific poolId. While the basic structure of the function seems fine, there is a problem with"
code4rena,2023-09-centrifuge,292,The liquidity pool is vunerable to first depositor inflation attack,bug; 3 (High Risk); low quality report; unsatisfactory; edited-by-warden; duplicate-75,"Deposit, Vault, Share Manipulation",# Lines of code  https://github.com/code-423n4/2023-09-centrifuge/blob/main/src/LiquidityPool.sol#L141   # Vulnerability details  ## Impact  The vault does not protect against the classic first depositor inflation attack.  UserA sees UserB's tx in the mempool UserA then front runs UserB's tx with a deposit of 1 wei and transfers a ton of tokens to the vault directly  UserB deposits and their shares get rounded to 0  ## Recommended Mitigation Steps  burn some initial shares when creating the pool
code4rena,2023-09-centrifuge,280,'Rug-Pull' Vulnerability in ERC20 Token.,bug; 3 (High Risk); low quality report; primary issue; unsatisfactory,Withdraw,"# Lines of code  https://github.com/code-423n4/2023-09-centrifuge/blob/512e7a71ebd9ae76384f837204216f26380c9f91/src/token/ERC20.sol#L172-L193   # Vulnerability details   ## Impact  There exists a 'Rug-Pull' vulnerability that could allow the contract owner (or an address with `auth` permission) to unexpectedly withdraw tokens from any user's balance. This vulnerability arises from the `burn` function in the contract, which lacks appropriate access control and constraints.  ## Proof of Concept  *"
code4rena,2023-09-centrifuge,279,Reentrancy Vulnerability in LiquidityPool's `redeem` Function.,bug; 3 (High Risk); low quality report; unsatisfactory; duplicate-159,"Withdraw, Share Manipulation, Reentrancy","# Lines of code  https://github.com/code-423n4/2023-09-centrifuge/blob/512e7a71ebd9ae76384f837204216f26380c9f91/src/LiquidityPool.sol#L200-L208   # Vulnerability details   ## Impact  If the external call to `investmentManager.processRedeem` fails, then the contract's state will be inconsistent. The `Withdraw` event will have been emitted, but the number of shares that the owner has will not have been updated.  **Description**:  A significant reentrancy vulnerability exists in the `redeem` functi"
code4rena,2023-09-centrifuge,274,Reentrancy vulnerability in the `deposit` function of LiquidityPool contract.,bug; 3 (High Risk); low quality report; unsatisfactory; duplicate-159,"Deposit, Share Manipulation, Fund Drain","# Lines of code  https://github.com/code-423n4/2023-09-centrifuge/blob/512e7a71ebd9ae76384f837204216f26380c9f91/src/LiquidityPool.sol#L141-L144 https://github.com/code-423n4/2023-09-centrifuge/blob/512e7a71ebd9ae76384f837204216f26380c9f91/src/LiquidityPool.sol#L142   # Vulnerability details   ## Impact  The impact of this vulnerability is significant. It allows an attacker to perform reentrant attacks on the LiquidityPool contract, potentially draining funds and disrupting the intended operation"
code4rena,2023-09-centrifuge,273,Lack of SafeERC20 and Error Handling in LiquidityPool Contract.,bug; 3 (High Risk); low quality report; primary issue; unsatisfactory,"Share Manipulation, Reentrancy",# Lines of code  https://github.com/code-423n4/2023-09-centrifuge/blob/512e7a71ebd9ae76384f837204216f26380c9f91/src/LiquidityPool.sol#L296 https://github.com/code-423n4/2023-09-centrifuge/blob/512e7a71ebd9ae76384f837204216f26380c9f91/src/LiquidityPool.sol#L302 https://github.com/code-423n4/2023-09-centrifuge/blob/512e7a71ebd9ae76384f837204216f26380c9f91/src/LiquidityPool.sol#L308   # Vulnerability details   ## Impact  If the `share` token contract does not conform to the ERC-20 standard or has n
code4rena,2023-09-centrifuge,272,Unauthorized Asset Withdrawal in `withdraw` Function of LiquidityPool Contract.,bug; 3 (High Risk); sufficient quality report; unsatisfactory,"Withdraw, Share Manipulation",# Lines of code  https://github.com/code-423n4/2023-09-centrifuge/blob/512e7a71ebd9ae76384f837204216f26380c9f91/src/LiquidityPool.sol#L181 https://github.com/code-423n4/2023-09-centrifuge/blob/512e7a71ebd9ae76384f837204216f26380c9f91/src/LiquidityPool.sol#L176-L184   # Vulnerability details   ## Impact  An attacker can initiate asset withdrawals on behalf of other users without proper authorization. This can lead to unauthorized asset transfers and potential financial losses for the victims.  ##
code4rena,2023-09-centrifuge,270,Unauthorized Minting in `mint` Function of LiquidityPool Contract,bug; 3 (High Risk); sufficient quality report; unsatisfactory,"Deposit, Share Manipulation","# Lines of code  https://github.com/code-423n4/2023-09-centrifuge/blob/512e7a71ebd9ae76384f837204216f26380c9f91/src/LiquidityPool.sol#L148-L152   # Vulnerability details   ## Impact  - **Unauthorized Minting of Shares**: An attacker can exploit the vulnerability to mint shares on behalf of victims without their consent or authorization, potentially leading to financial losses or manipulation of the share distribution within the liquidity pool.  - **Misleading Events**: The emission of events ind"
code4rena,2023-09-centrifuge,269,Unauthorized Access in `deposit` Function of LiquidityPool Contract.,bug; 3 (High Risk); high quality report; unsatisfactory,"Deposit, Share Manipulation","# Lines of code  https://github.com/code-423n4/2023-09-centrifuge/blob/512e7a71ebd9ae76384f837204216f26380c9f91/src/LiquidityPool.sol#L141-L144   # Vulnerability details    ## Impact  The potential impact of this vulnerability is significant:  - **Unauthorized Asset Deposits**: Attackers can deposit assets on behalf of victims without their consent or authorization, potentially leading to financial losses or manipulation of the liquidity pool's state.  - **Violation of User Trust**: This vulnera"
code4rena,2023-09-centrifuge,268,Reentrancy Vulnerability in `mint` Function of LiquidityPool Contract.,bug; 3 (High Risk); low quality report; unsatisfactory; duplicate-159,"Deposit, Share Manipulation, Reentrancy","# Lines of code  https://github.com/code-423n4/2023-09-centrifuge/blob/512e7a71ebd9ae76384f837204216f26380c9f91/src/LiquidityPool.sol#L148-L152   # Vulnerability details   ## Impact  If the `processMint` function or any other function in the `InvestmentManager` contract initiates external calls that reenter the `LiquidityPool` contract, it can lead to a reentrancy attack.  ## Description Reentrancy vulnerability in `mint` function allows attackers to manipulate the contract's state and potential"
code4rena,2023-09-centrifuge,267,Reentrancy Vulnerability in `withdraw` Function of LiquidityPool Contract.,bug; 3 (High Risk); low quality report; unsatisfactory; duplicate-159,"Withdraw, Share Manipulation, Reentrancy","# Lines of code  https://github.com/code-423n4/2023-09-centrifuge/blob/512e7a71ebd9ae76384f837204216f26380c9f91/src/LiquidityPool.sol#L176-L184   # Vulnerability details   ## Impact  The `processWithdraw` function of the `InvestmentManager` is called before the contract's state is updated and the `Withdraw` event is emitted. This external call reenters the contract, allowing attackers to potentially manipulate the state during the reentrancy.  ## Description  The LiquidityPool smart contract con"
code4rena,2023-09-centrifuge,257,Non-working pause functionality in `PauseAdmin.sol`,bug; 3 (High Risk); low quality report; unsatisfactory; edited-by-warden,Other,"# Lines of code  https://github.com/code-423n4/2023-09-centrifuge/blob/e725dde1901f00aa0574026de24f0de6764618d4/src/admins/PauseAdmin.sol#L46   # Vulnerability details    ### Impact The `PauseAdmin.sol` contract has a `canPause` modifier that checks if the caller is a pauser. This modifier is used in the `pause` function which internally calls the `root.pause` function. However, the `root.pause` function requires the caller to be a ward, not just a pauser. This means that even if someone is desi"
code4rena,2023-09-centrifuge,256,No check for the return value of transferFrom(),bug; 3 (High Risk); low quality report; unsatisfactory; duplicate-3,Other,"# Lines of code  https://github.com/code-423n4/2023-09-centrifuge/blob/512e7a71ebd9ae76384f837204216f26380c9f91/src/InvestmentManager.sol#L167   # Vulnerability details  ## Impact __InvestmentManager.sol__ The `transferFrom()` function returns a boolean value indicating success. This parameter must be checked to ensure that the transfer was successful.  This opens up several possible attack vectors, for example: by canceling the order (user will get tokens), changing the pool price (may lead to "
code4rena,2023-09-centrifuge,253,LiquidityPool # transferFrom / transfer / approve should validate the 4 bytes selector and add access control instead of performing arbitrary low level call,bug; 3 (High Risk); primary issue; sponsor disputed; sufficient quality report; unsatisfactory; edited-by-warden,Share Manipulation,# Lines of code  https://github.com/code-423n4/2023-09-centrifuge/blob/512e7a71ebd9ae76384f837204216f26380c9f91/src/LiquidityPool.sol#L296   # Vulnerability details  ## Impact  LiquidityPool should not perform arbitrary low call when calling transferFrom / transfer / approve  ## Proof of Concept  LiquidityPool should not perform arbitrary low call when calling [transferFrom / transfer / approve](https://github.com/code-423n4/2023-09-centrifuge/blob/512e7a71ebd9ae76384f837204216f26380c9f91/src/Li
code4rena,2023-09-centrifuge,249,Potential Reentrancy Issue,bug; 3 (High Risk); low quality report; unsatisfactory; duplicate-159,Reentrancy,"# Lines of code  https://github.com/code-423n4/2023-09-centrifuge/blob/main/src/gateway/Gateway.sol#L1   # Vulnerability details  While the pauseable modifier checks if the Root contract is paused before executing certain functions, it's essential to review these functions carefully for potential reentrancy issues. Ensure that state changes are made before external calls to prevent reentrancy attacks. Let's consider a simplified example. Suppose we have two contracts: Gateway and MaliciousContra"
code4rena,2023-09-centrifuge,241,Wrong asumptions about addresses on different chains,invalid; 3 (High Risk); withdrawn by warden,Other,"# Lines of code  https://github.com/code-423n4/2023-09-centrifuge/blob/512e7a71ebd9ae76384f837204216f26380c9f91/src/util/Factory.sol#L92-L96   # Vulnerability details  ## Impact The project assumes that every tranche token will have the same address whatever the chain it resides. Although it may be possible, such an assumption is wrong as L1/L2 operators may apply something called `address aliasing` for inter-chain communication, see for example [Optimism docs](https://community.optimism.io/docs"
code4rena,2023-09-centrifuge,238,unchecked transfer,bug; 3 (High Risk); low quality report; unsatisfactory; duplicate-3,Fund Theft,"# Lines of code  https://github.com/code-423n4/2023-09-centrifuge/blob/main/src/InvestmentManager.sol#L148-L172 https://github.com/code-423n4/2023-09-centrifuge/blob/main/src/InvestmentManager.sol#L167   # Vulnerability details  ## Impact The return value of the transferFrom method is not verified by the call to the lPool.transferFrom(user,address(escrow),_trancheTokenAmount) function. As a result, the InvestmentManager contract won't be informed if the transferFrom method fails. This might make"
code4rena,2023-09-centrifuge,229,Function ``collectDeposit()`` does not update the caller's balance at the time of execution.,bug; 3 (High Risk); low quality report; primary issue; unsatisfactory; edited-by-warden,"Deposit, Fund Loss","# Lines of code  https://github.com/code-423n4/2023-09-centrifuge/blob/main/src/LiquidityPool.sol#L259-L262 https://github.com/code-423n4/2023-09-centrifuge/blob/main/src/InvestmentManager.sol#L200-L209 https://github.com/code-423n4/2023-09-centrifuge/blob/main/src/gateway/Gateway.sol#L257   # Vulnerability details  ## Vulnerability Details First of all, both of the functions that we see below can be called after a successful epoch, which means that the user must call ``requestDeposit()`` and wa"
code4rena,2023-09-centrifuge,228,minted tokens are not burnt,bug; 3 (High Risk); low quality report; primary issue; unsatisfactory,Deposit,"# Lines of code  https://github.com/code-423n4/2023-09-centrifuge/blob/512e7a71ebd9ae76384f837204216f26380c9f91/src/InvestmentManager.sol#L277-L291   # Vulnerability details  ## Impact  when a user requests a deposit request and after that, he requests decreased deposit request. if the first request is handled escrow will get some tokens but when the second request is handled escrow contract transfers the amount to the user but doesn't burn tokens  ## Proof of Concept Provide direct links to all"
code4rena,2023-09-centrifuge,223,`Router` and `Gateway` access control can be bypassed which leads to devastating consequences,invalid; 3 (High Risk); withdrawn by warden,Other,"# Lines of code  https://github.com/code-423n4/2023-09-centrifuge/blob/main/src/gateway/routers/axelar/Router.sol#L72-L92 https://github.com/code-423n4/2023-09-centrifuge/blob/main/src/gateway/Gateway.sol#L284-L366   # Vulnerability details  ## Impact All tokens and tranches can be stolen, ownership can be initiated on contracts, tranch price can be set to any value. Basically every permissioned gateway restricted function can be exploited.  ## Description ### Introduction The codebase assumes i"
code4rena,2023-09-centrifuge,220,Flawed protocol causes users to not be refunded during the epoch,bug; 3 (High Risk); low quality report; unsatisfactory; edited-by-warden; duplicate-280,"Deposit, Fund Loss","# Lines of code  https://github.com/code-423n4/2023-09-centrifuge/blob/512e7a71ebd9ae76384f837204216f26380c9f91/src/LiquidityPool.sol#L214 https://github.com/code-423n4/2023-09-centrifuge/blob/512e7a71ebd9ae76384f837204216f26380c9f91/src/InvestmentManager.sol#L117   # Vulnerability details  Users deposited 100 tokens which will send the tokens to escrow. The user then decided to get a refund by inputting 0, but they will not receive the refund until the next epoch. This caused the tokens to be l"
code4rena,2023-09-centrifuge,205,Assets in Escrow.sol can be drained via decreaseDepositRequest,bug; 3 (High Risk); high quality report; primary issue; sponsor disputed; unsatisfactory,"Deposit, Fund Drain","# Lines of code  https://github.com/code-423n4/2023-09-centrifuge/blob/main/src/LiquidityPool.sol#L247   # Vulnerability details  ## Impact All assets in Escrow.sol can be drained via `decreaseDepositRequest`. There is no check anywhere in the code that the assets a user tried to decrease his order with, are actually deposited by him and he has a balance in the Escrow contract.  Even if someone doesn't have a pending depositRequest, one could simply call `decreaseDepositRequest` with the whole E"
code4rena,2023-09-centrifuge,201,Pausing the `Root` does not pause the withdrawal of stable coins that have been sent to userEscrow,bug; 3 (High Risk); low quality report; primary issue; unsatisfactory; edited-by-warden,"Deposit, Withdraw, Fund Theft",# Lines of code  https://github.com/code-423n4/2023-09-centrifuge/blob/512e7a71ebd9ae76384f837204216f26380c9f91/src/LiquidityPool.sol#L176-L194 https://github.com/code-423n4/2023-09-centrifuge/blob/512e7a71ebd9ae76384f837204216f26380c9f91/src/InvestmentManager.sol#L515-L533   # Vulnerability details  ## Impact In case a malicious user has requested the redemption of stolen tranch tokens and the redemption was confirmed by centrifuge by moving the stable coins to user escrow not even pausing can 
code4rena,2023-09-centrifuge,194,Centrifuge finding,invalid; 3 (High Risk); withdrawn by warden,Other,"# Lines of code  https://github.com/code-423n4/2023-09-centrifuge/blob/512e7a71ebd9ae76384f837204216f26380c9f91/src/Escrow.sol#L7   # Vulnerability details  ## Impact Detailed description of the impact of this finding.  ## Proof of Concept Provide direct links to all referenced code in GitHub. Add screenshots, logs, or any other relevant proof that illustrates the concept.  ## Tools Used  ## Recommended Mitigation Steps   ## Assessed type  Decimal"
code4rena,2023-09-centrifuge,190,Manually updating share prices can lead to Market Manipulation,bug; 3 (High Risk); sufficient quality report; unsatisfactory; edited-by-warden; duplicate-552,"Liquidation, Borrow Logic, Collateral","# Lines of code  https://github.com/code-423n4/2023-09-centrifuge/blob/512e7a71ebd9ae76384f837204216f26380c9f91/src/LiquidityPool.sol#L324   # Vulnerability details  ## Impact Allowing a single admin or authorized entities to update share prices centralizes control. If the owner's or authorized entity's access is compromised or if they act maliciously, they can manipulate the share price, potentially causing financial harm to other users.  ## Proof of Concept On intial stage the platform operate"
code4rena,2023-09-centrifuge,182,Frontrunning when ward update pricings,bug; 3 (High Risk); sufficient quality report; unsatisfactory; duplicate-552,"Deposit, Withdraw, Front-running",# Lines of code  https://github.com/code-423n4/2023-09-centrifuge/blob/512e7a71ebd9ae76384f837204216f26380c9f91/src/LiquidityPool.sol#L324 https://github.com/code-423n4/2023-09-centrifuge/blob/512e7a71ebd9ae76384f837204216f26380c9f91/src/InvestmentManager.sol#L223   # Vulnerability details  ## Vulnerability Detail A malicious user is able to withdraw all payments that were deposited in the current epoch at the next epoch at a higher price.  ## Impact When updateTrancheTokenPrice() or updatePrice
code4rena,2023-09-centrifuge,176,"The developers wants when you are redeeming tokens back, that toy can receive them on another EOA or a contract",bug; 3 (High Risk); low quality report; primary issue; unsatisfactory,Other,"# Lines of code  https://github.com/code-423n4/2023-09-centrifuge/blob/512e7a71ebd9ae76384f837204216f26380c9f91/src/LiquidityPool.sol#L200 https://github.com/code-423n4/2023-09-centrifuge/blob/512e7a71ebd9ae76384f837204216f26380c9f91/src/UserEscrow.sol#L43   # Vulnerability details  ## Impact There is no way to send to another wallet or contract the money, because of the check that `TransferOut` got  ## Proof of Concept When the tokens are transferred https://github.com/code-423n4/2023-09-centri"
code4rena,2023-09-centrifuge,175,Token Price Manipulation allowing rug pull,bug; 3 (High Risk); sufficient quality report; unsatisfactory; duplicate-552,"Deposit, Withdraw","# Lines of code  https://github.com/code-423n4/2023-09-centrifuge/blob/512e7a71ebd9ae76384f837204216f26380c9f91/src/InvestmentManager.sol#L223 https://github.com/code-423n4/2023-09-centrifuge/blob/512e7a71ebd9ae76384f837204216f26380c9f91/src/LiquidityPool.sol#L324   # Vulnerability details  ## Vulnerability Detail The function updateTrancheTokenPrice and updatePrice lacks a timelock mechanism, which means that administrators with access can update the price of tranche tokens at any time. This op"
code4rena,2023-09-centrifuge,174,An attacker can cancel deposits or deposit user approved funds for some ERC20 assets,bug; 3 (High Risk); sufficient quality report; unsatisfactory; duplicate-276,Deposit,# Lines of code  https://github.com/code-423n4/2023-09-centrifuge/blob/main/src/LiquidityPool.sol#L223   # Vulnerability details  ## Impact  If an ERC20 token like WETH is added as an asset to a liquidity pool then an attacker can cancel another user's deposit or deposit approved assets.   [`requestDepositWithPermit`](https://github.com/code-423n4/2023-09-centrifuge/blob/main/src/LiquidityPool.sol#L223) calls `permit` on assets via the `ERC20PermitLike` interface. For tokens that implement the [
code4rena,2023-09-centrifuge,171,In `deployLiqudityPool` the approve function is incorrect used ,bug; 3 (High Risk); low quality report; unsatisfactory; duplicate-186,Other,"# Lines of code  https://github.com/code-423n4/2023-09-centrifuge/blob/512e7a71ebd9ae76384f837204216f26380c9f91/src/PoolManager.sol#L329   # Vulnerability details  ## Impact the code and the comment are incorrect   ## Proof of Concept The comment ""Approve liquidityPool on tranche token to be able to burn"" , the developers want the liquidity pool to burn tranch tokens, but in reality the particular code snippet doesn't do this, it is approving liquidity pool to use tokens from liquidity pool,   #"
code4rena,2023-09-centrifuge,165,"In `updatePrice` in `LiquidityPool.sol` the modifiers are wrong , and the visibility of the function ",bug; 3 (High Risk); sufficient quality report; unsatisfactory; duplicate-552,Other,"# Lines of code  https://github.com/code-423n4/2023-09-centrifuge/blob/512e7a71ebd9ae76384f837204216f26380c9f91/src/LiquidityPool.sol#L324-L328   # Vulnerability details  ## Impact if the msg.sender is warded he can manipulate the function , the worst case is that, not only he can manipulate his own pool, but he can manipulated other user's pool  ## Proof of Concept Because of the public visibility anyone can user this function, only if he is warded because of the AUTH modifier   ## Tools Used M"
code4rena,2023-09-centrifuge,164,Potential revert on processMint and processDeposit ,bug; 3 (High Risk); low quality report; unsatisfactory; edited-by-warden; duplicate-151,Deposit,# Lines of code  https://github.com/code-423n4/2023-09-centrifuge/blob/512e7a71ebd9ae76384f837204216f26380c9f91/src/token/RestrictionManager.sol#L45 https://github.com/code-423n4/2023-09-centrifuge/blob/512e7a71ebd9ae76384f837204216f26380c9f91/src/InvestmentManager.sol#L148 https://github.com/code-423n4/2023-09-centrifuge/blob/512e7a71ebd9ae76384f837204216f26380c9f91/src/InvestmentManager.sol#L651 https://github.com/code-423n4/2023-09-centrifuge/blob/512e7a71ebd9ae76384f837204216f26380c9f91/src/
code4rena,2023-09-centrifuge,162,Function convertToAssets has an unchecked return vulnerability.,bug; 3 (High Risk); low quality report; unsatisfactory; edited-by-warden; duplicate-68,"Rounding, Share Manipulation","# Lines of code  https://github.com/code-423n4/2023-09-centrifuge/blob/512e7a71ebd9ae76384f837204216f26380c9f91/src/InvestmentManager.sol#L338-L347   # Vulnerability details  ## Impact The return value of assets isn't checked. This can cause problems to users who use this function to convert their shares to assets. If the return value of assets isn't checked, the user is unaware of the status of his shares conversion.      function convertToAssets(uint256 _shares, address liquidityPool) public v"
code4rena,2023-09-centrifuge,159,Reentrancy in transferFrom and transfer function,bug; 3 (High Risk); low quality report; primary issue; unsatisfactory; edited-by-warden,"Share Manipulation, Reentrancy","# Lines of code  https://github.com/code-423n4/2023-09-centrifuge/blob/main/src/LiquidityPool.sol#L295-L304   # Vulnerability details  ## Description    The LiquidityPool contract contains a potential reentrancy vulnerability in the transferFrom and transfer functions. These functions make an external call to the share contract, which can be manipulated by malicious contracts to reenter the LiquidityPool contract during execution.  ## Impact   If exploited, this vulnerability could allow malicio"
code4rena,2023-09-centrifuge,149,"Malicious users can call `collectRedeem()` on behalf of others, potentially leading to a loss",invalid; 3 (High Risk); withdrawn by warden,Other,"# Lines of code  https://github.com/code-423n4/2023-09-centrifuge/blob/main/src/LiquidityPool.sol#L265 https://github.com/code-423n4/2023-09-centrifuge/blob/main/src/InvestmentManager.sol#L211 https://github.com/code-423n4/2023-09-centrifuge/blob/main/src/InvestmentManager.sol#L255   # Vulnerability details  ## Impact Malicious users can call `collectRedeem()` on behalf of `receiver` when Tranche token price falls, leading to loss.  ## Proof of Concept `collectRedeem()` on LiquidityPool.sol call"
code4rena,2023-09-centrifuge,140,"`InvestmentManager` takes `msg.sender` as `liquidityPool` directly, which could be exploited to  disrupting the contract's logic",bug; 3 (High Risk); low quality report; unsatisfactory; edited-by-warden; duplicate-53,Deposit,# Lines of code  https://github.com/code-423n4/2023-09-centrifuge/blob/512e7a71ebd9ae76384f837204216f26380c9f91/src/InvestmentManager.sol#L118 https://github.com/code-423n4/2023-09-centrifuge/blob/512e7a71ebd9ae76384f837204216f26380c9f91/src/InvestmentManager.sol#L149 https://github.com/code-423n4/2023-09-centrifuge/blob/512e7a71ebd9ae76384f837204216f26380c9f91/src/InvestmentManager.sol#L428 https://github.com/code-423n4/2023-09-centrifuge/blob/512e7a71ebd9ae76384f837204216f26380c9f91/src/Invest
code4rena,2023-09-centrifuge,134,Function processDeposit has an unchecked return vulnerability.,bug; 3 (High Risk); low quality report; unsatisfactory; edited-by-warden; duplicate-68,Deposit,"# Lines of code  https://github.com/code-423n4/2023-09-centrifuge/blob/512e7a71ebd9ae76384f837204216f26380c9f91/src/InvestmentManager.sol#L427-L441   # Vulnerability details  ## Impact The function fails to check the return value of trancheTokenAmount. If the deposit fails due to a contract revert, the user is unaware and he assumes the deposit was successful. By failing to check the returned value of trancheTokenAmount, the function has an unchecked return vulnerability.      function processDe"
code4rena,2023-09-centrifuge,125,Unchecked return in function processMint leads to locked funds in the escrow.,bug; 3 (High Risk); low quality report; unsatisfactory; edited-by-warden; duplicate-68,"Deposit, Fund Loss","# Lines of code  https://github.com/code-423n4/2023-09-centrifuge/blob/512e7a71ebd9ae76384f837204216f26380c9f91/src/InvestmentManager.sol#L451-L465   # Vulnerability details  ## Impact The return value for currencyAmount is unchecked. This can cause loss of funds to the user who assumes the mint was successful whereas his funds are still locked in the escrow. Without checking the returned value, the user finds it difficult to know the outcome of the mint process.      function processMint(addres"
code4rena,2023-09-centrifuge,120,[H-06] Arbitrary Send of ERC20 Tokens in the UserEscrow Contract,bug; 3 (High Risk); low quality report; primary issue; unsatisfactory; edited-by-warden,Other,"# Lines of code  https://github.com/code-423n4/2023-09-centrifuge/blob/512e7a71ebd9ae76384f837204216f26380c9f91/src/UserEscrow.sol#L29-L34   # Vulnerability details  ## Impact Detailed description of the impact of this finding. ***Arbitrary Send of ERC20 Tokens***  **Location:** UserEscrow.transferIn(address,address,address,uint256) (src/UserEscrow.sol#29-34) uses arbitrary 'from' in transferFrom: SafeTransferLib.safeTransferFrom(token, source, address(this), amount) (src/UserEscrow.sol#32)  **D"
code4rena,2023-09-centrifuge,119,[H-05] Arbitrary Send of ERC20 tokens within the InvestmentManager contract in the handleExecutedDecreaseRedeemOrder function,bug; 3 (High Risk); low quality report; unsatisfactory; edited-by-warden; duplicate-115,Other,"# Lines of code  https://github.com/code-423n4/2023-09-centrifuge/blob/512e7a71ebd9ae76384f837204216f26380c9f91/src/InvestmentManager.sol#L294-L316   # Vulnerability details  ## Impact Detailed description of the impact of this finding.  ***Arbitrary 'from' in ERC20 TransferFrom in InvestmentManager.handleExecutedDecreaseRedeemOrder*** The code snippet in question is from the `InvestmentManager` contract, specifically the `handleExecutedDecreaseRedeemOrder` function. Within this function, there "
code4rena,2023-09-centrifuge,117,[H-04] Arbitrary Send of ERC20 tokens in the InvetmentManager contract within the requestRedeem function,bug; 3 (High Risk); low quality report; unsatisfactory; edited-by-warden; duplicate-115,Other,"# Lines of code  https://github.com/code-423n4/2023-09-centrifuge/blob/512e7a71ebd9ae76384f837204216f26380c9f91/src/InvestmentManager.sol#L148-L172   # Vulnerability details  ## Impact Detailed description of the impact of this finding.  In the provided code snippet, the function `InvestmentManager.requestRedeem(uint256,address)` in the `InvestmentManager.sol` contract allows for arbitrary use of the `from` parameter in the `transferFrom` function call within the code. This could potentially lea"
code4rena,2023-09-centrifuge,116,[H-03] Arbitrary Send of ERC20 tokens in the Investment Management contract within the handleExecutedDecreaseInvestOrder function,bug; 3 (High Risk); low quality report; unsatisfactory; edited-by-warden; duplicate-115,Other,"# Lines of code  https://github.com/code-423n4/2023-09-centrifuge/blob/512e7a71ebd9ae76384f837204216f26380c9f91/src/InvestmentManager.sol#L277-L292   # Vulnerability details  ## Impact Detailed description of the impact of this finding.  Contract: InvestmentManager Function: handleExecutedDecreaseInvestOrder(uint64, bytes16, address, uint128, uint128) File: src/InvestmentManager.sol#277-292  Security Issue: The handleExecutedDecreaseInvestOrder function in the InvestmentManager contract is using"
code4rena,2023-09-centrifuge,115,[H-02] Arbitrary Send of ERC20 tokens in the InvestmentManager contract within the _deposit function,bug; 3 (High Risk); low quality report; primary issue; unsatisfactory; edited-by-warden,Deposit,# Lines of code  https://github.com/code-423n4/2023-09-centrifuge/blob/512e7a71ebd9ae76384f837204216f26380c9f91/src/InvestmentManager.sol#L467-L480   # Vulnerability details  ## Impact Detailed description of the impact of this finding.  ***Security Impact Analysis for Arbitrary 'from' in InvestmentManager._deposit()***  **Summary:** This security impact analysis examines the potential risks associated with the arbitrary 'from' parameter in the `_deposit` function of the ERC-20 token InvestmentM
code4rena,2023-09-centrifuge,114,Unchecked return in Function processRedeem causes user's funds to be locked in the escrow. ,bug; 3 (High Risk); low quality report; unsatisfactory; edited-by-warden; duplicate-68,Fund Loss,"# Lines of code  https://github.com/code-423n4/2023-09-centrifuge/blob/512e7a71ebd9ae76384f837204216f26380c9f91/src/InvestmentManager.sol#L489   # Vulnerability details  ## Impact The returned value of currencyAmount during the redeem process is unchecked. If the redeem process fails, the contract assumes that the user received the funds when he did not and funds are still locked in the escrow. Also, if the returned value isn't checked, it's hard for the user to get feedback on the status of the"
code4rena,2023-09-centrifuge,113,Users can mint high values of Tranache tokens for a negligible currency amount,bug; 3 (High Risk); sufficient quality report; unsatisfactory; duplicate-424,"Deposit, Share Manipulation","# Lines of code  https://github.com/code-423n4/2023-09-centrifuge/blob/main/src/InvestmentManager.sol#L277-L292   # Vulnerability details  ## Impact `handleExecutedDecreaseInvestOrder` function does not decrease the value of `maxMint` in `LPValues`, allowing users to `requestDeposit` a high amount, then they can `decreaseDepositRequest` to `amount - 1`, the `InvestmentManager` will still think that the user has requested to deposit the whole the amount. This allows users to call `processMint` wh"
code4rena,2023-09-centrifuge,112, Unchecked return In Function processWithdraw causes user's funds to be locked in the escrow. ,bug; 3 (High Risk); low quality report; unsatisfactory; edited-by-warden; duplicate-68,"Withdraw, Fund Loss","# Lines of code  https://github.com/code-423n4/2023-09-centrifuge/blob/512e7a71ebd9ae76384f837204216f26380c9f91/src/InvestmentManager.sol#L515-L533   # Vulnerability details  ## Impact The returned value of trancheTokenAmount is not checked. If the withdrawal fails, the contract assumes the user has been paid whereas he hasn't and his funds are still locked in the escrow. It's also difficult for the user to get feedback on the status of the withdrawal process if the returned value of trancheToke"
code4rena,2023-09-centrifuge,111,"As the Centrifuge protocol does not set an expiration time for the offer price of tranche tokens, investors can invest without risk",bug; 3 (High Risk); sufficient quality report; unsatisfactory; edited-by-warden; duplicate-552,Deposit,"# Lines of code  https://github.com/code-423n4/2023-09-centrifuge/blob/512e7a71ebd9ae76384f837204216f26380c9f91/src/InvestmentManager.sol#L59-L64 https://github.com/code-423n4/2023-09-centrifuge/blob/512e7a71ebd9ae76384f837204216f26380c9f91/src/InvestmentManager.sol#L81   # Vulnerability details  ## Impact Investors' use of the Centrifuge protocol to invest in real-world assets should be risky, but the system's pricing mechanism has flaws that allow investors to invest without risk. And it will "
code4rena,2023-09-centrifuge,108,Function updateTrancheTokenPrice is vulnerable to timestamp manipulation,bug; 3 (High Risk); sufficient quality report; unsatisfactory; duplicate-552,Share Manipulation,"# Lines of code  https://github.com/code-423n4/2023-09-centrifuge/blob/512e7a71ebd9ae76384f837204216f26380c9f91/src/InvestmentManager.sol#L223-L232   # Vulnerability details  ## Impact Function updateTrancheTokenPrice is vulnerable to timestamp manipulation. It uses function updatePrice which has a timestamp manipulation vulnerability to update the price of Tranche Token.      function updateTrancheTokenPrice(uint64 poolId, bytes16 trancheId, uint128 currencyId, uint128 price)         public    "
code4rena,2023-09-centrifuge,107,Function updatePrice is vulnerable to Transaction Ordering.,invalid; 3 (High Risk); withdrawn by warden,Oracle,# Lines of code  https://github.com/code-423n4/2023-09-centrifuge/blob/512e7a71ebd9ae76384f837204216f26380c9f91/src/LiquidityPool.sol#L324-L328   # Vulnerability details  ## Impact The function's dependence on the block.timestamp value to update price makes it vulnerable to transaction ordering attacks.      function updatePrice(uint128 price) public auth {         latestPrice = price;         lastPriceUpdate = block.timestamp;         emit UpdatePrice(price);     }  ## Proof of Concept Miners s
code4rena,2023-09-centrifuge,103,Did not approve to Zero first,bug; 3 (High Risk); disagree with severity; high quality report; sponsor confirmed; unsatisfactory; edited-by-warden,Other,# Lines of code  https://github.com/code-423n4/2023-09-centrifuge/blob/512e7a71ebd9ae76384f837204216f26380c9f91/src/token/ERC20.sol#L131 https://github.com/code-423n4/2023-09-centrifuge/blob/512e7a71ebd9ae76384f837204216f26380c9f91/src/token/ERC20.sol#L139 https://github.com/code-423n4/2023-09-centrifuge/blob/512e7a71ebd9ae76384f837204216f26380c9f91/src/token/ERC20.sol#L148   # Vulnerability details  ## Vulnerability Details Some ERC20 tokens like USDT require resetting the approval to 0 first b
code4rena,2023-09-centrifuge,99,"Once all `wards` of a contract are removed, the contract becomes permanently incapable of adding any new `wards` and cannot call any functions requiring authentication",bug; 3 (High Risk); low quality report; unsatisfactory; edited-by-warden; duplicate-55,Other,"# Lines of code  https://github.com/code-423n4/2023-09-centrifuge/blob/512e7a71ebd9ae76384f837204216f26380c9f91/src/util/Auth.sol#L21   # Vulnerability details  ## Impact `Auth.deny` will directly remove permissions from the user, even if the address is the `msg.sender` himself. Once all `wards` have been removed, then no new `wards` could be added because there are no more `auth` users that could call `Auth.rely`. This could result in a permanent denial of service, as functions related to authe"
code4rena,2023-09-centrifuge,98,First depositor can inflate initial price.,bug; 3 (High Risk); low quality report; unsatisfactory; duplicate-75,"Deposit, Withdraw, Rounding","# Lines of code  https://github.com/code-423n4/2023-09-centrifuge/blob/main/src/InvestmentManager.sol#L325-L334   # Vulnerability details  ## Impact First depositor can inflate initial price. The result of this is 100% value loss for all subsequent depositors.  ## Proof of Concept Imagine the following scenario:  1. A new vault has been deployed and configured, no depositors yet.  2. Alice wants to deposit 10 ether(10e18) worth of underlying and sends a transaction to the public mempool.  3. A M"
code4rena,2023-09-centrifuge,91,Function updatePrice is vulnerable to transaction ordering.,bug; 3 (High Risk); sufficient quality report; unsatisfactory; edited-by-warden; duplicate-552,"Oracle, Share Manipulation",# Lines of code  https://github.com/code-423n4/2023-09-centrifuge/blob/512e7a71ebd9ae76384f837204216f26380c9f91/src/LiquidityPool.sol#L324-L328   # Vulnerability details  ## Impact The function uses block.timestamp to update the price of shares. This makes it vulnerable to transaction ordering attacks. An attacker can observe the new price value of the pending price update transaction on the blockchain and manipulate the order in which the transactions is included in a block to their advantage u
code4rena,2023-09-centrifuge,90,Function updatePrice is vulnerable to timestamp manipulation.,bug; 3 (High Risk); sufficient quality report; unsatisfactory; edited-by-warden; duplicate-552,"Oracle, Share Manipulation","# Lines of code  https://github.com/code-423n4/2023-09-centrifuge/blob/512e7a71ebd9ae76384f837204216f26380c9f91/src/LiquidityPool.sol#L324-L328   # Vulnerability details  ## Impact Function updatePrice uses block.timestamp for price updates. This makes it vulnerable to timestamp manipulation. Miners can manipulate the timestamp of the block in which the price update transaction is included for profit. If the miner sets the timestamp to the future, they can delay the recording of the price update"
code4rena,2023-09-centrifuge,89,"In the Gateway contract, all the incoming Routers can be disabled which will break the symmetry of bridge communication by Authorised ward",bug; 3 (High Risk); low quality report; unsatisfactory; duplicate-53,Other,"# Lines of code  https://github.com/code-423n4/2023-09-centrifuge/blob/main/src/gateway/Gateway.sol#L137-L145   # Vulnerability details  ## Impact All the incoming routers can be disabled by the Authorised ward. This means the outgoing side of the bridge will continue to work while the incoming messages will not be processed. This breaks the symmetrical structure of the bridge leaving discrepancies between the two chains.  While the changes in EVM chain are set to centrifuge blockchain, the upda"
code4rena,2023-09-centrifuge,88,"Conversion of shares to Assets and vise versa can be manipulated by LP authorized wards, could lead to losses for investors interacting with the protocol",bug; 3 (High Risk); low quality report; unsatisfactory; duplicate-53,"Interest Rate, Share Manipulation",# Lines of code  https://github.com/code-423n4/2023-09-centrifuge/blob/main/src/InvestmentManager.sol#L325-L334 https://github.com/code-423n4/2023-09-centrifuge/blob/main/src/InvestmentManager.sol#L338-L347 https://github.com/code-423n4/2023-09-centrifuge/blob/main/src/LiquidityPool.sol#L324-L328   # Vulnerability details  ## Impact Any authorized ward of the LiquidityPool can update the price of the asset in the pool. This price is used in the investment Manager for conversion between shares to
code4rena,2023-09-centrifuge,86,Any member can withdraw all funds,bug; 3 (High Risk); sufficient quality report; unsatisfactory; duplicate-205,"Deposit, Withdraw","# Lines of code  https://github.com/code-423n4/2023-09-centrifuge/blob/HEAD/src/InvestmentManager.sol#L277-L292 https://github.com/code-423n4/2023-09-centrifuge/blob/HEAD/src/InvestmentManager.sol#L294-L36   # Vulnerability details  ## Impact  Some functions are not checked, resulting in the fund pool being stolen, and the relevant data is not updated.  For example: in a liquidity pool, after calling `decreaseDepositRequest`, it will eventually call `handleExecutedDecreaseInvestOrder`, and this "
code4rena,2023-09-centrifuge,83,Gateway tx can be frontrunned and escrow contract can be drained,bug; 3 (High Risk); sufficient quality report; unsatisfactory; duplicate-205,Deposit,# Lines of code  https://github.com/code-423n4/2023-09-centrifuge/blob/512e7a71ebd9ae76384f837204216f26380c9f91/src/LiquidityPool.sol#L214-L217 https://github.com/code-423n4/2023-09-centrifuge/blob/512e7a71ebd9ae76384f837204216f26380c9f91/src/InvestmentManager.sol#L117-L141 https://github.com/code-423n4/2023-09-centrifuge/blob/512e7a71ebd9ae76384f837204216f26380c9f91/src/InvestmentManager.sol#L277-L292   # Vulnerability details  ## Impact When a member deposits to a liquidity pool they will firs
code4rena,2023-09-centrifuge,80,Users can get Tranache tokens more than they should be allowed to,bug; 3 (High Risk); sufficient quality report; unsatisfactory; edited-by-warden; duplicate-354,"Deposit, Share Manipulation","# Lines of code  https://github.com/code-423n4/2023-09-centrifuge/blob/main/src/InvestmentManager.sol#L277-L292   # Vulnerability details  ## Impact `handleExecutedDecreaseInvestOrder` function does not decrease the value of `maxDeposit` in `LPValues`, allowing users to `requestDeposit` a high amount, then they can `decreaseDepositRequest` to `amount - 1`, the `InvestmentManager` will still think that the user has requested to deposit the whole the amount. This allows users to call `processDepos"
code4rena,2023-09-centrifuge,75,First ERC4626 deposit can break share calculation,bug; 3 (High Risk); low quality report; primary issue; unsatisfactory; edited-by-warden,"Deposit, Withdraw, Rounding","# Lines of code  https://github.com/code-423n4/2023-09-centrifuge/blob/main/src/InvestmentManager.sol#L325   # Vulnerability details  ## Impact  The result of this is 100% value loss for all subsequent depositors.  ## Proof of Concept  Imagine the following scenario:  1. A new vault has been deployed and configured, no depositors yet. 2. Alice wants to deposit 10 ether (10e18) worth of underlying and sends a transaction to the public mempool. 3. A MEV bot sees Alice’s transaction and front runs "
code4rena,2023-09-centrifuge,74,Users can freely and unlimitedly invoke the deposit function.,invalid; 3 (High Risk); withdrawn by warden,Deposit,"# Lines of code  https://github.com/code-423n4/2023-09-centrifuge/blob/512e7a71ebd9ae76384f837204216f26380c9f91/src/LiquidityPool.sol#L141-L144 https://github.com/code-423n4/2023-09-centrifuge/blob/512e7a71ebd9ae76384f837204216f26380c9f91/src/InvestmentManager.sol#L427-L441   # Vulnerability details  ## Impact After the user calls `requestDeposit` once, they can call `deposit` unlimited times to achieve unlimited recharge.  ## Proof of Concept After calling `processDeposit`, maxDeposit did not d"
code4rena,2023-09-centrifuge,71,Unchecked external call in function mint leads to loss of funds,bug; 3 (High Risk); low quality report; unsatisfactory; edited-by-warden; duplicate-68,"Deposit, Share Manipulation","# Lines of code  https://github.com/code-423n4/2023-09-centrifuge/blob/512e7a71ebd9ae76384f837204216f26380c9f91/src/LiquidityPool.sol#L148-L152   # Vulnerability details  ## Impact  The return value of the external call to investmentManager to process mint is not checked. If the call fails (due to the user running out of gas or contract reverts), the contract would assume that the minting was successful without checking the return value. The user also has no feedback on the status of the mint wi"
code4rena,2023-09-centrifuge,70,Test,invalid; 3 (High Risk); withdrawn by warden; edited-by-warden,Other,"# Lines of code  https://github.com/code-423n4/2023-09-centrifuge/blob/main/src/Root.sol#L15   # Vulnerability details  ## Impact Detailed description of the impact of this finding.  ## Proof of Concept Provide direct links to all referenced code in GitHub. Add screenshots, logs, or any other relevant proof that illustrates the concept.  ## Tools Used  ## Recommended Mitigation Steps        ## Assessed type  Other"
code4rena,2023-09-centrifuge,68,Unchecked external call in function deposit leads to loss of funds.,bug; 3 (High Risk); low quality report; primary issue; unsatisfactory; edited-by-warden,"Deposit, Share Manipulation","# Lines of code  https://github.com/code-423n4/2023-09-centrifuge/blob/512e7a71ebd9ae76384f837204216f26380c9f91/src/LiquidityPool.sol#L141-L144   # Vulnerability details  ## Impact The return value of the external call to investmentManager to process the deposit is not checked. If the call fails, the contract could assume that the deposit was successful without checking the return value. Also without a return value, the contract doesn't provide the user feedback on the status of the deposit.  ##"
code4rena,2023-09-centrifuge,58,Authorisation model implemented for this protocol is vulnerable to centralisation and can be sucidial,bug; 3 (High Risk); low quality report; unsatisfactory; edited-by-warden; duplicate-280,Other,"# Lines of code  https://github.com/code-423n4/2023-09-centrifuge/blob/main/src/InvestmentManager.sol#L69 https://github.com/code-423n4/2023-09-centrifuge/blob/main/src/util/Auth.sol#L7-L30   # Vulnerability details  ## Impact All the key contracts of this protocol derives the Auth contract which is based on wards list. All the accounts in the list are equal which is good, but brings along immense risk.  If a actor is added to the ward list, he has the same entitlements as the account that enabl"
code4rena,2023-09-centrifuge,44,[H-01] Arbitrary Send of ERC20 tokens in the InvestmentManager contract within the requestDeposit function,bug; 3 (High Risk); low quality report; unsatisfactory; edited-by-warden; duplicate-115,Other,# Lines of code  https://github.com/code-423n4/2023-09-centrifuge/blob/512e7a71ebd9ae76384f837204216f26380c9f91/src/InvestmentManager.sol#L117-L141 https://github.com/code-423n4/2023-09-centrifuge/blob/512e7a71ebd9ae76384f837204216f26380c9f91/src/InvestmentManager.sol#L136   # Vulnerability details  ## Impact Detailed description of the impact of this finding. **Security Impact:** The impact of using an arbitrary `from` address in the `SafeTransferLib.safeTransferFrom` function is a potential se
code4rena,2023-09-centrifuge,37,No access control over transferFrom function in the LiquidityPool.sol ,bug; 3 (High Risk); low quality report; unsatisfactory; duplicate-2,Share Manipulation,# Lines of code  https://github.com/code-423n4/2023-09-centrifuge/blob/512e7a71ebd9ae76384f837204216f26380c9f91/src/LiquidityPool.sol#L295   # Vulnerability details  ## Impact Anyone can call this function and transfer `Tranche Token` to any address.  ## Proof of Concept The `transferFrom` function in the `LiquidityPool.sol` is using in order to transfer `Tranche Token` from `Escrow.sol` contract to the user address. the problem is that this function has no access control and anybody can call th
code4rena,2023-09-centrifuge,36,Unauthorized Access via Front-running in Auth.sol,bug; 3 (High Risk); low quality report; primary issue; unsatisfactory,Front-running,"# Lines of code  https://github.com/code-423n4/2023-09-centrifuge/blob/512e7a71ebd9ae76384f837204216f26380c9f91/src/util/Auth.sol#L20   # Vulnerability details  ### Impact A malicious admin can exploit the inherent nature of public blockchain networks to monitor pending transactions. By front-running the `deny` function call, they can execute the `rely` function to grant privileges to another malicious address before their original access is revoked. This can potentially lead to unauthorized acc"
code4rena,2023-09-centrifuge,35,Signature Replay Vulnerability in ERC20 `permit` function,bug; 3 (High Risk); low quality report; primary issue; unsatisfactory; edited-by-warden,Other,"# Lines of code  https://github.com/code-423n4/2023-09-centrifuge/blob/512e7a71ebd9ae76384f837204216f26380c9f91/src/token/ERC20.sol#L206   # Vulnerability details  ### Impact The `permit` function in the ERC20 contract uses the native `ecrecover` function to recover the signer's address from the signature.  Due to the elliptic curve properties, there are two different y-coordinates that correspond to the same x-coordinate. This means that for a given r and s value of a signature, there are two p"
code4rena,2023-09-centrifuge,23,Missing Access Control,bug; 3 (High Risk); low quality report; primary issue; unsatisfactory,Other,"# Lines of code  https://github.com/code-423n4/2023-09-centrifuge/blob/512e7a71ebd9ae76384f837204216f26380c9f91/src/Root.sol#L75   # Vulnerability details  ## Impact The function does not include a `auth` modifier. Which means that anyone can call the execute proposal. This means that if there is a scheduleRely of a malicious address delayed admin did not perform due diligence. The malicious attacker can call the executeScheduleRely, and allow them to fully control all contracts as root contract"
code4rena,2023-09-centrifuge,22,Unauthorized Minting in LiquidityPool,bug; 3 (High Risk); sufficient quality report; unsatisfactory,"Deposit, Fund Drain","# Lines of code  https://github.com/code-423n4/2023-09-centrifuge/blob/512e7a71ebd9ae76384f837204216f26380c9f91/src/LiquidityPool.sol#L146   # Vulnerability details  ## Impact The `mint()` function in ``LiquidityPool` contract contains a critical vulnerability that would allow an attacker to mint new tokens without needing to deposit any assets. This is due to an access control check being commented out in the mint() function:  ``` // require(receiver == msg.sender, ""LiquidityPool/not-authorized"
code4rena,2023-09-centrifuge,2,User is able to abuse LiquidityPool.transferFrom to take users funds on share token,bug; 3 (High Risk); low quality report; primary issue; unsatisfactory,Share Manipulation,"# Lines of code  https://github.com/code-423n4/2023-09-centrifuge/blob/main/src/LiquidityPool.sol#L237 https://github.com/code-423n4/2023-09-centrifuge/blob/main/src/LiquidityPool.sol#L295   # Vulnerability details  ## Impact User by exploiting this he can take other users share assets   ## Proof of Concept The LiquidityPool.transferFrom calls the transferFrom of share token :  ```  function transferFrom(address, address, uint256) public returns (bool) {         (bool success, bytes memory data)"
code4rena,2023-01-timeswap,297,A Malicious User can Lock All Funds in an Option,bug; 3 (High Risk); sponsor disputed; unsatisfactory,Withdraw,"# Lines of code  https://github.com/code-423n4/2023-01-timeswap/blob/ef4c84fb8535aad8abd6b67cc45d994337ec4514/packages/v2-option/src/TimeswapV2Option.sol#L109 https://github.com/code-423n4/2023-01-timeswap/blob/ef4c84fb8535aad8abd6b67cc45d994337ec4514/packages/v2-option/src/TimeswapV2Option.sol#L157   # Vulnerability details  ## Impact  By calling the mint and burn functions with the 'amount0' and 'amount1' equal to the the option pair's respective balances of token0 and token1, a user can cause"
code4rena,2023-01-timeswap,295,Burn will not work if positions below to different owners,bug; 3 (High Risk); unsatisfactory,Other,"# Lines of code  https://github.com/code-423n4/2023-01-timeswap/blob/ef4c84fb8535aad8abd6b67cc45d994337ec4514/packages/v2-option/src/TimeswapV2Option.sol#L190-L192   # Vulnerability details  ## Impact When an option is created, the caller has an option of choosing any address to mint these three option positions to (`long0`, `long1`, `short`) or if the caller chooses (the options can be added for the caller alone ).   The positon(s) could be [transferred](https://github.com/code-423n4/2023-01-ti"
code4rena,2023-01-timeswap,283,ATTACKER CAN STEAL FUNDS BECAUSE OF REENTRANCY VULNERABILITY IN `burn` METHOD ,bug; 3 (High Risk); sponsor disputed; unsatisfactory,"Reentrancy, Fund Theft","# Lines of code  https://github.com/code-423n4/2023-01-timeswap/blob/main/packages/v2-option/src/TimeswapV2Option.sol#L157-L195   # Vulnerability details  ## Impact  In `burn` method of `TimeswapV2Option` contract, there is no Reentrancy guard. The method allows a Callback function before updating the State variable, which makes method vulnerable for Reentrancy which can lead to steal of funds.  ## Proof of Concept  ```solidity File: packages/v2-option/src/TimeswapV2Option.sol        function bu"
code4rena,2023-01-timeswap,269,Rebalance logic is wrong and this distorts the pool's important states,bug; 3 (High Risk); satisfactory; selected for report; sponsor confirmed; H-01,Other,"# Lines of code  https://github.com/code-423n4/2023-01-timeswap/blob/ef4c84fb8535aad8abd6b67cc45d994337ec4514/packages/v2-pool/src/structs/Pool.sol#L679   # Vulnerability details  ## Impact The important states including `long0Balance, long1Balance, long1FeeGrowth, long1ProtocolFees` are wrongly calculated and it breaks the pool's invariant.  ## Proof of Concept The protocol provides a rebalancing functionality and the main logic is implemented in the library `Pool.sol`. If `param.isLong0ToLong1"
code4rena,2023-01-timeswap,265,Improper check for Zero Address,bug; 3 (High Risk); unsatisfactory,Other,"# Lines of code  https://github.com/code-423n4/2023-01-timeswap/blob/ef4c84fb8535aad8abd6b67cc45d994337ec4514/packages/v2-pool/src/TimeswapV2PoolFactory.sol#L63   # Vulnerability details  ## Impact Detailed description of the impact of this finding.  There is an error in the if statement of the referenced line of code. It should check for zero address and return an error.   This will prevent the creating a new contract for an existing option pair, even if there is no existing contract for that o"
code4rena,2023-01-timeswap,258,Allows burning from other accounts,bug; 3 (High Risk); unsatisfactory,Other,# Lines of code  https://github.com/code-423n4/2023-01-timeswap/blob/ef4c84fb8535aad8abd6b67cc45d994337ec4514/packages/v2-pool/src/structs/Pool.sol#L452-L455 https://github.com/code-423n4/2023-01-timeswap/blob/ef4c84fb8535aad8abd6b67cc45d994337ec4514/packages/v2-pool/src/structs/Pool.sol#L364   # Vulnerability details  ## Impact Anyone can burn the liquidamount before maturity by calling burn() in Pool.sol  ## Proof of Concept 364 : liquidityPosition.mint(liquidityAmount); https://github.com/cod
code4rena,2023-01-timeswap,251,"In `TimeswapV2LiquidityToken.sol` and `TimeswapV2Token.sol`, different positions might be minted to the same id.",bug; 3 (High Risk); satisfactory; sponsor confirmed; duplicate-219,Other,# Lines of code  https://github.com/code-423n4/2023-01-timeswap/blob/ef4c84fb8535aad8abd6b67cc45d994337ec4514/packages/v2-token/src/base/ERC1155Enumerable.sol#L154-L163 https://github.com/code-423n4/2023-01-timeswap/blob/ef4c84fb8535aad8abd6b67cc45d994337ec4514/packages/v2-token/src/base/ERC1155Enumerable.sol#L36 https://github.com/code-423n4/2023-01-timeswap/blob/ef4c84fb8535aad8abd6b67cc45d994337ec4514/packages/v2-token/src/TimeswapV2LiquidityToken.sol#L113-L117   # Vulnerability details  ## I
code4rena,2023-01-timeswap,249,User can open position without depositing tokens,bug; 3 (High Risk); unsatisfactory,Deposit,# Lines of code  https://github.com/code-423n4/2023-01-timeswap/blob/ef4c84fb8535aad8abd6b67cc45d994337ec4514/packages/v2-token/src/TimeswapV2Token.sol#L76-L195 https://github.com/code-423n4/2023-01-timeswap/blob/ef4c84fb8535aad8abd6b67cc45d994337ec4514/packages/v2-token/src/TimeswapV2Token.sol#L172   # Vulnerability details  ## Impact  User can mint long/short tokens without depositing anything. This is because the function on LN 172 doesn't check the contents of the returned data from the func
code4rena,2023-01-timeswap,223,Lack of access control in certain functions within TimeswapV2LiquidityToken & TimeswapV2LiquidityToken contracts,bug; 3 (High Risk); unsatisfactory,Other,# Lines of code  https://github.com/code-423n4/2023-01-timeswap/blob/main/packages/v2-token/src/TimeswapV2LiquidityToken.sol#L99 https://github.com/code-423n4/2023-01-timeswap/blob/main/packages/v2-token/src/TimeswapV2LiquidityToken.sol#L150 https://github.com/code-423n4/2023-01-timeswap/blob/main/packages/v2-token/src/TimeswapV2LiquidityToken.sol#L182 https://github.com/code-423n4/2023-01-timeswap/blob/main/packages/v2-token/src/TimeswapV2Token.sol#L76 https://github.com/code-423n4/2023-01-time
code4rena,2023-01-timeswap,219,TimeswapV2LiquidityToken should not use totalSupply()+1 as tokenId,bug; 3 (High Risk); primary issue; satisfactory; selected for report; upgraded by judge; edited-by-warden; H-02,Other,"# Lines of code  https://github.com/code-423n4/2023-01-timeswap/blob/main/packages/v2-token/src/TimeswapV2LiquidityToken.sol#L114 https://github.com/code-423n4/2023-01-timeswap/blob/main/packages/v2-token/src/TimeswapV2Token.sol#L103   # Vulnerability details  ## Impact  Assuming ERC1155Enumerable is acting normally, there is a **Accounting Issue** about TimeswapV2LiquidityToken and TimeswapV2Token's tokenId.  Different liquidities can have the same `tokenId`, leading to serious balance manipula"
code4rena,2023-01-timeswap,206,[H-01] Lack of access control allow attacker to transferTokenPositionFrom()with other user's wallet balance,bug; 3 (High Risk); unsatisfactory,Fund Theft,"# Lines of code  https://github.com/code-423n4/2023-01-timeswap/blob/ef4c84fb8535aad8abd6b67cc45d994337ec4514/packages/v2-token/src/TimeswapV2Token.sol#L71-L72   # Vulnerability details  ## Impact This issue allows anyone to transferTokenPositionFrom() and steal almost all their wallet balances for all the users who have approved the contract before.  ## Proof of Concept Funds are transferred from the from parameter, and the output tokens are transferred to the to parameter, both passed by the c"
code4rena,2023-01-timeswap,200,Timeswap Options has no reentry check and is providing a set of flashloan with no fees,bug; 3 (High Risk); unsatisfactory; edited-by-warden,Flash Loan,"# Lines of code  https://github.com/code-423n4/2023-01-timeswap/blob/ef4c84fb8535aad8abd6b67cc45d994337ec4514/packages/v2-option/src/TimeswapV2Option.sol#L109-L195   # Vulnerability details  ## high-flashloan-provider @timeswap  ## Impact In the file `/package/v2-option/TimeswapV2Option.sol`, There are a range of functions that has no Reentry check. As a consequence, when the contract call back `msg.sender`, an attacker can then reeentry in his own callee contract. As an example, A user can call"
code4rena,2023-01-timeswap,194,A malicious rebalancer can imbalance the `constant sum` nature of long token pool by depositing a larger number of input tokens for a smaller number of output tokens. This also imbalances the `constant product` nature of 3 token pool,bug; 3 (High Risk); sponsor disputed; unsatisfactory,"Interest Rate, Deposit, Withdraw",# Lines of code  https://github.com/code-423n4/2023-01-timeswap/blob/ef4c84fb8535aad8abd6b67cc45d994337ec4514/packages/v2-pool/src/TimeswapV2Pool.sol#L497   # Vulnerability details  ## Impact `Token0` and `Token1` follow the properties of a `constant sum` pool. delta_x (token0 change) is balanced proportionately by delta_y (token1 change adjusted for strike). Arbitrageurs can use the `constant sum` property to rebalance the pool based on the level of `strike` viz-a-viz the DEX spot  This balance
code4rena,2023-01-timeswap,192,Malicious lender can create pool imbalance by tricking V2 pool into accepting disproportionately large number of long tokens in exchange for short tokens,bug; 3 (High Risk); sponsor disputed; unsatisfactory,"Interest Rate, Deposit",# Lines of code  https://github.com/code-423n4/2023-01-timeswap/blob/ef4c84fb8535aad8abd6b67cc45d994337ec4514/packages/v2-pool/src/TimeswapV2Pool.sol#L403 https://github.com/code-423n4/2023-01-timeswap/blob/ef4c84fb8535aad8abd6b67cc45d994337ec4514/packages/v2-pool/src/structs/Pool.sol#L532   # Vulnerability details  ## Impact Timeswap V2 Pool works on constant product AMM where the total long tokens & short tokens follow the equation `total long * total short = L`. Any increase in short tokens c
code4rena,2023-01-timeswap,191,Malicious borrower can create pool imbalance by tricking the V2 pool to send lesser number of long tokens in exchange for short tokens,bug; 3 (High Risk); sponsor disputed; unsatisfactory,"Interest Rate, Borrow Logic, Collateral",# Lines of code  https://github.com/code-423n4/2023-01-timeswap/blob/ef4c84fb8535aad8abd6b67cc45d994337ec4514/packages/v2-pool/src/TimeswapV2Pool.sol#L453 https://github.com/code-423n4/2023-01-timeswap/blob/ef4c84fb8535aad8abd6b67cc45d994337ec4514/packages/v2-pool/src/structs/Pool.sol#L615   # Vulnerability details  ## Impact Timeswap V2 Pool works on constant product AMM where total long tokens & short tokens follow the equation `total long * total short = L`. Any increase in long tokens has to
code4rena,2023-01-timeswap,187,User receives lesser number of `Long` Tokens on burning Pool liquidity resulting in loss of user funds,bug; 3 (High Risk); primary issue; sponsor disputed; unsatisfactory,Other,# Lines of code  https://github.com/code-423n4/2023-01-timeswap/blob/ef4c84fb8535aad8abd6b67cc45d994337ec4514/packages/v2-pool/src/TimeswapV2Pool.sol#L335 https://github.com/code-423n4/2023-01-timeswap/blob/ef4c84fb8535aad8abd6b67cc45d994337ec4514/packages/v2-pool/src/structs/Pool.sol#L438 https://github.com/code-423n4/2023-01-timeswap/blob/ef4c84fb8535aad8abd6b67cc45d994337ec4514/packages/v2-library/src/Error.sol#L152   # Vulnerability details  ## Impact Protocol currently uses 2 levels of call
code4rena,2023-01-timeswap,186,Loss of `Long` tokens when users send excess tokens to pool while minting LP tokens,bug; 3 (High Risk); unsatisfactory; duplicate-187,Other,# Lines of code  https://github.com/code-423n4/2023-01-timeswap/blob/ef4c84fb8535aad8abd6b67cc45d994337ec4514/packages/v2-pool/src/structs/Pool.sol#L359 https://github.com/code-423n4/2023-01-timeswap/blob/ef4c84fb8535aad8abd6b67cc45d994337ec4514/packages/v2-pool/src/TimeswapV2Pool.sol#L293 https://github.com/code-423n4/2023-01-timeswap/blob/ef4c84fb8535aad8abd6b67cc45d994337ec4514/packages/v2-library/src/Error.sol#L152   # Vulnerability details  ## Impact  Protocol currently uses 2 levels of cal
code4rena,2023-01-timeswap,153,`TimeswapV2LiquidityToken`: `collect()` will always revert because it uses the wrong parameters when calling `ITimeswapV2Pool.transferFees()`,bug; 3 (High Risk); satisfactory; upgraded by judge; duplicate-121,Other,"# Lines of code  https://github.com/code-423n4/2023-01-timeswap/blob/ef4c84fb8535aad8abd6b67cc45d994337ec4514/packages/v2-token/src/TimeswapV2LiquidityToken.sol#L193   # Vulnerability details  ## Proof of Concept `collect()` uses the wrong paramenters when calling `ITimeswapV2Pool.transferFees()`. It uses `long0Fees`, `long1Fees`, and `shortFees` instead of `param.long0FeesDesired`, `param.long1FeesDesired`, and `param.shortFeesDesired`. The former 3 are defined in the function's returns paramen"
code4rena,2023-01-timeswap,150,[M] `TimeswapV2LiquidityToken.sol#collect()`  Incorrect implementation causing collect always fail,bug; 3 (High Risk); satisfactory; upgraded by judge; duplicate-121,Reentrancy,"# Lines of code  https://github.com/code-423n4/2023-01-timeswap/blob/ef4c84fb8535aad8abd6b67cc45d994337ec4514/packages/v2-token/src/TimeswapV2LiquidityToken.sol#L181-L222   # Vulnerability details  ## Impact  The function `collect()` in the provided code is supposed to transfer transaction fees from a liquidity token position to a recipient address.   However, the function currently has an issue where the `long0Fees`, `long1Fees`, and `shortFees` variables are not initialized before being passed"
code4rena,2023-01-timeswap,146,"The `transferFeesFrom` function does not check if the ""from"" address is the actual owner of the position before transferring the fees.",bug; 3 (High Risk); unsatisfactory,Fund Theft,"# Lines of code  https://github.com/code-423n4/2023-01-timeswap/blob/ef4c84fb8535aad8abd6b67cc45d994337ec4514/packages/v2-token/src/TimeswapV2LiquidityToken.sol#L75-L96   # Vulnerability details  ## Impact The code Doesn't check if the `from` address is the owner of the position before transferring the fees. If the `from` address is not the owner of the position, an attacker could potentially transfer fees from another user's position without their permission. This is an Access control vulnerabi"
code4rena,2023-01-timeswap,142,Unchecked Token Minting: A Critical Vulnerability in Timeswap V2 Token Contract,invalid; 3 (High Risk); withdrawn by warden,"Share Inflation, Fund Theft, Fund Loss","# Lines of code  https://github.com/code-423n4/2023-01-timeswap/blob/main/packages/v2-token/src/TimeswapV2Token.sol#L76   # Vulnerability details  ## Impact  It allows an attacker to mint new tokens without proper checks and validations, which can result in an inflation of the total supply of tokens and a loss of funds for the contract's owner or users. The contract's ""mint"" function allows the attacker to mint new tokens without any restrictions  ## Proof of Concept  #### code   ``` contract At"
code4rena,2023-01-timeswap,140,Reentrancy attack to swap(),invalid; 3 (High Risk); withdrawn by warden,Reentrancy,"# Lines of code  https://github.com/code-423n4/2023-01-timeswap/blob/ef4c84fb8535aad8abd6b67cc45d994337ec4514/packages/v2-option/src/TimeswapV2Option.sol#L223-L232   # Vulnerability details  ## Impact Detailed description of the impact of this finding. A malicious contract can initiate a reentrancy attack to the ``swap()`` function:  it can swap ``token0`` for ``token1``, receiving ``token0`` but without effectively providing the due ``token1`` amount (used to mint instead).   ## Proof of Concep"
code4rena,2023-01-timeswap,139,Pool.sol: The collectProtocolFees() function can be called by anyone,bug; 3 (High Risk); unsatisfactory; edited-by-warden,Other,"# Lines of code  https://github.com/code-423n4/2023-01-timeswap/blob/main/packages/v2-pool/src/structs/Pool.sol#L210-L249   # Vulnerability details  ## Impact As specified in the documentation, the collectProtocolFees() should be called only by the protocol owner. However, as this is an external function, an attacker is able to call it and to perform the actions inside the function.  ## Proof of Concept https://github.com/code-423n4/2023-01-timeswap/blob/main/packages/v2-pool/src/structs/Pool.so"
code4rena,2023-01-timeswap,136,Unsecured usage of msg.sender in smart contract functions TimeswapV2Pool.sol.,bug; 3 (High Risk); unsatisfactory,Fund Theft,# Lines of code  https://github.com/code-423n4/2023-01-timeswap/blob/ef4c84fb8535aad8abd6b67cc45d994337ec4514/packages/v2-pool/src/TimeswapV2Pool.sol#L453-L455 https://github.com/code-423n4/2023-01-timeswap/blob/ef4c84fb8535aad8abd6b67cc45d994337ec4514/packages/v2-pool/src/TimeswapV2Pool.sol#L261 https://github.com/code-423n4/2023-01-timeswap/blob/ef4c84fb8535aad8abd6b67cc45d994337ec4514/packages/v2-pool/src/TimeswapV2Pool.sol#L475   # Vulnerability details  ## Impact  The bug is related to the 
code4rena,2023-01-timeswap,127,Missing Access Controls in Liquidity Position Library,bug; 3 (High Risk); unsatisfactory,Other,# Lines of code  https://github.com/code-423n4/2023-01-timeswap/blob/ef4c84fb8535aad8abd6b67cc45d994337ec4514/packages/v2-pool/src/structs/LiquidityPosition.sol#L33-L38 https://github.com/code-423n4/2023-01-timeswap/blob/ef4c84fb8535aad8abd6b67cc45d994337ec4514/packages/v2-pool/src/structs/LiquidityPosition.sol#L51 https://github.com/code-423n4/2023-01-timeswap/blob/ef4c84fb8535aad8abd6b67cc45d994337ec4514/packages/v2-pool/src/structs/LiquidityPosition.sol#L65 https://github.com/code-423n4/2023-
code4rena,2023-01-timeswap,123,"Unauthorized Access to Transaction Fees in the ""collectTransactionFees"" Function",bug; 3 (High Risk); unsatisfactory,Other,"# Lines of code  https://github.com/code-423n4/2023-01-timeswap/blob/ef4c84fb8535aad8abd6b67cc45d994337ec4514/packages/v2-pool/src/structs/Pool.sol#L281 https://github.com/code-423n4/2023-01-timeswap/blob/ef4c84fb8535aad8abd6b67cc45d994337ec4514/packages/v2-pool/src/structs/Pool.sol#L262-L282   # Vulnerability details  ## Impact  ```solidity (long0Amount, long1Amount, shortAmount) = liquidityPosition.collectTransactionFees(long0Requested, long1Requested, shortRequested); ``` It doesn't check whe"
code4rena,2023-01-timeswap,122,Unchecked token decimals,bug; 3 (High Risk); unsatisfactory,Withdraw,"# Lines of code  https://github.com/code-423n4/2023-01-timeswap/blob/ef4c84fb8535aad8abd6b67cc45d994337ec4514/packages/v2-option/src/TimeswapV2Option.sol#L205 https://github.com/code-423n4/2023-01-timeswap/blob/ef4c84fb8535aad8abd6b67cc45d994337ec4514/packages/v2-option/src/structs/Option.sol#L164-L169   # Vulnerability details  ## Impact coins can have differeant decimal points.For example, btc has 8,USDC has 6,eth has 18 etc.When try to swap this will lead some unexpected behaviour.  ## Proof "
code4rena,2023-01-timeswap,121,"The collect() function will always TRANSFER ZERO fees, losing _feesPositions without receiving fees!",bug; 3 (High Risk); primary issue; satisfactory; selected for report; sponsor confirmed; edited-by-warden; H-03,Other,"# Lines of code  https://github.com/code-423n4/2023-01-timeswap/blob/ef4c84fb8535aad8abd6b67cc45d994337ec4514/packages/v2-token/src/TimeswapV2LiquidityToken.sol#L193   # Vulnerability details  ## Impact Detailed description of the impact of this finding. The ``collect()`` function will always transfer ZERO fees. At the same time, non-zero ``_fessPosition`` will be burned.  ``` _feesPositions[id][msg.sender].burn(long0Fees, long1Fees, shortFees); ``` As a result, the contracts will be left in an "
code4rena,2023-01-timeswap,114,There are two bugs in the implementation of _removeTokenFromOwnerEnumeration(),invalid; 3 (High Risk); withdrawn by warden,Other,"# Lines of code  https://github.com/code-423n4/2023-01-timeswap/blob/ef4c84fb8535aad8abd6b67cc45d994337ec4514/packages/v2-token/src/base/ERC1155Enumerable.sol#L136-L149   # Vulnerability details  ## Impact Detailed description of the impact of this finding. There are two bugs in the implementation of ``_removeTokenFromOwnerEnumeration()``  ## Proof of Concept Provide direct links to all referenced code in GitHub. Add screenshots, logs, or any other relevant proof that illustrates the concept. Th"
code4rena,2023-01-timeswap,94,DOS attack to updateProcess(),bug; 3 (High Risk); sponsor acknowledged; unsatisfactory; edited-by-warden,DoS,"# Lines of code  https://github.com/code-423n4/2023-01-timeswap/blob/ef4c84fb8535aad8abd6b67cc45d994337ec4514/packages/v2-option/src/structs/Process.sol#L33-L45   # Vulnerability details  ## Impact Detailed description of the impact of this finding. The ``updateProcess()`` iterates though each element in ``Process[]`` array, therefore, it is subject to a DOS attack  when a malicious user can increase the length of ``Process[]`` such that ``updateProcess()``  runs out of gas.  ## Proof of Concept"
code4rena,2023-01-timeswap,90,Important changes to state are made after external calls in collect(),bug; 3 (High Risk); unsatisfactory; edited-by-warden,Reentrancy,"# Lines of code  https://github.com/code-423n4/2023-01-timeswap/blob/main/packages/v2-option/src/TimeswapV2Option.sol#L258-L275   # Vulnerability details  ## Impact In TimeswapV2Option.sol, the collect() function has external calls and callbacks in the middle of the function before important changes to state variables take place (update to option balances).   If a reentrancy occurs by triggering the timeswapV2OptionCollectCallback() callback, it will reach a state where TimeswapV2Option.totalPos"
code4rena,2023-01-timeswap,89,Important changes to state are made after external calls in swap(),bug; 3 (High Risk); unsatisfactory; edited-by-warden,Reentrancy,"# Lines of code  https://github.com/code-423n4/2023-01-timeswap/blob/main/packages/v2-option/src/TimeswapV2Option.sol#L219-L232   # Vulnerability details  ## Impact In TimeswapV2Option.sol, the swap() function has external calls and callbacks in the middle of the function before important changes to state variables take place (update to option balances).   If a reentrancy occurs by triggering the timeswapV2OptionSwapCallback() callback, it will reach a state where TimeswapV2Option.totalPosition("
code4rena,2023-01-timeswap,88,Important changes to state are made after external calls in burn(),bug; 3 (High Risk); unsatisfactory; edited-by-warden,Reentrancy,"# Lines of code  https://github.com/code-423n4/2023-01-timeswap/blob/main/packages/v2-option/src/TimeswapV2Option.sol#L171-L188   # Vulnerability details  ## Impact In TimeswapV2Option.sol, the burn() function has external calls and a callback in the middle of the function before important changes to state variables take place (update to option balances).   If a reentrancy occurs by triggering the timeswapV2OptionBurnCallback() callback or ERC20 safeTransfer(), it will reach a state where Timesw"
code4rena,2023-01-timeswap,83, Incompatible 'delete' keyword usage in Solidity 0.8.8 causing compilation error.,bug; 3 (High Risk); unsatisfactory,Other,"# Lines of code  https://github.com/code-423n4/2023-01-timeswap/blob/ef4c84fb8535aad8abd6b67cc45d994337ec4514/packages/v2-pool/src/TimeswapV2PoolDeployer.sol#L30   # Vulnerability details  ## Impact  ```solidity delete parameter; ``` This line tries to zero out the storage variable ""parameter"", but the ""delete"" keyword is not available in solidity version 0.8.8. This will cause a compilation error and prevent the contract from being deployed. This can cause a loss of functionality and potential "
code4rena,2023-01-timeswap,80,Reentrancy Vulnerability in No Delegate Call Contract,bug; 3 (High Risk); unsatisfactory,"Reentrancy, Fund Drain, Fund Loss",# Lines of code  https://github.com/code-423n4/2023-01-timeswap/blob/ef4c84fb8535aad8abd6b67cc45d994337ec4514/packages/v2-option/src/TimeswapV2Option.sol#L10 https://github.com/code-423n4/2023-01-timeswap/blob/ef4c84fb8535aad8abd6b67cc45d994337ec4514/packages/v2-option/src/TimeswapV2Option.sol#L32   # Vulnerability details  ## Impact  This vulnerability can allow an attacker to repeatedly call the contract in a malicious way that could potentially cause an infinite loop and exhaust the contract'
code4rena,2023-01-timeswap,63,TimeswapV2Pool.sol: The transferLiquidity() function does not verify the available liquidity in the pool,bug; 3 (High Risk); unsatisfactory,Other,# Lines of code  https://github.com/code-423n4/2023-01-timeswap/blob/main/packages/v2-pool/src/TimeswapV2Pool.sol#L152-L162   # Vulnerability details  ## Impact The transferLiquidity() function does not check if the liquidityAmount variable is greater than the available liquidity in the pool. A caller can enter a liquidityAmount value which is greater than the available liquidity in the pool and this could lead to an unexpected behavior.   ## Proof of Concept https://github.com/code-423n4/2023-0
code4rena,2023-01-timeswap,62,TimeswapV2Pool.sol: The collectTransactionFees() function does not verify the msg.sender,bug; 3 (High Risk); unsatisfactory,Other,"# Lines of code  https://github.com/code-423n4/2023-01-timeswap/blob/main/packages/v2-pool/src/TimeswapV2Pool.sol#L202-L220   # Vulnerability details  ## Impact The collectTransactionFees() function does not check the msg.sender address, meaning that anyone can collect the transaction fees for themselves, regardless of whether or not they are the rightful owner of the positions.   ## Proof of Concept https://github.com/code-423n4/2023-01-timeswap/blob/main/packages/v2-pool/src/TimeswapV2Pool.sol"
code4rena,2023-01-timeswap,60,"Endless List Growth, the Unbounded Array Vulnerability in TimeswapV2Option Contract",bug; 3 (High Risk); unsatisfactory,Other,"# Lines of code  https://github.com/code-423n4/2023-01-timeswap/blob/ef4c84fb8535aad8abd6b67cc45d994337ec4514/packages/v2-option/src/TimeswapV2Option.sol#L59   # Vulnerability details  ## Impact  ``` listOfOptions.push(StrikeAndMaturity({strike: strike, maturity: maturity})); ``` in the function `addOptionEnumerationIfNecessary`, which is called in multiple other functions. This line of code pushes a new option to the `listOfOptions` array, but there is no mechanism to prevent the array from gro"
code4rena,2023-01-timeswap,59,"Lack of reentrancy protection in smart contract using NoDelegateCall, TimeswapV2Option.",bug; 3 (High Risk); unsatisfactory,Reentrancy,"# Lines of code  https://github.com/code-423n4/2023-01-timeswap/blob/ef4c84fb8535aad8abd6b67cc45d994337ec4514/packages/v2-option/src/TimeswapV2Option.sol#L10 https://github.com/code-423n4/2023-01-timeswap/blob/ef4c84fb8535aad8abd6b67cc45d994337ec4514/packages/v2-option/src/TimeswapV2Option.sol#L32   # Vulnerability details  ## Impact  Contract uses the `NoDelegateCall` contract.  ``` import {NoDelegateCall} from ""./NoDelegateCall.sol""; ... contract TimeswapV2Option is ITimeswapV2Option, NoDelega"
code4rena,2023-01-timeswap,56,Unauthorized Execution of Create Function in TimeswapV2PoolFactory Contract,bug; 3 (High Risk); unsatisfactory,Other,# Lines of code  https://github.com/code-423n4/2023-01-timeswap/blob/ef4c84fb8535aad8abd6b67cc45d994337ec4514/packages/v2-pool/src/TimeswapV2PoolFactory.sol#L59-L70 https://github.com/code-423n4/2023-01-timeswap/blob/ef4c84fb8535aad8abd6b67cc45d994337ec4514/packages/v2-pool/src/TimeswapV2PoolFactory.sol#L69   # Vulnerability details  ## Impact ``` function create(address optionPair) external override returns (address pair) {     if (optionPair == address(0)) Error.zeroAddress();     pair = pairs
code4rena,2023-01-timeswap,49,Library Not Checking for `msg.sender` or `msg.data` Modification.,bug; 3 (High Risk); unsatisfactory; edited-by-warden,Other,"# Lines of code  https://github.com/code-423n4/2023-01-timeswap/blob/ef4c84fb8535aad8abd6b67cc45d994337ec4514/packages/v2-pool/src/TimeswapV2Pool.sol#L252-L257   # Vulnerability details  ## Impact ```solidity function mint(     TimeswapV2PoolMintParam calldata param,     bool isQuote,     uint96 durationForward ) private noDelegateCall returns (uint160 liquidityAmount, uint256 long0Amount, uint256 long1Amount, uint256 shortAmount, bytes memory data) { ``` The contract uses the `NoDelegateCall` l"
code4rena,2023-01-timeswap,46,"Callback function implementation check missing in ""mint"" function",bug; 3 (High Risk); unsatisfactory,"Deposit, Fund Loss","# Lines of code  https://github.com/code-423n4/2023-01-timeswap/blob/ef4c84fb8535aad8abd6b67cc45d994337ec4514/packages/v2-pool/src/TimeswapV2Pool.sol#L277-L287   # Vulnerability details  ## Impact  `mint` function in the smart contract uses a callback function, `ITimeswapV2PoolMintCallback(msg.sender).timeswapV2PoolMintCallback()`, to ask the `msg.sender` to transfer positions into the contract address. However, it does not check if the callback function is implemented by the `msg.sender` contra"
code4rena,2023-01-timeswap,45,"Missing Authorization Check in ""collect"" function for Position Transfer.",bug; 3 (High Risk); unsatisfactory,Other,"# Lines of code  https://github.com/code-423n4/2023-01-timeswap/blob/ef4c84fb8535aad8abd6b67cc45d994337ec4514/packages/v2-pool/src/TimeswapV2Pool.sol#L231-L237   # Vulnerability details  ## Impact `collect` function does not check if the `msg.sender` has the authority to collect positions from the pool, it should check if `msg.sender` is the owner of the `positions`.  ``` function collect(uint256 strike, uint256 maturity, address long0To, address long1To, address shortTo, uint256 long0Amount, ui"
code4rena,2023-01-timeswap,42,Lack of Reentrancy protection in deploy function. `TimeswapV2PoolDeployer`,bug; 3 (High Risk); unsatisfactory,"Reentrancy, Fund Loss","# Lines of code  https://github.com/code-423n4/2023-01-timeswap/blob/ef4c84fb8535aad8abd6b67cc45d994337ec4514/packages/v2-pool/src/TimeswapV2PoolDeployer.sol#L25-L31   # Vulnerability details  ## Impact  ``` function deploy(address poolFactory, address optionPair, uint256 transactionFee, uint256 protocolFee) internal returns (address poolPair) {         parameter = Parameter({poolFactory: poolFactory, optionPair: optionPair, transactionFee: transactionFee, protocolFee: protocolFee});          po"
code4rena,2023-01-timeswap,41,Lack of Input Validation on `poolFactory` address not checked for contract validation.,bug; 3 (High Risk); unsatisfactory; edited-by-warden,"Fund Theft, Fund Loss","# Lines of code  https://github.com/code-423n4/2023-01-timeswap/blob/ef4c84fb8535aad8abd6b67cc45d994337ec4514/packages/v2-pool/src/TimeswapV2PoolDeployer.sol#L25-L26 https://github.com/code-423n4/2023-01-timeswap/blob/ef4c84fb8535aad8abd6b67cc45d994337ec4514/packages/v2-pool/src/TimeswapV2PoolDeployer.sol#L26   # Vulnerability details  ## Impact ```solidity function deploy(address poolFactory, address optionPair, uint256 transactionFee, uint256 protocolFee) internal returns (address poolPair) { "
code4rena,2023-01-timeswap,37,Some token pair pools can never be created,bug; 3 (High Risk); unsatisfactory; edited-by-warden,Other,"# Lines of code  https://github.com/code-423n4/2023-01-timeswap/blob/ef4c84fb8535aad8abd6b67cc45d994337ec4514/packages/v2-option/src/TimeswapV2OptionDeployer.sol#L32-L35 https://github.com/code-423n4/2023-01-timeswap/blob/ef4c84fb8535aad8abd6b67cc45d994337ec4514/packages/v2-pool/src/TimeswapV2PoolDeployer.sol#L25-L29   # Vulnerability details  ## Impact when try to deploy pool or option contract if created address has been deployed before, there is no chance to create this pair. ## Proof of Conc"
code4rena,2023-01-timeswap,29,Brute Force Attack Vulnerability in Reentrancy Guard Key Generation,bug; 3 (High Risk); unsatisfactory,Reentrancy,# Lines of code  https://github.com/code-423n4/2023-01-timeswap/blob/ef4c84fb8535aad8abd6b67cc45d994337ec4514/packages/v2-token/src/TimeswapV2Token.sol#L46 https://github.com/code-423n4/2023-01-timeswap/blob/ef4c84fb8535aad8abd6b67cc45d994337ec4514/packages/v2-token/src/TimeswapV2Token.sol#L53 https://github.com/code-423n4/2023-01-timeswap/blob/ef4c84fb8535aad8abd6b67cc45d994337ec4514/packages/v2-token/src/TimeswapV2Token.sol#L61   # Vulnerability details  ## Impact  ``` bytes32 key = keccak256(
code4rena,2023-01-timeswap,25,anyone can burn tokens in TimeswapV2LiquidityToken.sol,bug; 3 (High Risk); unsatisfactory,Other,# Lines of code  https://github.com/code-423n4/2023-01-timeswap/blob/ef4c84fb8535aad8abd6b67cc45d994337ec4514/packages/v2-token/src/TimeswapV2LiquidityToken.sol#L150-L179   # Vulnerability details  ## Impact Anyone can burn tokens in TokenswapV2LiquidityToken.sol. I believe it is assumed that most critical functions in TimeswapV2LiquidityToken.sol can only be called by Liquidity Providers. But there is no check/protection to ensure that.  ## Proof of Concept The External function burn() is acces
code4rena,2023-01-timeswap,23,Anyone can use the external function transferTokenPositionFrom() not only the liquidity provider,bug; 3 (High Risk); unsatisfactory,Other,# Lines of code  https://github.com/code-423n4/2023-01-timeswap/blob/ef4c84fb8535aad8abd6b67cc45d994337ec4514/packages/v2-token/src/TimeswapV2LiquidityToken.sol#L70-L72   # Vulnerability details  ## Impact Anyone can use this critical external function transferTokenPositionFrom() found in TimeswapV2LiquidityToken.sol. This function was meant to be used by only the liquidity providers. It transfers the position of tokens used by liquidity providers to add liquidity to pools.  so anyone can transf
code4rena,2023-01-timeswap,22,Anyone can earn the transaction fees not only Liquidity Providers.,invalid; 3 (High Risk); withdrawn by warden,Other,"# Lines of code  https://github.com/code-423n4/2023-01-timeswap/blob/ef4c84fb8535aad8abd6b67cc45d994337ec4514/packages/v2-token/src/TimeswapV2LiquidityToken.sol#L75-L96   # Vulnerability details  ## Impact in TimeswapV2LiquidityToken.sol, the external function transferFeesFrom() is not protected to make sure that it's only accessible to the liquidity providers. Therefore anyone under the guise of msg.sender can call it and earn/transfer the transaction fees meant only for the liquidity providers"
code4rena,2023-01-timeswap,18,TimeswapV2Pool functions can reentrant even there is raiseGuard,bug; 3 (High Risk); unsatisfactory; edited-by-warden,Reentrancy,"# Lines of code  https://github.com/code-423n4/2023-01-timeswap/blob/main/packages/v2-pool/src/TimeswapV2Pool.sol#L277   # Vulnerability details  ## Impact The reentrancy protection on TimeswapV2Pool of mint, burn, leverage and deleverage can reentrant and attacker may mint more than what he was supposed to mint  ## Proof of Concept The TimeswapV2Pool. deleverage function (taking that function as example for the report) works that way,  it first raises the reentrancy guard on the provided `param"
code4rena,2023-01-timeswap,5,"LENDERS/BORROWERS CAN CREATE POOLS AS LIQUIDITY PROVIDERS, MANIPULATE LENDING/BORROWING POSITIONS AND PAY TRANSACTION FEES TO THEMSELVES",bug; 3 (High Risk); unsatisfactory; edited-by-warden,Borrow Logic,# Lines of code  https://github.com/code-423n4/2023-01-timeswap/blob/ef4c84fb8535aad8abd6b67cc45d994337ec4514/packages/v2-pool/src/TimeswapV2PoolFactory.sol#L59-L70 https://github.com/code-423n4/2023-01-timeswap/blob/ef4c84fb8535aad8abd6b67cc45d994337ec4514/packages/v2-pool/src/TimeswapV2PoolDeployer.sol#L25-L31   # Vulnerability details  ## Impact According to the whitepaper only liquidity providers should be able to create pools. but here a lender or borrower can create a pool as a liquidity p
code4rena,2023-06-lybra,990,flashloan stealing staking reward,bug; 3 (High Risk); low quality report; primary issue; unsatisfactory,"Withdraw, Fund Theft","# Lines of code  https://github.com/code-423n4/2023-06-lybra/blob/7b73ef2fbb542b569e182d9abf79be643ca883ee/contracts/lybra/miner/stakerewardV2pool.sol#L107   # Vulnerability details  ## Impact  The report reveals a vulnerability where a flashloan can be used to steal staking rewards. The provided proof of concept demonstrates the issue, where a user can take advantage of the earned rewards calculation using the spot balance. By flashloaning a large amount of tokens, staking them, and immediately"
code4rena,2023-06-lybra,985,`_voteSucceeded` and `proposals` give opposite result,bug; 3 (High Risk); satisfactory; duplicate-15,Other,"# Lines of code  https://github.com/code-423n4/2023-06-lybra/blob/main/contracts/lybra/governance/LybraGovernance.sol#L66-L68 https://github.com/code-423n4/2023-06-lybra/blob/main/contracts/lybra/governance/LybraGovernance.sol#L120-L121   # Vulnerability details  ## Impact In the `LybraGovernance` contract, the `_voteSucceeded` function returns true if `supportVotes[1]` > `supportVotes[0]`. At the same time in the `proposals` function `supportVotes[0]` is returned as `forVotes` and `supportVotes"
code4rena,2023-06-lybra,982,A user could drain collateral from LybraStETHVault.sol even if they have redeemed all their eUSD for their deposited collateral,bug; 3 (High Risk); low quality report; unsatisfactory,"Borrow Logic, Deposit, Vault","# Lines of code  https://github.com/code-423n4/2023-06-lybra/blob/main/contracts/lybra/pools/base/LybraEUSDVaultBase.sol#L232   # Vulnerability details  ## Impact Suppose a user deposits certain Ether and mints eUSD. The user collects mining rewards for sometime (assuming that the their earnings are not claimable by others). After sometime, the user redeems all their eUSD for StETH. Now, even after redemption, the user would still continue to get mining rewards in esLBR, through which they could"
code4rena,2023-06-lybra,978,_voteSucceeded check is invalid,bug; 3 (High Risk); satisfactory; duplicate-15,Other,# Lines of code  https://github.com/code-423n4/2023-06-lybra/blob/7b73ef2fbb542b569e182d9abf79be643ca883ee/contracts/lybra/governance/LybraGovernance.sol#L63-L68   # Vulnerability details  ## Impact ```     //@audit-issue wrong check vote succeeded is when 0 > 1     function _voteSucceeded(uint256 proposalId) internal view override returns (bool){         return proposalData[proposalId].supportVotes[1] > proposalData[proposalId].supportVotes[0];     } ``` _voteSucceeded is a function that checks
code4rena,2023-06-lybra,972, _quorumReached does not add all votes,bug; 3 (High Risk); satisfactory; duplicate-14,Other,# Lines of code  https://github.com/code-423n4/2023-06-lybra/blob/7b73ef2fbb542b569e182d9abf79be643ca883ee/contracts/lybra/governance/LybraGovernance.sol#L57-L61   # Vulnerability details  ## Impact _quorumReached is a function that checks if the Amount of votes already cast passes the threshold limit. But the function does not add all votes  ```solidity      //@audit-issue quorum reached does not add all votes     function _quorumReached(uint256 proposalId) internal view override returns (bool)
code4rena,2023-06-lybra,971,`quorumReached` does not account for `forVotes`,bug; 3 (High Risk); satisfactory; upgraded by judge; duplicate-14,Other,"# Lines of code  https://github.com/code-423n4/2023-06-lybra/blob/main/contracts/lybra/governance/LybraGovernance.sol#L56-L61   # Vulnerability details  ## Impact `quorumReached` does not account for `forVotes`.  ## Proof of Concept The `supportVodes` mapping of the `ProposalExtraData` struct consists of three values: `forVotes`, `againstVotes` and `abstainVotes` respectively on keys 0, 1 and 2. The function:  ``` function _quorumReached(uint256 proposalId) internal view override returns (bool){"
code4rena,2023-06-lybra,970,executeFlashloan() doesn't pass/authenticate the initiator address,bug; 3 (High Risk); satisfactory; upgraded by judge; duplicate-769,"Borrow Logic, Share Manipulation",# Lines of code  https://github.com/code-423n4/2023-06-lybra/blob/7b73ef2fbb542b569e182d9abf79be643ca883ee/contracts/lybra/token/PeUSDMainnetStableVision.sol#L26 https://github.com/code-423n4/2023-06-lybra/blob/7b73ef2fbb542b569e182d9abf79be643ca883ee/contracts/lybra/token/PeUSDMainnetStableVision.sol#L132   # Vulnerability details  ## Impact In PeUSDMainnetStableVision.sol executeFlashloan().  ```Solidity  File: contracts/lybra/token/PeUSDMainnetStableVision.sol  129    function executeFlashloa
code4rena,2023-06-lybra,968,The _spendAllowance function in EUSD contract is labeled as virtual which can be overriden as malicious code,bug; 3 (High Risk); low quality report; unsatisfactory; edited-by-warden,Other,"# Lines of code  https://github.com/code-423n4/2023-06-lybra/blob/7b73ef2fbb542b569e182d9abf79be643ca883ee/contracts/lybra/token/EUSD.sol#L177   # Vulnerability details  ## Impact The _spendAllowance function is labeled as virtual which can be overriden by some malicious code  ## Proof of Concept The attacker could modify the _spendAllowance function to only call _approve function of same contract which is internal and can pass max allowance to himself, here is the proof of concept,   function _"
code4rena,2023-06-lybra,964,stETHs rebase profit stealing,bug; 3 (High Risk); disagree with severity; high quality report; primary issue; unsatisfactory; edited-by-warden,"Collateral, Deposit, Withdraw","# Lines of code  https://github.com/code-423n4/2023-06-lybra/blob/main/contracts/lybra/pools/LybraStETHVault.sol#L81   # Vulnerability details  ## Description It's possible with flashloan from AAVE to capture a big shares amount of eUSD, after each stETH rebase exploiter will buy excessive income, which leads to eUSD rebase due to shares burning, so the exploiter will have most of burned eUSD because they have big amount of eUSD shares. For withdrawal fee discounting they can call `rigidRedempti"
code4rena,2023-06-lybra,963,Missing require statements in onlyRole/checkRole modifiers,bug; 3 (High Risk); satisfactory; duplicate-704,Other,"# Lines of code  https://github.com/code-423n4/2023-06-lybra/blob/7b73ef2fbb542b569e182d9abf79be643ca883ee/contracts/lybra/governance/GovernanceTimelock.sol#L25   # Vulnerability details  In LybraConfigurator.sol, there are two modifiers, checkOnlyRole and checkRole from GovernanceTimelock, designed to verify whether the msg.sender is authorized. However, these modifiers lack ""require"" statements to enforce the condition that the returned boolean must be true. As a result, anyone can call functi"
code4rena,2023-06-lybra,943,`proposals` view function returns wrong voting results,bug; 3 (High Risk); satisfactory; edited-by-warden; duplicate-15,Other,"# Lines of code  https://github.com/code-423n4/2023-06-lybra/blob/7b73ef2fbb542b569e182d9abf79be643ca883ee/contracts/lybra/governance/LybraGovernance.sol#L120-L122   # Vulnerability details  ## Impact Detailed description of the impact of this finding.  Even though, the votes are calculated correctly, the `proposals` view function returns wrong voting results returning `forVotes` results as `againstVotes` amount.   This would negatively impact the users understanding of the proposals voting resu"
code4rena,2023-06-lybra,935,Using `msg.value` instead of `sharesAmount` while depositing Ether through Lido can lead to a loss of funds as stETH is not pegged to ETH with 1:1 ratio,bug; 3 (High Risk); unsatisfactory; edited-by-warden; duplicate-329,"Collateral, Deposit, Vault","# Lines of code  https://github.com/code-423n4/2023-06-lybra/blob/7b73ef2fbb542b569e182d9abf79be643ca883ee/contracts/lybra/pools/LybraStETHVault.sol#L43-L44 https://github.com/code-423n4/2023-06-lybra/blob/7b73ef2fbb542b569e182d9abf79be643ca883ee/contracts/lybra/pools/LybraStETHVault.sol#L51   # Vulnerability details  ## Impact  In case stETH is not pegged to ETH with 1:1 ratio, the `LybraStETHVault.sol` will still store all deposits in ETH value after converting to stETH.  Also, the emitted eve"
code4rena,2023-06-lybra,925,[H] Eth remains stuck in contract due to reversion in convertToPeUSD,bug; 3 (High Risk); low quality report; unsatisfactory,Vault,# Lines of code  https://github.com/code-423n4/2023-06-lybra/blob/7b73ef2fbb542b569e182d9abf79be643ca883ee/contracts/lybra/token/PeUSDMainnetStableVision.sol#L79 https://github.com/code-423n4/2023-06-lybra/blob/7b73ef2fbb542b569e182d9abf79be643ca883ee/contracts/lybra/token/PeUSDMainnetStableVision.sol#L97 https://github.com/code-423n4/2023-06-lybra/blob/7b73ef2fbb542b569e182d9abf79be643ca883ee/contracts/lybra/token/PeUSDMainnetStableVision.sol#L129   # Vulnerability details  ## Impact ETH sent w
code4rena,2023-06-lybra,923,Users with bad collateralization ratio from either rebase/nonrebasevault can bypassliquidation,bug; 3 (High Risk); disagree with severity; primary issue; unsatisfactory,"Liquidation, Borrow Logic, Collateral",# Lines of code  https://github.com/code-423n4/2023-06-lybra/blob/main/contracts/lybra/pools/base/LybraEUSDVaultBase.sol#L232 https://github.com/code-423n4/2023-06-lybra/blob/main/contracts/lybra/pools/base/LybraPeUSDVaultBase.sol#L157   # Vulnerability details  ## Impact users with an unsafe collateralization ratio who are supposed to be liquidated can manipulate the `rigidRedemption` feature to bypass the liquidation. From the code above its noted that being a rigidRedemption provider one can 
code4rena,2023-06-lybra,917,The `LybraRETHVault.depositEtherToMint` doesn't keep record of user's ether deposits which results in loss for the user.,bug; 3 (High Risk); low quality report; primary issue; unsatisfactory,"Collateral, Deposit, Vault",# Lines of code  https://github.com/code-423n4/2023-06-lybra/blob/7b73ef2fbb542b569e182d9abf79be643ca883ee/contracts/lybra/pools/LybraRETHVault.sol#L27-L39   # Vulnerability details  ## Impact High: User will lose his deposited ether.  ## Proof of Concept The `collateralAsset` (address variable) which is used in `LybraPeUSDVaultBase` is assumed to be `stETH` token address  Now the `depositEtherToMint` function from contract `LybraRETHVault.sol` (which inherits `LybraPeUSDVaultBase.sol`) accepts 
code4rena,2023-06-lybra,915,In LybraStETHVault.sol (LybraEUSDVaultBase.sol) a user could rigid redeem an amount more than their deposited collateral when the collateral ratio of the user goes below 100% even if they have been super-liquidated.,bug; 3 (High Risk); disagree with severity; primary issue; unsatisfactory,"Liquidation, Borrow Logic, Collateral","# Lines of code  https://github.com/code-423n4/2023-06-lybra/blob/main/contracts/lybra/pools/base/LybraEUSDVaultBase.sol#L232   # Vulnerability details  ## Impact If the collateral ratio of a user goes below 100%, the user would  be able to redeem all of their eUSD for a collateral amount greater than their ```depositedAsset[user]``` even after they have been super-liquidated.  For eg, let us say we have a user X. Now, in this scenario, X has a collateral ratio of 50%. To be precise X has a ```d"
code4rena,2023-06-lybra,904,[H] Users can lose funds if they call depositEtherToMint,bug; 3 (High Risk); unsatisfactory; duplicate-917,"Collateral, Deposit, Vault","# Lines of code  https://github.com/code-423n4/2023-06-lybra/blob/7b73ef2fbb542b569e182d9abf79be643ca883ee/contracts/lybra/pools/LybraStETHVault.sol#L37 https://github.com/code-423n4/2023-06-lybra/blob/7b73ef2fbb542b569e182d9abf79be643ca883ee/contracts/lybra/pools/LybraWstETHVault.sol#L29   # Vulnerability details  ## Impact Due to only an interface implementation of function ```submit``` in Lido contract, users will lose funds due to non-existent implementation. ## Proof of Concept The comments"
code4rena,2023-06-lybra,895, [H] Users can withdraw more tokens than they have staked,bug; 3 (High Risk); low quality report; unsatisfactory,"Withdraw, Fund Theft","# Lines of code  https://github.com/code-423n4/2023-06-lybra/blob/7b73ef2fbb542b569e182d9abf79be643ca883ee/contracts/lybra/miner/stakerewardV2pool.sol#L93   # Vulnerability details  ## Impact Users can withdraw more tokens than they have staked from the contract.  In ```stakerewardV2pool```, there is no check to stop a user from withdrawing more tokens than they have staked.   The tokens are simply subtracted from the user's balance and from the total supply, without checking if the user has act"
code4rena,2023-06-lybra,891,Invalid Access Control Modifiers,bug; 3 (High Risk); satisfactory; duplicate-704,Other,"# Lines of code  https://github.com/code-423n4/2023-06-lybra/blob/7b73ef2fbb542b569e182d9abf79be643ca883ee/contracts/lybra/configuration/LybraConfigurator.sol#L85-L93   # Vulnerability details  ## Impact The LybraConfigurator is the contract in charge of all core functionality in the Lybra ecosystem. However, the modifiers checks here are invalid. So anybody could call any function in the protocol. All funds could be stolen and governance overturned  ## Proof of Concept  ```solidity //@audit-iss"
code4rena,2023-06-lybra,890,contract has the tendency to mint more tokens than it actually has,bug; 3 (High Risk); low quality report; primary issue; unsatisfactory,Other,"# Lines of code  https://github.com/code-423n4/2023-06-lybra/blob/7b73ef2fbb542b569e182d9abf79be643ca883ee/contracts/lybra/miner/EUSDMiningIncentives.sol#L192-L201   # Vulnerability details  ## Impact If the contract does not have enough esLBR tokens to mint and transfer as rewards, users will not be able to claim their rewards even if they have earned them.  ## Proof of Concept There is no check to ensure that the contract's balance of esLBR tokens is sufficient to cover the reward amount befor"
code4rena,2023-06-lybra,877,Owner will be address(0) because it is not initialized,bug; 3 (High Risk); unsatisfactory; duplicate-119,Other,# Lines of code  https://github.com/code-423n4/2023-06-lybra/blob/7b73ef2fbb542b569e182d9abf79be643ca883ee/contracts/lybra/miner/esLBRBoost.sol#L5 https://github.com/code-423n4/2023-06-lybra/blob/7b73ef2fbb542b569e182d9abf79be643ca883ee/contracts/lybra/miner/EUSDMiningIncentives.sol#L12 https://github.com/code-423n4/2023-06-lybra/blob/7b73ef2fbb542b569e182d9abf79be643ca883ee/contracts/lybra/miner/ProtocolRewardsPool.sol#L12 https://github.com/code-423n4/2023-06-lybra/blob/7b73ef2fbb542b569e182d9
code4rena,2023-06-lybra,871,"Reward distribution logic of the ProtocolRewardsPool and EUSDMiningIncentives contracts are fundamentally wrong, resulting in excess rewards for users",bug; 3 (High Risk); judge review requested; primary issue; unsatisfactory,"Borrow Logic, Deposit","# Lines of code  https://github.com/code-423n4/2023-06-lybra/blob/main/contracts/lybra/miner/ProtocolRewardsPool.sol#L167-L169 https://github.com/code-423n4/2023-06-lybra/blob/main/contracts/lybra/miner/EUSDMiningIncentives.sol#L184-L186   # Vulnerability details  ## Impact  The reward distribution logic of the ProtocolRewardsPool and EUSDMiningIncentives contracts effectively allow a user to mint much more rewards than they should be allowed to. This is possible because, unlike a true implement"
code4rena,2023-06-lybra,870,An attacker can burn shares of other users by calling executeFlashloan(),bug; 3 (High Risk); satisfactory; upgraded by judge; duplicate-769,"Flash Loan, Borrow Logic, Share Manipulation",# Lines of code  https://github.com/code-423n4/2023-06-lybra/blob/7b73ef2fbb542b569e182d9abf79be643ca883ee/contracts/lybra/token/PeUSDMainnetStableVision.sol#L129-L139   # Vulnerability details  The executeFlashloan() in PeUSDMainnetStableVision.sol allows users to execute flash loans but the problem is that the **receiver doesnt have to be the msg.sender** so an attacker can do 2 things:  1. Execute other users flash loans  2. If a user is a **smart contract that has a fallback function**(for e
code4rena,2023-06-lybra,866,First user can drain funds from staking contract     ,bug; 3 (High Risk); disagree with severity; judge review requested; primary issue; unsatisfactory,Other,"# Lines of code  https://github.com/code-423n4/2023-06-lybra/blob/main/contracts/lybra/miner/stakerewardV2pool.sol#L83   # Vulnerability details  ## Impact If the first user locks an extremely small amount of tokens (1 wei), he can manipulate the reward that is supposed to receive. After locking a small amount, he can unlock it before the second user interacts with the contract. See PoC for more details.  Note: Test does not passed because of authorized error in [minting](https://github.com/code"
code4rena,2023-06-lybra,863,Potential Unauthorized Flash Loan Execution and Share Burning due to Lack of Permission Checks,bug; 3 (High Risk); satisfactory; upgraded by judge; duplicate-769,"Flash Loan, Borrow Logic, Share Manipulation",# Lines of code  https://github.com/code-423n4/2023-06-lybra/blob/main/contracts/lybra/token/PeUSDMainnetStableVision.sol#L129-L138   # Vulnerability details  ## Impact The `executeFlashloan` function in the provided contract allows any user to execute a flash loan on behalf of another user without explicit permission. This could potentially lead to an unauthorized execution of flash loans and unexpected share burnings if the recipient contract does not have a proper `onFlashLoan` function imple
code4rena,2023-06-lybra,851,Any address can call notifyRewardAmount and distribute rewards,bug; 3 (High Risk); low quality report; unsatisfactory,Other,"# Lines of code  https://github.com/code-423n4/2023-06-lybra/blob/5d70170f2c68dbd3f7b8c0c8fd6b0b2218784ea6/contracts/lybra/miner/ProtocolRewardsPool.sol#L227-L228   # Vulnerability details  ## Impact Anyone can potentially manipulate the reward distribution mechanism and distribute rewards without proper authorization resulting to financial losses  ## Proof of Concept The notifyRewardAmount function distributes rewards, which involves transferring tokens to users. This function can only be calle"
code4rena,2023-06-lybra,848,Users can still transfer tokens to other accounts even when minting of tokens is temporarily disabled or paused,bug; 3 (High Risk); disagree with severity; primary issue; unsatisfactory,Vault,"# Lines of code  https://github.com/code-423n4/2023-06-lybra/blob/5d70170f2c68dbd3f7b8c0c8fd6b0b2218784ea6/contracts/lybra/token/EUSD.sol#L153-L157   # Vulnerability details  ## Impact Users can bypass the pause and continue transferring tokens, which can disrupt the intended functionality of the contract and potentially cause financial loss or other issues for token holders  ## Proof of Concept The transfer function does not have a MintPaused modifier to check if minting is paused before execut"
code4rena,2023-06-lybra,842,"a malicious sender can perform multiple transfers using the same allowance, exceeding the approved limit.",bug; 3 (High Risk); low quality report; unsatisfactory,Other,"# Lines of code  https://github.com/code-423n4/2023-06-lybra/blob/5d70170f2c68dbd3f7b8c0c8fd6b0b2218784ea6/contracts/lybra/token/EUSD.sol#L177-L185   # Vulnerability details  ## Impact If a malicious spender initiates multiple transferFrom transactions concurrently or in quick succession, they could potentially spend more than the allowed amount by exceeding the current allowance.  ## Proof of Concept _spendAllowance function checks if the current allowance is greater than or equal to the transf"
code4rena,2023-06-lybra,834,Race Condition Vulnerability in depositEtherToMint Function,bug; 3 (High Risk); low quality report; unsatisfactory,"Deposit, Vault",# Lines of code  https://github.com/code-423n4/2023-06-lybra/blob/7b73ef2fbb542b569e182d9abf79be643ca883ee/contracts/lybra/pools/LybraWbETHVault.sol#L20C1-L26C1            https://github.com/code-423n4/2023-06-lybra/blob/7b73ef2fbb542b569e182d9abf79be643ca883ee/contracts/lybra/pools/LybraRETHVault.sol#L27   # Vulnerability details  ## Impact The `depositEtherToMint` function contains a  race condition vulnerability that arises when multiple users concurrently deposit Ether. Due to the interleavi
code4rena,2023-06-lybra,833,"The ""withdraw"" function in the code does not have a require statement to check the upper limit that can be withdrawn by the user. This means that a user could potentially withdraw more tokens than they have staked, which would be a security vulnerability",bug; 3 (High Risk); low quality report; unsatisfactory,Withdraw,"# Lines of code  https://github.com/code-423n4/2023-06-lybra/blob/main/contracts/lybra/miner/stakerewardV2pool.sol?plain=1#L93-L99   # Vulnerability details  ## Impact The withdraw function in the contract(stakerewardV2pool.sol) does not have a require statement to check the upper limit that can be withdrawn by the user. This means that a user could potentially withdraw more tokens than they have staked, which would be a security vulnerability  ## Proof of Concept  here is the code, as we can se"
code4rena,2023-06-lybra,832,Price manipulation attack in LybraConfigurator.,bug; 3 (High Risk); low quality report; unsatisfactory,"Flash Loan, Reentrancy","# Lines of code  https://github.com/code-423n4/2023-06-lybra/blob/7b73ef2fbb542b569e182d9abf79be643ca883ee/contracts/lybra/configuration/LybraConfigurator.sol#L289-L308   # Vulnerability details  ## Impact  In LybraConfigurator, the amount of token reward depends on the curve pool, which is known for read-only reentrancy. By manipulating the token amount in the curve pool, attackers can interfere with the reward distribution procedure in LybraConfigurator.  ## Proof of Concept  ``` function dist"
code4rena,2023-06-lybra,829,biddingFee amount is transferred with insufficient allowance ,bug; 3 (High Risk); low quality report; unsatisfactory,Fund Loss,"# Lines of code  https://github.com/code-423n4/2023-06-lybra/blob/7b73ef2fbb542b569e182d9abf79be643ca883ee/contracts/lybra/miner/EUSDMiningIncentives.sol#L202-L224   # Vulnerability details  ## Impact If the transfer fails due to insufficient allowance, the contract will not receive the biddingFee amount as intended. This can result in a loss of funds for the contract, affecting its operations and potentially disrupting the intended reward distribution mechanism.  ## Proof of Concept This vulner"
code4rena,2023-06-lybra,826,Price manipulation attack in LybraRETHVault.,bug; 3 (High Risk); low quality report; unsatisfactory; edited-by-warden,"Flash Loan, Exchange Rate, Collateral","# Lines of code  https://github.com/code-423n4/2023-06-lybra/blob/7b73ef2fbb542b569e182d9abf79be643ca883ee/contracts/lybra/pools/LybraRETHVault.sol#L46-L48 https://github.com/code-423n4/2023-06-lybra/blob/7b73ef2fbb542b569e182d9abf79be643ca883ee/contracts/lybra/pools/base/LybraEUSDVaultBase.sol#L126-L130   # Vulnerability details  ## Impact  In LybraRETHVault, the price of the deposited asset is calculated through the `getAssetPrice` function, which can be interfered with by manipulating the exc"
code4rena,2023-06-lybra,819,First time staker will lose LBR tokens when unstaking,bug; 3 (High Risk); disagree with severity; primary issue; unsatisfactory,Withdraw,# Lines of code  https://github.com/code-423n4/2023-06-lybra/blob/7b73ef2fbb542b569e182d9abf79be643ca883ee/contracts/lybra/miner/ProtocolRewardsPool.sol#L87-L98 https://github.com/code-423n4/2023-06-lybra/blob/7b73ef2fbb542b569e182d9abf79be643ca883ee/contracts/lybra/miner/ProtocolRewardsPool.sol#L100-L107 https://github.com/code-423n4/2023-06-lybra/blob/7b73ef2fbb542b569e182d9abf79be643ca883ee/contracts/lybra/miner/ProtocolRewardsPool.sol#L155-L159   # Vulnerability details  ## Impact User will 
code4rena,2023-06-lybra,799,Funds could be stolen by function that calls an external contract,bug; 3 (High Risk); low quality report; unsatisfactory,"Deposit, Withdraw, Vault",# Lines of code  https://github.com/code-423n4/2023-06-lybra/blob/7b73ef2fbb542b569e182d9abf79be643ca883ee/contracts/lybra/pools/LybraStETHVault.sol#L37   # Vulnerability details  ## Impact The `depositEtherToMint` function calls an external contract `Ilido` and then continues to modify the state. so the details of problem is The `depositEtherToMint` function calls the `submit` function of the `Ilido` contract so the `submit` function can call back into the `depositEtherToMint` function.  becaus
code4rena,2023-06-lybra,793,Missing ReEntrancy Guard to ‘withdraw’ function of getClaimableLBR() minted,bug; 3 (High Risk); disagree with severity; low quality report; unsatisfactory,"Withdraw, Reentrancy, Fund Drain",# Lines of code  https://github.com/code-423n4/2023-06-lybra/blob/7b73ef2fbb542b569e182d9abf79be643ca883ee/contracts/lybra/miner/ProtocolRewardsPool.sol#L100-L107   # Vulnerability details  ## Impact The Re-Entrancy vulnerability arises from the order on how the operations in the withdraw() function is executed. The order of execution might lead to the creation of a malicious contract creates a recursive call using the withdraw() function leading to draining of the contracts claimable and minted
code4rena,2023-06-lybra,789,The boost system in StakingRewardsV2 will cause some users' rewards to freeze,invalid; 3 (High Risk); withdrawn by warden,Other,"# Lines of code  https://github.com/code-423n4/2023-06-lybra/blob/5d70170f2c68dbd3f7b8c0c8fd6b0b2218784ea6/contracts/lybra/miner/stakerewardV2pool.sol#L101-L108   # Vulnerability details  ## Impact The boost system in StakingRewardsV2 allows boosted users to get a higher multiplier on their rewards. ```solidity     function getBoost(address _account) public view returns (uint256) {         return 100 * 1e18 + esLBRBoost.getUserBoost(_account, userUpdatedAt[_account], finishAt);     }      // Cal"
code4rena,2023-06-lybra,785,Another user's assets can be used for liquidation if there is necessary allowance,bug; 3 (High Risk); unsatisfactory; duplicate-307,"Liquidation, Collateral, Vault","# Lines of code  https://github.com/code-423n4/2023-06-lybra/blob/main/contracts/lybra/pools/base/LybraEUSDVaultBase.sol#L154 https://github.com/code-423n4/2023-06-lybra/blob/main/contracts/lybra/pools/base/LybraEUSDVaultBase.sol#L163 https://github.com/code-423n4/2023-06-lybra/blob/main/contracts/lybra/pools/base/LybraEUSDVaultBase.sol#L276   # Vulnerability details  ## Impact  In LybraEUSDVaultBase.sol, there is liquidation() and superLiquidation() function provider and onBehalfOf are user-inp"
code4rena,2023-06-lybra,777,`LybraGovernance.proposals()` returns the swapped `forVotes` and `againstVotes`.,bug; 3 (High Risk); satisfactory; upgraded by judge; duplicate-15,Other,"# Lines of code  https://github.com/code-423n4/2023-06-lybra/blob/5d70170f2c68dbd3f7b8c0c8fd6b0b2218784ea6/contracts/lybra/governance/LybraGovernance.sol#L120-L121   # Vulnerability details  ## Impact The governance system might work unexpectedly because users will get the wrong `forVotes` and `againstVotes` for the proposal.  ## Proof of Concept `proposals()` shows the current status of the proposal.  ```solidity     function proposals(uint256 proposalId) external view returns (uint256 id, addr"
code4rena,2023-06-lybra,774,Users would charge more staking rewards because it applies the boost for past rewards.,bug; 3 (High Risk); disagree with severity; primary issue; unsatisfactory,Withdraw,"# Lines of code  https://github.com/code-423n4/2023-06-lybra/blob/5d70170f2c68dbd3f7b8c0c8fd6b0b2218784ea6/contracts/lybra/miner/esLBRBoost.sol#L38 https://github.com/code-423n4/2023-06-lybra/blob/5d70170f2c68dbd3f7b8c0c8fd6b0b2218784ea6/contracts/lybra/miner/stakerewardV2pool.sol#L106   # Vulnerability details  ## Impact Users would charge more staking rewards because it applies the boost for past rewards.  ## Proof of Concept In `stakerewardV2pool`, the staking rewards are multiplied by the bo"
code4rena,2023-06-lybra,770,Lybra-Configurator-Acces-Control,bug; 3 (High Risk); satisfactory; duplicate-704,"Deposit, Vault",# Lines of code  https://github.com/code-423n4/2023-06-lybra/blob/7b73ef2fbb542b569e182d9abf79be643ca883ee/contracts/lybra/configuration/LybraConfigurator.sol#L85-L93   # Vulnerability details  ## Impact    Lybraconfigurator's setMintVault function  must revert if the msg.sender doesnt have DAO role...    When try to invoke it with unregistered signer it's still sets the mintVault          modifier onlyRole(bytes32 role) -> modifier doesnt contain require statement for revert     modifier checkR
code4rena,2023-06-lybra,769,There is a vulnerability in the executeFlashloan function of the PeUSDMainnet contract. Hackers can use this vulnerability to burn other people's eUSD token balance without permission,bug; 3 (High Risk); primary issue; satisfactory; selected for report; sponsor confirmed; edited-by-warden; H-01,"Flash Loan, Borrow Logic, Vault","# Lines of code  https://github.com/code-423n4/2023-06-lybra/blob/7b73ef2fbb542b569e182d9abf79be643ca883ee/contracts/lybra/token/PeUSDMainnetStableVision.sol#L129-L139 https://github.com/code-423n4/2023-06-lybra/blob/7b73ef2fbb542b569e182d9abf79be643ca883ee/contracts/lybra/token/EUSD.sol#L228-L230   # Vulnerability details  ## Impact The `executeFlashloan` function of the `PeUSDMainnet` contract is used to provide users with the flash loan function. There is a loophole in the logic, and hackers "
code4rena,2023-06-lybra,767,Misappropriation of Collateral Assets During Liquidation,bug; 3 (High Risk); disagree with severity; primary issue; unsatisfactory,"Liquidation, Borrow Logic, Collateral",# Lines of code  https://github.com/code-423n4/2023-06-lybra/blob/5d70170f2c68dbd3f7b8c0c8fd6b0b2218784ea6/contracts/lybra/pools/base/LybraPeUSDVaultBase.sol#L125-L146 https://github.com/code-423n4/2023-06-lybra/blob/5d70170f2c68dbd3f7b8c0c8fd6b0b2218784ea6/contracts/lybra/pools/base/LybraPeUSDVaultBase.sol#L192-L210 https://github.com/code-423n4/2023-06-lybra/blob/7b73ef2fbb542b569e182d9abf79be643ca883ee/contracts/lybra/configuration/LybraConfigurator.sol#L338-L341   # Vulnerability details  ##
code4rena,2023-06-lybra,762,liquidation in PeUSD vault based pool may get Exceeding profit,bug; 3 (High Risk); primary issue; sponsor disputed; unsatisfactory,"Liquidation, Interest Rate, Borrow Logic","# Lines of code  https://github.com/code-423n4/2023-06-lybra/blob/7b73ef2fbb542b569e182d9abf79be643ca883ee/contracts/lybra/pools/base/LybraPeUSDVaultBase.sol#L125   # Vulnerability details  ## Impact liquidation in PeUSD vault based pool may get Exceeding profit, which will damage the interests of the collateralAsset owner.  In the comment of liquidation function. We can see collateral should be reduced by the assetAmount corresponding to 110% of the value[1].   And we can also see people can on"
code4rena,2023-06-lybra,757,"When minting EUSD tokens, _newFee() is calculated incorrectly",bug; 3 (High Risk); unsatisfactory; duplicate-327,Vault,# Lines of code  https://github.com/code-423n4/2023-06-lybra/blob/main/contracts/lybra/pools/base/LybraEUSDVaultBase.sol#L265-L266 https://github.com/code-423n4/2023-06-lybra/blob/main/contracts/lybra/pools/base/LybraEUSDVaultBase.sol#L300-L302   # Vulnerability details  ## Impact In _mintEUSD() _saveReport() is called which updates feeStored: function _saveReport() internal {      feeStored += _newFee();      lastReportTime = block.timestamp; }  The calculation uses poolTotalEUSDCirculation: fu
code4rena,2023-06-lybra,751,The reward can be increased by increasing the number of staked tokens before the reward is calculated,bug; 3 (High Risk); low quality report; unsatisfactory,Other,"# Lines of code  https://github.com/code-423n4/2023-06-lybra/blob/main/contracts/lybra/miner/ProtocolRewardsPool.sol#L167-L169 https://github.com/code-423n4/2023-06-lybra/blob/main/contracts/lybra/miner/esLBRBoost.sol#L38-L45   # Vulnerability details  ## Impact In earned() , when calculating the reward, stakedOf(_account) * getBoost(_account) is calculated at the moment. At the same time, esLBRBoost can choose the duration and miningBoost time. However, this is not taken into account in any way"
code4rena,2023-06-lybra,748,"The user may resist liquidation by tracing the mempool, which may lead to destabilization of the system.",bug; 3 (High Risk); low quality report; unsatisfactory,"Liquidation, Borrow Logic, Collateral","# Lines of code  https://github.com/code-423n4/2023-06-lybra/blob/main/contracts/lybra/pools/base/LybraEUSDVaultBase.sol#L156-L157 https://github.com/code-423n4/2023-06-lybra/blob/main/contracts/lybra/pools/base/LybraEUSDVaultBase.sol#L126-L143   # Vulnerability details  ## Impact When a position is liquidated, uint256 onBehalfOfCollateralRatio = (depositedAsset[onBehalfOf] * assetPrice * 100) / borrowed[onBehalfOf] is checked. The user can view the mempool. If he sees that they want to liquidat"
code4rena,2023-06-lybra,745,Invalid number of approved tokens,bug; 3 (High Risk); low quality report; unsatisfactory,"Liquidation, Vault","# Lines of code  https://github.com/code-423n4/2023-06-lybra/blob/main/contracts/lybra/pools/base/LybraEUSDVaultBase.sol#L160   # Vulnerability details  ## Impact LybraEUSDVaultBase.liquidation() uses require(EUSD.allowance(provider, address(this)) > 0, ""provider should authorize to provide liquidation EUSD""). However, the number of approved tokens may be less than necessary.  ## Proof of Concept require(EUSD.allowance(provider, address(this)) > 0, ""provider should authorize to provide liquidati"
code4rena,2023-06-lybra,744,missmatch in supportVotes[] order in LybraGovernance,bug; 3 (High Risk); satisfactory; upgraded by judge; duplicate-15,Other,# Lines of code  https://github.com/code-423n4/2023-06-lybra/blob/main/contracts/lybra/governance/LybraGovernance.sol#L120-L122 https://github.com/code-423n4/2023-06-lybra/blob/main/contracts/lybra/governance/LybraGovernance.sol#L66-L68 https://github.com/code-423n4/2023-06-lybra/blob/main/contracts/lybra/governance/LybraGovernance.sol#L59-L61   # Vulnerability details  ## Impact It's not clear in the code which member of `supportVotes` corresponds to each type of votes.  In `proposals()` we hav
code4rena,2023-06-lybra,732,"state changes above try, catch will not be reverted ",bug; 3 (High Risk); low quality report; unsatisfactory,"Borrow Logic, Vault","# Lines of code  https://github.com/code-423n4/2023-06-lybra/blob/7b73ef2fbb542b569e182d9abf79be643ca883ee/contracts/lybra/pools/base/LybraPeUSDVaultBase.sol#L205 https://github.com/code-423n4/2023-06-lybra/blob/7b73ef2fbb542b569e182d9abf79be643ca883ee/contracts/lybra/pools/base/LybraEUSDVaultBase.sol#L280 https://github.com/code-423n4/2023-06-lybra/blob/7b73ef2fbb542b569e182d9abf79be643ca883ee/contracts/lybra/miner/EUSDMiningIncentives.sol#L216   # Vulnerability details  ## Impact try , catch f"
code4rena,2023-06-lybra,728,[H] Improper Redemption Fee Design Resulting in Potential Arbitrage Opportunities,bug; 3 (High Risk); low quality report; unsatisfactory,"Oracle, Borrow Logic, Collateral",# Lines of code  https://github.com/code-423n4/2023-06-lybra/blob/7b73ef2fbb542b569e182d9abf79be643ca883ee/contracts/lybra/pools/base/LybraEUSDVaultBase.sol#L232-L244   # Vulnerability details  ## Impact  The current smart contract design allows for a redemption fee that could be less than the deviation threshold set by the price oracle. This design flaw potentially exposes the contract to arbitrage exploits in situations where the oracle price update lags behind actual market prices. Malicious 
code4rena,2023-06-lybra,727,an attacker can take over %50 of the voting power using flashloan attacks,bug; 3 (High Risk); low quality report; unsatisfactory,"Flash Loan, Borrow Logic, Vault",# Lines of code  https://github.com/code-423n4/2023-06-lybra/blob/7b73ef2fbb542b569e182d9abf79be643ca883ee/contracts/lybra/miner/EUSDMiningIncentives.sol#L136-L147 https://github.com/code-423n4/2023-06-lybra/blob/7b73ef2fbb542b569e182d9abf79be643ca883ee/contracts/lybra/miner/EUSDMiningIncentives.sol#L184-L186 https://github.com/code-423n4/2023-06-lybra/blob/7b73ef2fbb542b569e182d9abf79be643ca883ee/contracts/lybra/miner/EUSDMiningIncentives.sol#L77   # Vulnerability details  ## Impact  an attacke
code4rena,2023-06-lybra,725,The EUSD.sol contract is vulnerable to inflation attack and user funds stolen,bug; 3 (High Risk); satisfactory; duplicate-106,"Deposit, Vault, Share Manipulation","# Lines of code  https://github.com/code-423n4/2023-06-lybra/blob/7b73ef2fbb542b569e182d9abf79be643ca883ee/contracts/lybra/token/EUSD.sol#L411   # Vulnerability details  ## Impact The EUSD.sol contract is vulnerable to ""ERC4626 inflation attack"". The EUSD.sol contract is susceptible to an underlying balance manipulation attack When a user performs `mint` operation, the amount of shares they receive is calculated by taking the number of assets provided, multiplying that by the number of existing "
code4rena,2023-06-lybra,724,Bad modifier definition,bug; 3 (High Risk); satisfactory; duplicate-704,Other,"# Lines of code  https://github.com/code-423n4/2023-06-lybra/blob/main/contracts/lybra/configuration/LybraConfigurator.sol#L85-L93   # Vulnerability details  ## Impact The modifiers onlyRole and checkRole that are declared in LyraConfigurator.sol file have no impact and have no protection for the methods that are used in. Without checks, this modifiers will always be bypassed.  ## Proof of Concept https://github.com/code-423n4/2023-06-lybra/blob/main/contracts/lybra/configuration/LybraConfigurat"
code4rena,2023-06-lybra,723,"doesn't calculate the current borrowing amount for the provider, including the provider's borrowed shares and accumulated fees due to Inconsistency in collateralRatio calculation",bug; 3 (High Risk); primary issue; satisfactory; selected for report; sponsor confirmed; H-02,"Liquidation, Borrow Logic, Collateral","# Lines of code  https://github.com/code-423n4/2023-06-lybra/blob/main/contracts/lybra/pools/base/LybraPeUSDVaultBase.sol#L127 https://github.com/code-423n4/2023-06-lybra/blob/main/contracts/lybra/pools/base/LybraPeUSDVaultBase.sol#L161   # Vulnerability details  ## Impact doesn't calculate the current borrowing amount for the provider, including the provider's borrowed shares and accumulated fees.  ## Proof of Concept Borrowers collateralRatio in the liquidation() function is calculated by: ```"
code4rena,2023-06-lybra,710,Received peUSD can not be converted to eUSD,bug; 3 (High Risk); low quality report; unsatisfactory,Other,"# Lines of code  https://github.com/code-423n4/2023-06-lybra/blob/7b73ef2fbb542b569e182d9abf79be643ca883ee/contracts/lybra/token/PeUSDMainnetStableVision.sol#L115   # Vulnerability details  ## Impact User may convert peUSD to eUSD only if they satisfy both requirements:  1) peUSD balance is bigger then 0 ```peusdAmount > 0``` 2) they have minted at least the same amount of peUSD ```peusdAmount <= userConvertInfo[msg.sender].mintedPeUSD```  Hence, users received peUSD from other accounts (via tra"
code4rena,2023-06-lybra,707,[H] Flawed Liquidation Design Leads to Unrecoverable Bad Debt Accrual in the System,bug; 3 (High Risk); primary issue; sponsor disputed; unsatisfactory,"Liquidation, Interest Rate, Borrow Logic","# Lines of code  https://github.com/code-423n4/2023-06-lybra/blob/7b73ef2fbb542b569e182d9abf79be643ca883ee/contracts/lybra/pools/base/LybraEUSDVaultBase.sol#L276-L286   # Vulnerability details  ## Impact  In the present implementation of the protocol, a situation may arise where a borrower's collateral is completely liquidated but a part of the debt still remains. The system continues to accumulate interest on this debt, increasing the total bad debt in the system. This is problematic as there i"
code4rena,2023-06-lybra,704,Incorrectly implemented modifiers in LybraConfigurator.sol allow any address to call functions that are supposed to be restricted,bug; 3 (High Risk); high quality report; primary issue; satisfactory; selected for report; sponsor confirmed; H-03,Other,"# Lines of code  https://github.com/code-423n4/2023-06-lybra/blob/main/contracts/lybra/configuration/LybraConfigurator.sol#L85-L93   # Vulnerability details  ## Impact The modifiers onlyRole(bytes32 role) and checkRole(bytes32 role) are not implemented correctly. This would allow anybody to call sensitive functions that should be restricted.  ## Proof of Concept For the POC, I set up a new foundry projects, and copied the folders lybra, mocks and OFT in the src folder of the new project. I insta"
code4rena,2023-06-lybra,684,Confusion between forVotes and againstVotes in LybraGovernance,bug; 3 (High Risk); satisfactory; duplicate-15,Other,"# Lines of code  https://github.com/code-423n4/2023-06-lybra/blob/5d70170f2c68dbd3f7b8c0c8fd6b0b2218784ea6/contracts/lybra/governance/LybraGovernance.sol#L59-L68   # Vulnerability details  ## Impact When getting proposal information in proposals(), supportVotes[0] means forVotes and supportVotes[1] means againstVotes. ```solidity     function proposals(uint256 proposalId) external view returns (uint256 id, address proposer, uint256 eta, uint256 startBlock, uint256 endBlock, uint256 forVotes, uin"
code4rena,2023-06-lybra,680,Excess stETH balance can be converted into income everytime by Attacker,bug; 3 (High Risk); primary issue; sponsor disputed; unsatisfactory,"Deposit, Vault","# Lines of code  https://github.com/code-423n4/2023-06-lybra/blob/main/contracts/lybra/pools/LybraStETHVault.sol#L68 https://github.com/code-423n4/2023-06-lybra/blob/main/contracts/lybra/pools/LybraStETHVault.sol#L68 https://github.com/code-423n4/2023-06-lybra/blob/main/contracts/lybra/pools/base/LybraEUSDVaultBase.sol#L300   # Vulnerability details  ## Impact "" When stETH balance increases through LSD or some other reasons, the excess income is sold for EUSD, allocated to EUSD holders through r"
code4rena,2023-06-lybra,676,Broken `_quorumReached` implementation may block proposals from executing,bug; 3 (High Risk); satisfactory; duplicate-14,Other,# Lines of code  https://github.com/code-423n4/2023-06-lybra/blob/7b73ef2fbb542b569e182d9abf79be643ca883ee/contracts/lybra/governance/LybraGovernance.sol#L60   # Vulnerability details  ## Impact `_quorumReached` is an internal function which checks if the amount of votes already cast passes the threshold limit (which is at least a third of the `esLBR` total supply at the relevant timestamp). It implements the following check:    ```   proposalData[proposalId].supportVotes[1] + proposalData[propo
code4rena,2023-06-lybra,673,The Constructor Caveat leads to bricking of Configurator contract.,bug; 3 (High Risk); primary issue; satisfactory; selected for report; sponsor confirmed; H-04,Other,"# Lines of code  https://github.com/code-423n4/2023-06-lybra/blob/5d70170f2c68dbd3f7b8c0c8fd6b0b2218784ea6/contracts/lybra/configuration/LybraConfigurator.sol#L80   # Vulnerability details  ## Impact - In Solidity, code that is inside a constructor or part of a global variable declaration is not part of a deployed contract’s runtime bytecode. This code is executed only once, when the contract instance is deployed. As a consequence of this, the code within a logic contract’s constructor will neve"
code4rena,2023-06-lybra,671,Quorum reached wrong implemintation,bug; 3 (High Risk); satisfactory; upgraded by judge; duplicate-14,Other,"# Lines of code  https://github.com/code-423n4/2023-06-lybra/blob/7b73ef2fbb542b569e182d9abf79be643ca883ee/contracts/lybra/governance/LybraGovernance.sol#L60   # Vulnerability details  ## Description  Governance quorum reached is when the sum of votes bigger then quorum threshold. Currently, _quorumReached function returns true if  ``` proposalData[proposalId].supportVotes[1] + proposalData[proposalId].supportVotes[2] >= quorum(proposalSnapshot(proposalId)); ```  However, according to the LybraG"
code4rena,2023-06-lybra,668,Wrong vote succeeded implemintation,bug; 3 (High Risk); satisfactory; duplicate-15,Other,"# Lines of code  https://github.com/code-423n4/2023-06-lybra/blob/7b73ef2fbb542b569e182d9abf79be643ca883ee/contracts/lybra/governance/LybraGovernance.sol#L67-L67   # Vulnerability details  ## Description  According to the LybraGovernance.sol contract lines 120-122 forVotes is stored in proposalData[proposalId].supportVotes[0], while againstVotes in proposalData[proposalId].supportVotes[1]  ```         forVotes =  proposalData[proposalId].supportVotes[0];         againstVotes =  proposalData[prop"
code4rena,2023-06-lybra,661,Users can withdraw their LBR without using unstake() function,bug; 3 (High Risk); low quality report; unsatisfactory,Withdraw,"# Lines of code  https://github.com/code-423n4/2023-06-lybra/blob/main/contracts/lybra/miner/ProtocolRewardsPool.sol#L90 https://github.com/code-423n4/2023-06-lybra/blob/main/contracts/lybra/miner/ProtocolRewardsPool.sol#L100   # Vulnerability details  ## Impact  In ProtocolRewardsPool, there is unstake() function where we call corresponding withdraw() function and mint LBR tokens back. But before that, we need to burn esLBR and there is also require check for whether the unlockTime for a user h"
code4rena,2023-06-lybra,657,"inappropriate implement of modifier function(onlyRole, checkRole)",bug; 3 (High Risk); satisfactory; duplicate-704,Vault,# Lines of code  https://github.com/code-423n4/2023-06-lybra/blob/7b73ef2fbb542b569e182d9abf79be643ca883ee/contracts/lybra/configuration/LybraConfigurator.sol#L85 https://github.com/code-423n4/2023-06-lybra/blob/7b73ef2fbb542b569e182d9abf79be643ca883ee/contracts/lybra/configuration/LybraConfigurator.sol#L90   # Vulnerability details  ## Impact OnlyRole and checkRole modifier want to guarantee only admin can call the function. ```solidity     modifier onlyRole(bytes32 role) {         GovernanceTi
code4rena,2023-06-lybra,656,An error occurred in the `transferFrom` function.,invalid; 3 (High Risk); withdrawn by warden,"Vault, Share Manipulation",# Lines of code  https://github.com/code-423n4/2023-06-lybra/blob/7b73ef2fbb542b569e182d9abf79be643ca883ee/contracts/lybra/token/EUSD.sol#L226-L233 https://github.com/code-423n4/2023-06-lybra/blob/7b73ef2fbb542b569e182d9abf79be643ca883ee/contracts/lybra/token/EUSD.sol#L177-L185 https://github.com/code-423n4/2023-06-lybra/blob/7b73ef2fbb542b569e182d9abf79be643ca883ee/contracts/lybra/token/EUSD.sol#L348-L353   # Vulnerability details  ## Impact The `_spendAllowance` function invokes the `_approve`
code4rena,2023-06-lybra,649,No check for from!=to when transferring shares in EUSD.sol,bug; 3 (High Risk); low quality report; unsatisfactory,Share Manipulation,"# Lines of code  https://github.com/code-423n4/2023-06-lybra/blob/main/contracts/lybra/token/EUSD.sol#L336   # Vulnerability details  ## Impact  In EUSD.sol, there is no check on whether _sender != _recipient when tranferring shares. This will allow _sender to artificially inflate his shares amount  ## Proof of Concept  transferShares():  https://github.com/code-423n4/2023-06-lybra/blob/main/contracts/lybra/token/EUSD.sol#L334-341  Internal _transferShares():  https://github.com/code-423n4/2023-"
code4rena,2023-06-lybra,645,Anyone can call functions without having a role.,bug; 3 (High Risk); satisfactory; duplicate-704,Other,"# Lines of code  https://github.com/code-423n4/2023-06-lybra/blob/7b73ef2fbb542b569e182d9abf79be643ca883ee/contracts/lybra/configuration/LybraConfigurator.sol#L85-L88 https://github.com/code-423n4/2023-06-lybra/blob/7b73ef2fbb542b569e182d9abf79be643ca883ee/contracts/lybra/configuration/LybraConfigurator.sol#L90-L93   # Vulnerability details  ## Impact A malicious user can manipulate the basic functions of the `LybraConfigurator.sol` contract and set arbitrary values to variables, which would sig"
code4rena,2023-06-lybra,641,Integer Overflow in esLBRBoost,bug; 3 (High Risk); low quality report; primary issue; unsatisfactory,Other,"# Lines of code  https://github.com/code-423n4/2023-06-lybra/blob/7b73ef2fbb542b569e182d9abf79be643ca883ee/contracts/lybra/miner/esLBRBoost.sol#L26-L29 https://github.com/code-423n4/2023-06-lybra/blob/7b73ef2fbb542b569e182d9abf79be643ca883ee/contracts/lybra/miner/esLBRBoost.sol#L38-L45   # Vulnerability details  ## Impact The `esLBRLockSetting` struct stores the duration and mining boost as `uint256` values. If the duration or mining boost values exceed the maximum `representable uint256` value,"
code4rena,2023-06-lybra,640,Integer Overflow and Division By Zero Vulnerability.,bug; 3 (High Risk); low quality report; unsatisfactory,Other,"# Lines of code  https://github.com/code-423n4/2023-06-lybra/blob/7b73ef2fbb542b569e182d9abf79be643ca883ee/contracts/lybra/miner/esLBRBoost.sol#L67   # Vulnerability details  ## Impact If the condition is not met, the function proceeds to calculate the boost by subtracting `userUpdatedAt` from `boostEndTime`, multiplying the result by `maxBoost`, and then dividing by the difference between `time` and `userUpdatedAt`. This division operation can result in a division by zero error if `time - userU"
code4rena,2023-06-lybra,637,Succeeded votes calculated incorrectly,invalid; 3 (High Risk); satisfactory; withdrawn by warden; duplicate-15,Other,"# Lines of code  https://github.com/code-423n4/2023-06-lybra/blob/7b73ef2fbb542b569e182d9abf79be643ca883ee/contracts/lybra/governance/LybraGovernance.sol#L67-L67   # Vulnerability details  ## Description  According to the LybraGovernance.sol contract lines 120-122 forVotes is stored in proposalData[proposalId].supportVotes[0], while againstVotes in proposalData[proposalId].supportVotes[1]  ```         forVotes =  proposalData[proposalId].supportVotes[0];         againstVotes =  proposalData[prop"
code4rena,2023-06-lybra,636,setvaultBurnPaused() logic from LybraConfigurator is not implemented in the vaults,bug; 3 (High Risk); unsatisfactory; duplicate-848,Vault,# Lines of code  https://github.com/code-423n4/2023-06-lybra/blob/main/contracts/lybra/configuration/LybraConfigurator.sol#L159 https://github.com/code-423n4/2023-06-lybra/blob/main/contracts/lybra/pools/base/LybraEUSDVaultBase.sol#L142 https://github.com/code-423n4/2023-06-lybra/blob/main/contracts/lybra/pools/base/LybraEUSDVaultBase.sol#L276   # Vulnerability details  ## Impact  There is setvaultBurnPaused() function in LybraConfigurator that pauses repayment functionality in vaults. It does t
code4rena,2023-06-lybra,633,There is a function that can stop repayments while liquidations being active,bug; 3 (High Risk); low quality report; unsatisfactory,"Liquidation, Vault","# Lines of code  https://github.com/code-423n4/2023-06-lybra/blob/main/contracts/lybra/configuration/LybraConfigurator.sol#L178   # Vulnerability details  ## Impact  In LybraConfigurator.sol, there is a function setvaultBurnPaused() that allows stop repayment process while leaving liquidations active. This can lead to the situation where users can't make repayments and being liquidated   ## Proof of Concept  https://github.com/code-423n4/2023-06-lybra/blob/main/contracts/lybra/configuration/Lybr"
code4rena,2023-06-lybra,632,Users can lose money if they make multiple deposits and their depositedTime is updated,bug; 3 (High Risk); low quality report; unsatisfactory,"Deposit, Withdraw, Vault","# Lines of code  https://github.com/code-423n4/2023-06-lybra/blob/main/contracts/lybra/pools/base/LybraEUSDVaultBase.sol#L80 https://github.com/code-423n4/2023-06-lybra/blob/main/contracts/lybra/pools/base/LybraEUSDVaultBase.sol#L105   # Vulnerability details  ## Impact  There is a problem with how LybraEUSDVaultBase and LybraPeUSDVaultBase handle withdrawals. When user deposits his asset, his deposited time is fixed in the mapping with the current timestamp:  https://github.com/code-423n4/2023-"
code4rena,2023-06-lybra,631,[M] Improper Authorization in Flash Loan Implementation,bug; 3 (High Risk); satisfactory; upgraded by judge; duplicate-769,"Flash Loan, Borrow Logic","# Lines of code  https://github.com/code-423n4/2023-06-lybra/blob/7b73ef2fbb542b569e182d9abf79be643ca883ee/contracts/lybra/token/PeUSDMainnetStableVision.sol#L129-L140   # Vulnerability details  ## Impact  The impact of this issue is potentially severe. An attacker can initiate a flash loan under the receiver contract's identity, and the receiver contract will have to bear the associated fees. The receiver contract is unable to verify the initiator of the flash loan due to the absence of a sourc"
code4rena,2023-06-lybra,630,[H] Improper Liquidation Design in Lybra Protocol,bug; 3 (High Risk); unsatisfactory; duplicate-307,"Liquidation, Borrow Logic, Collateral","# Lines of code  https://github.com/code-423n4/2023-06-lybra/blob/7b73ef2fbb542b569e182d9abf79be643ca883ee/contracts/lybra/pools/base/LybraPeUSDVaultBase.sol#L125-L146   # Vulnerability details  ## Impact This design flaw allows arbitrary users to utilize other's allowances for liquidation as providers, potentially causing substantial capital loss to the provider. This is particularly relevant during rapidly declining market conditions. The lack of immediate awareness of the liquidation event an"
code4rena,2023-06-lybra,618,Collateral ratio between 150% and 160% is not considered bad or safe,bug; 3 (High Risk); low quality report; unsatisfactory,"Collateral, Withdraw, Vault",# Lines of code  https://github.com/code-423n4/2023-06-lybra/blob/main/contracts/lybra/configuration/LybraConfigurator.sol#L334 https://github.com/code-423n4/2023-06-lybra/blob/main/contracts/lybra/configuration/LybraConfigurator.sol#L127 https://github.com/code-423n4/2023-06-lybra/blob/main/contracts/lybra/pools/base/LybraEUSDVaultBase.sol#L21 https://github.com/code-423n4/2023-06-lybra/blob/main/contracts/lybra/pools/base/LybraEUSDVaultBase.sol#L292   # Vulnerability details  ## Impact  In Lyb
code4rena,2023-06-lybra,615,Mismatch of Oracle Prices Leads to Unhealthy Borrowing,bug; 3 (High Risk); unsatisfactory; duplicate-329,"Oracle, Borrow Logic, Collateral","# Lines of code  https://github.com/code-423n4/2023-06-lybra/blob/5d70170f2c68dbd3f7b8c0c8fd6b0b2218784ea6/contracts/lybra/pools/LybraStETHVault.sol#L107-L109   # Vulnerability details  https://github.com/code-423n4/2023-06-lybra/blob/5d70170f2c68dbd3f7b8c0c8fd6b0b2218784ea6/contracts/lybra/pools/LybraStETHVault.sol#L107-L109  ```solidity=107 function getAssetPrice() public override returns (uint256) {     return _etherPrice(); } ```  ## Impact  In some contracts, the price oracle is set to use "
code4rena,2023-06-lybra,611,Need to consider situations where the user deauthorizes or transfers out of stETH,bug; 3 (High Risk); low quality report; unsatisfactory,"Collateral, Deposit, Withdraw",# Lines of code  https://github.com/code-423n4/2023-06-lybra/blob/5d70170f2c68dbd3f7b8c0c8fd6b0b2218784ea6/contracts/lybra/pools/LybraStETHVault.sol#L37 https://github.com/code-423n4/2023-06-lybra/blob/5d70170f2c68dbd3f7b8c0c8fd6b0b2218784ea6/contracts/lybra/pools/LybraWstETHVault.sol#L29   # Vulnerability details  ## Impact Need to consider situations where the user deauthorizes or transfers out of stETH.  ## Proof of Concept  The depositEtherToMint function in the LybraStETHVault contract retu
code4rena,2023-06-lybra,586,Anyone can liquidate any under-collateralized positions by using any provider account without the provider’s permission.,bug; 3 (High Risk); unsatisfactory; duplicate-307,"Liquidation, Collateral, Vault",# Lines of code  https://github.com/code-423n4/2023-06-lybra/blob/7b73ef2fbb542b569e182d9abf79be643ca883ee/contracts/lybra/pools/base/LybraEUSDVaultBase.sol#L154 https://github.com/code-423n4/2023-06-lybra/blob/7b73ef2fbb542b569e182d9abf79be643ca883ee/contracts/lybra/pools/base/LybraEUSDVaultBase.sol#L163 https://github.com/code-423n4/2023-06-lybra/blob/7b73ef2fbb542b569e182d9abf79be643ca883ee/contracts/lybra/pools/base/LybraEUSDVaultBase.sol#L187 https://github.com/code-423n4/2023-06-lybra/blob
code4rena,2023-06-lybra,585,"`LybraEUSDVaultBase` contract: `liquidation` ,`superLiquidation` & `withdraw` functions will revert due to a miscalculation",bug; 3 (High Risk); primary issue; sponsor disputed; unsatisfactory,"Liquidation, Collateral, Deposit",# Lines of code  https://github.com/code-423n4/2023-06-lybra/blob/7b73ef2fbb542b569e182d9abf79be643ca883ee/contracts/lybra/pools/base/LybraEUSDVaultBase.sol#L164-L165   # Vulnerability details  ## Details  - In `liquidation` function: the keeper(which is msg.sender) will be able to liquidate under-collateralized positions. - This function allows to liquidate half of the under-collateralized position. - The liquidator (msg.sender) and the keeper (provider) will be incentivized by a total amount e
code4rena,2023-06-lybra,584,`LybraConfigurator` contract: Bad Implementation in `onlyRole` & `checkRole` access control modifiers,bug; 3 (High Risk); satisfactory; duplicate-704,Other,# Lines of code  https://github.com/code-423n4/2023-06-lybra/blob/7b73ef2fbb542b569e182d9abf79be643ca883ee/contracts/lybra/configuration/LybraConfigurator.sol#L85-L88 https://github.com/code-423n4/2023-06-lybra/blob/7b73ef2fbb542b569e182d9abf79be643ca883ee/contracts/lybra/configuration/LybraConfigurator.sol#L90-L93 https://github.com/code-423n4/2023-06-lybra/blob/7b73ef2fbb542b569e182d9abf79be643ca883ee/contracts/lybra/governance/GovernanceTimelock.sol#L25-L27 https://github.com/code-423n4/2023-
code4rena,2023-06-lybra,577,the function `withdraw` will fail in `ProtocolRewardsPool` if the user calling the withdraw for the first time,bug; 3 (High Risk); unsatisfactory; duplicate-819,Withdraw,# Lines of code  https://github.com/code-423n4/2023-06-lybra/blob/7b73ef2fbb542b569e182d9abf79be643ca883ee/contracts/lybra/miner/ProtocolRewardsPool.sol#L101 https://github.com/code-423n4/2023-06-lybra/blob/7b73ef2fbb542b569e182d9abf79be643ca883ee/contracts/lybra/miner/ProtocolRewardsPool.sol#L155-L158 https://github.com/code-423n4/2023-06-lybra/blob/7b73ef2fbb542b569e182d9abf79be643ca883ee/contracts/lybra/miner/ProtocolRewardsPool.sol#L90   # Vulnerability details  ## Impact  the function `with
code4rena,2023-06-lybra,572,ProtocolRewardsPool.stake - Only addresses whitelisted as tokenMiner can stake / unstake LBR tokens,bug; 3 (High Risk); sponsor disputed; unsatisfactory,Other,# Lines of code  https://github.com/code-423n4/2023-06-lybra/blob/7b73ef2fbb542b569e182d9abf79be643ca883ee/contracts/lybra/miner/ProtocolRewardsPool.sol#L73-L77 https://github.com/code-423n4/2023-06-lybra/blob/7b73ef2fbb542b569e182d9abf79be643ca883ee/contracts/lybra/miner/ProtocolRewardsPool.sol#L87-L89 https://github.com/code-423n4/2023-06-lybra/blob/7b73ef2fbb542b569e182d9abf79be643ca883ee/contracts/lybra/token/LBR.sol#L25-L36 https://github.com/code-423n4/2023-06-lybra/blob/7b73ef2fbb542b569e
code4rena,2023-06-lybra,570,Every `transfer` transaction with the esLBR contract will revert causing the transaction to fail.,bug; 3 (High Risk); low quality report; unsatisfactory,"Interest Rate, Share Manipulation",# Lines of code  https://github.com/code-423n4/2023-06-lybra/blob/7b73ef2fbb542b569e182d9abf79be643ca883ee/contracts/lybra/token/esLBR.sol#L26   # Vulnerability details  ## Impact Every calls to the `transfer` and `transferFrom` function of the esLBR token contract will fail because the `_transfer` internal function used by the `transfer` function has been overidden and modified to always revert  ## Proof of Concept Transfer of esLBR token will always revert which is not in line the ERC20 specif
code4rena,2023-06-lybra,569,attacker can get most of `EUSD` in lybra protocol by make a malicious call to the `executeFlashloan` function,bug; 3 (High Risk); unsatisfactory; duplicate-269,"Flash Loan, Borrow Logic, Deposit",# Lines of code  https://github.com/code-423n4/2023-06-lybra/blob/7b73ef2fbb542b569e182d9abf79be643ca883ee/contracts/lybra/token/PeUSDMainnetStableVision.sol#L129-L139 https://github.com/code-423n4/2023-06-lybra/blob/7b73ef2fbb542b569e182d9abf79be643ca883ee/contracts/lybra/token/PeUSDMainnetStableVision.sol#L79-L88 https://github.com/code-423n4/2023-06-lybra/blob/7b73ef2fbb542b569e182d9abf79be643ca883ee/contracts/lybra/token/PeUSDMainnetStableVision.sol#L114-L121   # Vulnerability details  ## Im
code4rena,2023-06-lybra,562,Miscalculation in isOtherEarningsClaimable causing require check on multiple function to bree,bug; 3 (High Risk); low quality report; unsatisfactory,Other,"# Lines of code  https://github.com/code-423n4/2023-06-lybra/blob/main/contracts/lybra/miner/EUSDMiningIncentives.sol#L189 https://github.com/code-423n4/2023-06-lybra/blob/main/contracts/lybra/miner/EUSDMiningIncentives.sol#L149   # Vulnerability details  ## Impact Miscalculation in isOtherEarningsClaimable(), causing require check on multiple function to break  ## Proof of Concept isOtherEarningsClaimable() boolean function is checked by the first multiplying stakedLBRLpValue(user) * 10000 befo"
code4rena,2023-06-lybra,559,Access Control Vulnerabilities in Smart Contract,bug; 3 (High Risk); low quality report; unsatisfactory,"Withdraw, Fund Theft, Fund Loss",# Lines of code  https://github.com/code-423n4/2023-06-lybra/blob/main/contracts/lybra/token/EUSD.sol?plain=1#L153 https://github.com/code-423n4/2023-06-lybra/blob/main/contracts/lybra/token/EUSD.sol?plain=1#L200 https://github.com/code-423n4/2023-06-lybra/blob/main/contracts/lybra/token/EUSD.sol?plain=1#L248 https://github.com/code-423n4/2023-06-lybra/blob/main/contracts/lybra/token/EUSD.sol?plain=1#L268 https://github.com/code-423n4/2023-06-lybra/blob/main/contracts/lybra/token/EUSD.sol?plain=
code4rena,2023-06-lybra,552,A user can attempt a reentrancy attack when restaking,bug; 3 (High Risk); low quality report; unsatisfactory,Reentrancy,"# Lines of code  https://github.com/code-423n4/2023-06-lybra/blob/main/contracts/lybra/miner/ProtocolRewardsPool.sol#L141 https://github.com/code-423n4/2023-06-lybra/blob/main/contracts/lybra/miner/ProtocolRewardsPool.sol#L143   # Vulnerability details  ## Impact Possible reentrancy, minting all esLBR to the maxSupply  ## Proof of Concept User are allowed to convert unredeemed and converting ESLBR tokens back to LBR by simply calling the `reStake()` function, which mint's the amount before updat"
code4rena,2023-06-lybra,551,Denial of service attack on honest user,bug; 3 (High Risk); unsatisfactory; duplicate-364,Withdraw,# Lines of code  https://github.com/code-423n4/2023-06-lybra/blob/main/contracts/lybra/miner/ProtocolRewardsPool.sol#L105 https://github.com/code-423n4/2023-06-lybra/blob/main/contracts/lybra/miner/ProtocolRewardsPool.sol#L156   # Vulnerability details  ## Impact Malicious attack can affect result that rely on lastWithdrawTime of the user without needing permission of the user and cause them to lose funds when calling the functions such as the `restake()` and `unlockPrematurely()` function.  ## 
code4rena,2023-06-lybra,549,Malicious actor may reduce other users' rewards,bug; 3 (High Risk); unsatisfactory; duplicate-364,Withdraw,# Lines of code  https://github.com/code-423n4/2023-06-lybra/blob/main/contracts/lybra/miner/ProtocolRewardsPool.sol#L100-L105   # Vulnerability details  ## Impact  Anyone can call `withdraw` function for any arbitrary address. Calling that function updates `lastWithdrawTime` for any arbitrary addess. Whenever malicious user calls `withdraw` before a legitimate user unstakes - the amount of rewards for unstaking will be decreased.  A malicious user may deprive anyone from receiving a proper amou
code4rena,2023-06-lybra,544,Flashloan function of the PeUSD contract is dangerous ,bug; 3 (High Risk); satisfactory; upgraded by judge; duplicate-769,"Share Manipulation, Fund Drain","# Lines of code  https://github.com/code-423n4/2023-06-lybra/blob/7b73ef2fbb542b569e182d9abf79be643ca883ee/contracts/lybra/token/PeUSDMainnetStableVision.sol#L129-L139   # Vulnerability details  ## Impact  The PeUSDMainnetStableVision contract has a function called `executeFlashloan`, which is used to temporarily request some amount of the EUSD accumulated in the contract, which should be returned plus a fee in the same transaction.  Normally these functions follow the pattern of taking a snapsh"
code4rena,2023-06-lybra,540,Duplicate pool address could lead to incorrect reward distribution,bug; 3 (High Risk); low quality report; primary issue; unsatisfactory,Other,# Lines of code  https://github.com/code-423n4/2023-06-lybra/blob/7b73ef2fbb542b569e182d9abf79be643ca883ee/contracts/lybra/miner/EUSDMiningIncentives.sol#L93 https://github.com/code-423n4/2023-06-lybra/blob/7b73ef2fbb542b569e182d9abf79be643ca883ee/contracts/lybra/miner/EUSDMiningIncentives.sol#L144 https://github.com/code-423n4/2023-06-lybra/blob/7b73ef2fbb542b569e182d9abf79be643ca883ee/contracts/lybra/miner/EUSDMiningIncentives.sol#L185 https://github.com/code-423n4/2023-06-lybra/blob/7b73ef2fb
code4rena,2023-06-lybra,535,Users may abuse `#Configurator.becomeRedemptionProvider()` function to boost their rewards,bug; 3 (High Risk); low quality report; unsatisfactory,Borrow Logic,"# Lines of code  https://github.com/code-423n4/2023-06-lybra/blob/main/contracts/lybra/configuration/LybraConfigurator.sol#L268-L272   # Vulnerability details  ## Impact  Malicious users can exploit the `#Configurator.becomeRedemptionProvider()` function to boost their rewards. By setting `becomeRedemptionProvider()` to true, then calling `refreshMintReward`, and subsequently setting `becomeRedemptionProvider()` back to false, hence loss of yield and users won't be incentivized to provide rigid "
code4rena,2023-06-lybra,533,Without a proper access control attacker can drain the user's flashborrow contract if the contract gave approval to the PeUSDMainnetStableVision,bug; 3 (High Risk); satisfactory; duplicate-769,"Borrow Logic, Fund Drain",# Lines of code  https://github.com/code-423n4/2023-06-lybra/blob/7b73ef2fbb542b569e182d9abf79be643ca883ee/contracts/lybra/token/PeUSDMainnetStableVision.sol#L133 https://github.com/code-423n4/2023-06-lybra/blob/7b73ef2fbb542b569e182d9abf79be643ca883ee/contracts/lybra/token/PeUSDMainnetStableVision.sol#L137   # Vulnerability details  ## Impact `PeUSDMainnetStableVision.sol` contract's `executeFlashloan` function does not have proper access control. Therefore anyone can put any user's flashborrow
code4rena,2023-06-lybra,524,LybraConfigurator#setKeeperRatio Keeper will get lesser reward,bug; 3 (High Risk); unsatisfactory; duplicate-855,Liquidation,"# Lines of code  https://github.com/code-423n4/2023-06-lybra/blob/7b73ef2fbb542b569e182d9abf79be643ca883ee/contracts/lybra/configuration/LybraConfigurator.sol#L224   # Vulnerability details  ## Impact  As it is stated in the [comment](https://github.com/code-423n4/2023-06-lybra/blob/7b73ef2fbb542b569e182d9abf79be643ca883ee/contracts/lybra/configuration/LybraConfigurator.sol#L222), that that the max reward for the Keeper should be 5%.   However this is wrongly assigned in the code translating to "
code4rena,2023-06-lybra,518, msg.sender is not used as from in transferFrom.,bug; 3 (High Risk); low quality report; unsatisfactory,Vault,# Lines of code  https://github.com/code-423n4/2023-06-lybra/blob/7b73ef2fbb542b569e182d9abf79be643ca883ee/contracts/lybra/token/PeUSDMainnetStableVision.sol#L82 https://github.com/code-423n4/2023-06-lybra/blob/7b73ef2fbb542b569e182d9abf79be643ca883ee/contracts/lybra/pools/base/LybraPeUSDVaultBase.sol#L203   # Vulnerability details  ## Impact Hackers can send tokens to themselves.  ## Proof of Concept https://github.com/crytic/slither/wiki/Detector-Documentation#arbitrary-from-in-transferfrom  #
code4rena,2023-06-lybra,516,Missing require statement in modifiers,bug; 3 (High Risk); satisfactory; upgraded by judge; duplicate-704,Other,"# Lines of code  https://github.com/code-423n4/2023-06-lybra/blob/main/contracts/lybra/configuration/LybraConfigurator.sol#L85 , https://github.com/code-423n4/2023-06-lybra/blob/main/contracts/lybra/configuration/LybraConfigurator.sol#L90   # Vulnerability details  ## Impact Everyone is able to execute functions with attached modifiers ``checkRole`` and ``onlyRole`` due to missing require statement in modifiers.  ``checkRole`` and ``onlyRole`` modifier will execute functions everytime no matter "
code4rena,2023-06-lybra,511,Keeper will loss his reward during superLiquidation due to wrong ratio calculation.,invalid; 3 (High Risk); withdrawn by warden,"Liquidation, Oracle, Collateral","# Lines of code  https://github.com/code-423n4/2023-06-lybra/blob/main/contracts/lybra/pools/base/LybraEUSDVaultBase.sol#L204   # Vulnerability details  ## Impact  As per the [documentation](https://docs.lybra.finance/lybra-finance-docs/mechanisms/liquidation#how-do-i-benefit-as-a-liquidator), liquidator may grant a third-party Keeper access to his funds, and allow them to carry out the liquidation process in exchange for a portion of the 10% liquidation reward (9% to the liquidator and 1% to th"
code4rena,2023-06-lybra,510,"The checkRole statement of the Configurator contract is invalid, and the permission verification can be bypassed. Hackers can tamper with tokenMiner parameters and infinitely mint esLBR tokens or LBR tokens",bug; 3 (High Risk); satisfactory; duplicate-704,Other,"# Lines of code  https://github.com/code-423n4/2023-06-lybra/blob/7b73ef2fbb542b569e182d9abf79be643ca883ee/contracts/lybra/configuration/LybraConfigurator.sol#L90-L93   # Vulnerability details  ## Impact The `checkRole` statement of the `Configurator` contract is invalid, and the permission verification can be bypassed. Hackers can tamper with `tokenMiner` parameters and infinitely mint `esLBR` tokens or `LBR` tokens.  ## Proof of Concept The Configurator contract is used to set various paramete"
code4rena,2023-06-lybra,509,User could burn less amount of esLBR and withdraw all LBR at end of redemption time,bug; 3 (High Risk); primary issue; sponsor disputed; unsatisfactory; edited-by-warden,"Deposit, Withdraw","# Lines of code  https://github.com/code-423n4/2023-06-lybra/blob/7b73ef2fbb542b569e182d9abf79be643ca883ee/contracts/lybra/miner/ProtocolRewardsPool.sol#L87   # Vulnerability details  ## Impact User could end up with more LBR than what was burnt.  ## Proof of Concept 1. User stakes 100 LBR to get 100 esLBR ```solidity 73: function stake(uint256 amount) external { 74:         LBR.burn(msg.sender, amount); 75:         esLBR.mint(msg.sender, amount); 76:         emit StakeLBR(msg.sender, amount, bl"
code4rena,2023-06-lybra,506,"The role authority verification of the Configurator contract system can be bypassed, hackers can tamper with the core configuration parameters and infinitely mint eUSD tokens",bug; 3 (High Risk); satisfactory; duplicate-704,Vault,"# Lines of code  https://github.com/code-423n4/2023-06-lybra/blob/7b73ef2fbb542b569e182d9abf79be643ca883ee/contracts/lybra/configuration/LybraConfigurator.sol#L86   # Vulnerability details  ## Impact  Because the `Configurator` contract judges the user's authority wrongly, hackers can maliciously configure multiple core parameters of the system, which can cause many damages to the system, such as unlimited infinitely mint `eUSD` tokens, etc.  ## Proof of Concept  The Configurator contract is use"
code4rena,2023-06-lybra,503,borrowing unwanted flashloan on behalf of receiver,bug; 3 (High Risk); satisfactory; upgraded by judge; edited-by-warden; duplicate-769,"Flash Loan, Borrow Logic, Share Manipulation","# Lines of code  https://github.com/code-423n4/2023-06-lybra/blob/7b73ef2fbb542b569e182d9abf79be643ca883ee/contracts/lybra/token/PeUSDMainnetStableVision.sol#L129   # Vulnerability details  ## Impact There is no control on borrowing flashloan, so anyone can borrow an **unwanted flashloan** on behalf of a receiver, and the receiver must burn share to pay the fee (in case it has nonzero eUSD balance).  ## Proof of Concept  Suppose there is an innocent contract (called `FlashloanBorrower.sol`) whic"
code4rena,2023-06-lybra,500,An attacker can mint more esLBR ,bug; 3 (High Risk); primary issue; sponsor disputed; unsatisfactory,Withdraw,# Lines of code  https://github.com/code-423n4/2023-06-lybra/blob/7b73ef2fbb542b569e182d9abf79be643ca883ee/contracts/lybra/miner/ProtocolRewardsPool.sol#L155   # Vulnerability details  ## Impact A user could mint more esLBR by staking LBR and withdrawing their LBR without burning esLBR.  ## Proof of Concept The general flow one would expect is [Stake](https://github.com/code-423n4/2023-06-lybra/blob/7b73ef2fbb542b569e182d9abf79be643ca883ee/contracts/lybra/miner/ProtocolRewardsPool.sol#L73C5-L78C
code4rena,2023-06-lybra,481,Unrestricted Access,bug; 3 (High Risk); satisfactory; upgraded by judge; duplicate-704,Other,"# Lines of code  https://github.com/code-423n4/2023-06-lybra/blob/5d70170f2c68dbd3f7b8c0c8fd6b0b2218784ea6/contracts/lybra/configuration/LybraConfigurator.sol#L85-L93   # Vulnerability details  ## Impact In LybraConfigurator.sol contract, all restricted functions are callable by any address, making the entire protocol vulnerable to severe manipulation by a malicious user.   ## Proof of Concept Modifiers are unchecked . ```  modifier onlyRole(bytes32 role) {         GovernanceTimelock.checkOnlyRo"
code4rena,2023-06-lybra,478,Attacker can withdraw on behalf of another user,bug; 3 (High Risk); unsatisfactory; edited-by-warden; duplicate-364,"Withdraw, DoS","# Lines of code  https://github.com/code-423n4/2023-06-lybra/blob/7b73ef2fbb542b569e182d9abf79be643ca883ee/contracts/lybra/miner/ProtocolRewardsPool.sol#L100 https://github.com/code-423n4/2023-06-lybra/blob/7b73ef2fbb542b569e182d9abf79be643ca883ee/contracts/lybra/miner/ProtocolRewardsPool.sol#L141   # Vulnerability details  ## Impact An attacker can withdraw LBR on behalf of a user. Although the LBR will be withdrawn to the user, this might not be what the user intended to do. Consider the case "
code4rena,2023-06-lybra,474,Incorrect calculation of provider and keeper rewards.,invalid; 3 (High Risk); withdrawn by warden,"Liquidation, Collateral, Vault","# Lines of code  https://github.com/code-423n4/2023-06-lybra/blob/main/contracts/lybra/pools/base/LybraEUSDVaultBase.sol#L171   # Vulnerability details  ## Impact  As per the [documentation](https://docs.lybra.finance/lybra-finance-docs/mechanisms/liquidation#how-do-i-benefit-as-a-liquidator), liquidator may grant a third-party Keeper access to his funds, and allow them to carry out the liquidation process in exchange for a portion of the 10% liquidation reward (9% to the liquidator and 1% to th"
code4rena,2023-06-lybra,473,LybraPeUSDVaultBase#mint: Individual mint amount of peUSD can surpass 10% when the token circulation reaches 10.000.000,bug; 3 (High Risk); low quality report; primary issue; unsatisfactory; edited-by-warden,Vault,"# Lines of code  https://github.com/code-423n4/2023-06-lybra/blob/main/contracts/lybra/pools/base/LybraPeUSDVaultBase.sol#L96-L100   # Vulnerability details  ## Impact Individual mint amount of peUSD can surpass 10% when the token circulation reaches 10.000.000.  ## Proof of Concept The mentioned check is specified in the comments of the `LybraPeUSDVaultBase#mint` method (check code below), but there is no check found for making sure this doesn't happen.  ```  /**      * @notice The mint amount "
code4rena,2023-06-lybra,471,critical function are missed the `nonReentrant` checks in `stakingRewardV2.sol`,bug; 3 (High Risk); low quality report; unsatisfactory,"Withdraw, Reentrancy",# Lines of code  https://github.com/code-423n4/2023-06-lybra/blob/7b73ef2fbb542b569e182d9abf79be643ca883ee/contracts/lybra/miner/stakerewardV2pool.sol#L83 https://github.com/code-423n4/2023-06-lybra/blob/7b73ef2fbb542b569e182d9abf79be643ca883ee/contracts/lybra/miner/stakerewardV2pool.sol#L93 https://github.com/code-423n4/2023-06-lybra/blob/7b73ef2fbb542b569e182d9abf79be643ca883ee/contracts/lybra/miner/stakerewardV2pool.sol#L111   # Vulnerability details  ## Impact  reentrancy check are missed in
code4rena,2023-06-lybra,448,users can cause underflow by front running liquidator calls to  `superLiquidation` function to avoid get liquidated,bug; 3 (High Risk); low quality report; unsatisfactory,"Liquidation, Borrow Logic, Collateral",# Lines of code  https://github.com/code-423n4/2023-06-lybra/blob/7b73ef2fbb542b569e182d9abf79be643ca883ee/contracts/lybra/pools/base/LybraEUSDVaultBase.sol#L202   # Vulnerability details  ## Impact  an attacker can cause underflow when a liquidator want to super liquidate the `onBehalf` full balance (liquidate all `onBehalf` balance) by make a call to `superLiquidation` function. an attacker/or the liquidated account can make a call to the `superLiquidation` function to liquidate small amount o
code4rena,2023-06-lybra,437,TRANSFERING FUNDS TO YOURSELF INCREASES YOUR BALANCE,bug; 3 (High Risk); low quality report; unsatisfactory,Other,"# Lines of code  https://github.com/code-423n4/2023-06-lybra/blob/main/contracts/lybra/token/EUSD.sol#L231   # Vulnerability details  ## Impact Using temporary variables to update balances is a dangerous construction that has led to several hacks in the past. We have to check if in code id `_from != _to`  ## Proof of Concept ```solidity File: contracts/lybra/token/EUSD.sol  231:         _transfer(from, to, amount);  ```  ## Tools Used VS Code  ## Recommended Mitigation Steps Add checks to make s"
code4rena,2023-06-lybra,435,INCORRECT HANDLING OF PRICEFEED.DECIMALS(),bug; 3 (High Risk); low quality report; unsatisfactory,Share Manipulation,"# Lines of code  https://github.com/code-423n4/2023-06-lybra/blob/main/contracts/lybra/miner/ProtocolRewardsPool.sol#L209 https://github.com/code-423n4/2023-06-lybra/blob/main/contracts/lybra/miner/ProtocolRewardsPool.sol#L236   # Vulnerability details  ## Impact Wrong math for handling pricefeed decimals. This code will only work for pricefeeds of 8 decimals, any others give wrong/incorrect data.  ## Proof of Concept ```solidity File: contracts/lybra/miner/ProtocolRewardsPool.sol  209:         "
code4rena,2023-06-lybra,423,peUSD should not bear interest,bug; 3 (High Risk); low quality report; unsatisfactory; duplicate-857,"Interest Rate, Deposit, Share Manipulation","# Lines of code  https://github.com/code-423n4/2023-06-lybra/blob/7b73ef2fbb542b569e182d9abf79be643ca883ee/contracts/lybra/token/PeUSDMainnetStableVision.sol#L79-L88 https://github.com/code-423n4/2023-06-lybra/blob/7b73ef2fbb542b569e182d9abf79be643ca883ee/contracts/lybra/token/PeUSDMainnetStableVision.sol#L114-L121   # Vulnerability details  ## Impact *""The most powerful feature of peUSD is that when you convert eUSD to peUSD you continue to earn yields on the underlying eUSD value. These yields"
code4rena,2023-06-lybra,421,The mint function does not perform permission checks.,bug; 3 (High Risk); low quality report; unsatisfactory,"Borrow Logic, Deposit, Vault",# Lines of code  https://github.com/code-423n4/2023-06-lybra/blob/7b73ef2fbb542b569e182d9abf79be643ca883ee/contracts/lybra/pools/base/LybraEUSDVaultBase.sol#L126 https://github.com/code-423n4/2023-06-lybra/blob/7b73ef2fbb542b569e182d9abf79be643ca883ee/contracts/lybra/pools/base/LybraPeUSDVaultBase.sol#L96   # Vulnerability details  ## Impact The mint function does not perform permission checks.Surplus tokens are generated when invoked after a change in market price.  ## Proof of Concept LybraStE
code4rena,2023-06-lybra,420,First unstake in ProtocolRewardsPool.sol will burn all esLBR staked,bug; 3 (High Risk); unsatisfactory; duplicate-819,Withdraw,"# Lines of code  https://github.com/code-423n4/2023-06-lybra/blob/7b73ef2fbb542b569e182d9abf79be643ca883ee/contracts/lybra/miner/ProtocolRewardsPool.sol#L87-L98   # Vulnerability details  ## Impact  esLBR will be burned without getting any LBR back on the first unstake action.  ## Proof of Concept  When a user wants to stake LBR and get esLBR in return, he calls `stake()` in ProtocolRewardsPool.   ```     function stake(uint256 amount) external {         LBR.burn(msg.sender, amount);         esL"
code4rena,2023-06-lybra,417,Access control in LybraConfigurator.sol not implemented correctly,bug; 3 (High Risk); satisfactory; duplicate-704,"Flash Loan, Fund Loss",# Lines of code  https://github.com/code-423n4/2023-06-lybra/blob/7b73ef2fbb542b569e182d9abf79be643ca883ee/contracts/lybra/configuration/LybraConfigurator.sol#L85-L88 https://github.com/code-423n4/2023-06-lybra/blob/7b73ef2fbb542b569e182d9abf79be643ca883ee/contracts/lybra/configuration/LybraConfigurator.sol#L90-L93   # Vulnerability details  ## Impact onlyRole and checkRole modifiers aren't implemented correctly so they don't protect the functions in which they're used. Having no check would mea
code4rena,2023-06-lybra,412,Attacker can repay EUSD without share loss & exploit PeUSD flash loan to extract shares,bug; 3 (High Risk); low quality report; primary issue; unsatisfactory; edited-by-warden,"Flash Loan, Borrow Logic, Rounding",# Lines of code  https://github.com/code-423n4/2023-06-lybra/blob/main/contracts/lybra/token/EUSD.sol#L304 https://github.com/code-423n4/2023-06-lybra/blob/main/contracts/lybra/token/EUSD.sol#L315 https://github.com/code-423n4/2023-06-lybra/blob/main/contracts/lybra/token/EUSD.sol#L440-L447 https://github.com/code-423n4/2023-06-lybra/blob/main/contracts/lybra/pools/base/LybraEUSDVaultBase.sol#L276-L286 https://github.com/code-423n4/2023-06-lybra/blob/main/contracts/lybra/token/PeUSDMainnetStable
code4rena,2023-06-lybra,409,esLBR Tokens Not Burned When Converting to LBR Prematurely,bug; 3 (High Risk); judge review requested; primary issue; sponsor disputed; unsatisfactory,Other,"# Lines of code  https://github.com/code-423n4/2023-06-lybra/blob/5d70170f2c68dbd3f7b8c0c8fd6b0b2218784ea6/contracts/lybra/miner/ProtocolRewardsPool.sol#L111-L125   # Vulnerability details  ## Impact  Users can exploit this to accumulate excessive LBR tokens, as they receive the newly minted LBR without having their esLBR tokens burned.   ## Proof of Concept  In the [`unlockPrematurely`](https://github.com/code-423n4/2023-06-lybra/blob/5d70170f2c68dbd3f7b8c0c8fd6b0b2218784ea6/contracts/lybra/min"
code4rena,2023-06-lybra,401,Reentrant attack exists on all contracts in pools,invalid; 3 (High Risk); withdrawn by warden,"Borrow Logic, Collateral, Deposit",# Lines of code  https://github.com/code-423n4/2023-06-lybra/blob/7b73ef2fbb542b569e182d9abf79be643ca883ee/contracts/lybra/pools/LybraStETHVault.sol#L37 https://github.com/code-423n4/2023-06-lybra/blob/7b73ef2fbb542b569e182d9abf79be643ca883ee/contracts/lybra/pools/LybraRETHVault.sol#L34 https://github.com/code-423n4/2023-06-lybra/blob/7b73ef2fbb542b569e182d9abf79be643ca883ee/contracts/lybra/pools/LybraWbETHVault.sol#L20 https://github.com/code-423n4/2023-06-lybra/blob/7b73ef2fbb542b569e182d9abf7
code4rena,2023-06-lybra,400,Loss of user funds if mintAmount is 0,bug; 3 (High Risk); unsatisfactory; duplicate-195,"Collateral, Deposit, Vault",# Lines of code  https://github.com/code-423n4/2023-06-lybra/blob/7b73ef2fbb542b569e182d9abf79be643ca883ee/contracts/lybra/pools/LybraWbETHVault.sol#L28 https://github.com/code-423n4/2023-06-lybra/blob/7b73ef2fbb542b569e182d9abf79be643ca883ee/contracts/lybra/pools/LybraWstETHVault.sol#L42 https://github.com/code-423n4/2023-06-lybra/blob/7b73ef2fbb542b569e182d9abf79be643ca883ee/contracts/lybra/pools/LybraRETHVault.sol#L35   # Vulnerability details  ## Impact If user pass 0 as the `mintAmount` (er
code4rena,2023-06-lybra,386,PeUSD AND eUSD are minted to address _onBehalfOf and burnt from  _provider in PeUSD and eUSD vault pools ,bug; 3 (High Risk); low quality report; unsatisfactory; edited-by-warden,"Borrow Logic, Vault",# Lines of code  https://github.com/code-423n4/2023-06-lybra/blob/7b73ef2fbb542b569e182d9abf79be643ca883ee/contracts/lybra/pools/base/LybraEUSDVaultBase.sol#L126 https://github.com/code-423n4/2023-06-lybra/blob/7b73ef2fbb542b569e182d9abf79be643ca883ee/contracts/lybra/pools/base/LybraEUSDVaultBase.sol#L140 https://github.com/code-423n4/2023-06-lybra/blob/7b73ef2fbb542b569e182d9abf79be643ca883ee/contracts/lybra/pools/base/LybraEUSDVaultBase.sol#L279 https://github.com/code-423n4/2023-06-lybra/blob
code4rena,2023-06-lybra,383,"Anyone can break protocol logic("" Deposit should not be less than 1 stETH "") and can deposit any amount indirectly",bug; 3 (High Risk); low quality report; unsatisfactory; edited-by-warden,"Borrow Logic, Collateral, Deposit",# Lines of code  https://github.com/code-423n4/2023-06-lybra/blob/main/contracts/lybra/pools/base/LybraEUSDVaultBase.sol#L73 https://github.com/code-423n4/2023-06-lybra/blob/main/contracts/lybra/pools/base/LybraEUSDVaultBase.sol#L100   # Vulnerability details  ## Impact  During deposit of collateral assets protocol make sure that deposit amount should be greater than 1 ether i.e protocol prevent deposit if deposit amount is less than 1 ether.  But here anyone can break protocol logic and Indirec
code4rena,2023-06-lybra,380,Failed transfer of collateral asset in withdraw will emit WithdrawAsset event and decrese user's balance,bug; 3 (High Risk); unsatisfactory; duplicate-850,"Borrow Logic, Collateral, Deposit","# Lines of code  https://github.com/code-423n4/2023-06-lybra/blob/main/contracts/lybra/pools/base/LybraEUSDVaultBase.sol#L107   # Vulnerability details  ## Impact Detailed description of the impact of this finding.  IERC20.transfer returns true after sucessfull transfer of asset and false on Failed transfer. In the withdraw function of LybraEUSDVaultBase.sol . return value of **collateralAsset.transfer(onBehalfOf, withdrawal)** is not checked.   even if this transfer fails there will be no rever"
code4rena,2023-06-lybra,372,Configurator.checkRole & Configurator.onlyRole modifiers does not work as expected,bug; 3 (High Risk); satisfactory; duplicate-704,"Borrow Logic, Collateral, Vault","# Lines of code  https://github.com/code-423n4/2023-06-lybra/blob/7b73ef2fbb542b569e182d9abf79be643ca883ee/contracts/lybra/configuration/LybraConfigurator.sol#L85-L93   # Vulnerability details  ## Impact The access control `Configurator.checkRole()` and `Configurator.onlyRole()` modifiers do not function as expected, rendering all vital functions unguarded and the contract inoperable.  ## Proof of Concept  The provided code snippet shows the implementation of the `onlyRole()` and `checkRole()` m"
code4rena,2023-06-lybra,368,LybraGovernance.proposals() return incorrect data,invalid; 3 (High Risk); satisfactory; upgraded by judge; withdrawn by warden; duplicate-15,Other,# Lines of code  https://github.com/code-423n4/2023-06-lybra/blob/7b73ef2fbb542b569e182d9abf79be643ca883ee/contracts/lybra/governance/LybraGovernance.sol#L156-L158 https://github.com/code-423n4/2023-06-lybra/blob/7b73ef2fbb542b569e182d9abf79be643ca883ee/contracts/lybra/governance/LybraGovernance.sol#L120-L121   # Vulnerability details  ## Impact `LybraGovernance.proposals()` return incorrect data which potentially makes the voters cast wrong votes.  ## Proof of Concept The following code snippet
code4rena,2023-06-lybra,367,LybraGovernance.proposals() return incorrect voting data,bug; 3 (High Risk); satisfactory; upgraded by judge; duplicate-15,Other,# Lines of code  https://github.com/code-423n4/2023-06-lybra/blob/7b73ef2fbb542b569e182d9abf79be643ca883ee/contracts/lybra/governance/LybraGovernance.sol#L156-L158 https://github.com/code-423n4/2023-06-lybra/blob/7b73ef2fbb542b569e182d9abf79be643ca883ee/contracts/lybra/governance/LybraGovernance.sol#L120-L121   # Vulnerability details  ## Impact LybraGovernance.proposals() return incorrect data  ## Proof of Concept The following code snippets demonstrate the issue:  In the IGovernor.sol file of 
code4rena,2023-06-lybra,366,`_checkHealth` function doesn't check collateral asset value correctly,bug; 3 (High Risk); low quality report; unsatisfactory,"Borrow Logic, Collateral, Withdraw","# Lines of code  https://github.com/code-423n4/2023-06-lybra/blob/7b73ef2fbb542b569e182d9abf79be643ca883ee/contracts/lybra/pools/base/LybraEUSDVaultBase.sol#L291 https://github.com/code-423n4/2023-06-lybra/blob/7b73ef2fbb542b569e182d9abf79be643ca883ee/contracts/lybra/pools/base/LybraPeUSDVaultBase.sol#L225   # Vulnerability details  In `LybraEUSDVaultBase` and `LybraPeUSDVaultBase` contracts in order to user be able to borrow or withdraw their collateral, `_mintEUSD` and `withdraw` functions che"
code4rena,2023-06-lybra,357,Access control in LybraConfigurator.sol not implemented correctly,bug; 3 (High Risk); low quality report; unsatisfactory,Other,"# Lines of code  https://github.com/code-423n4/2023-06-lybra/blob/7b73ef2fbb542b569e182d9abf79be643ca883ee/contracts/lybra/configuration/LybraConfigurator.sol#L85-L88   # Vulnerability details  ## Impact Detailed description of the impact of this finding.  ## Proof of Concept Provide direct links to all referenced code in GitHub. Add screenshots, logs, or any other relevant proof that illustrates the concept.  ## Tools Used  ## Recommended Mitigation Steps   ## Assessed type  Access Control"
code4rena,2023-06-lybra,355,`ProtocolRewardsPool` - users do not get excess LBR tokens earned from staking when `unstake` or `withdraw` is called,bug; 3 (High Risk); unsatisfactory; duplicate-819,Withdraw,"# Lines of code  https://github.com/code-423n4/2023-06-lybra/blob/481520a1440e2637e94c1200e798841b47825a91/contracts/lybra/miner/ProtocolRewardsPool.sol#L100-L107 https://github.com/code-423n4/2023-06-lybra/blob/481520a1440e2637e94c1200e798841b47825a91/contracts/lybra/miner/ProtocolRewardsPool.sol#L155-L159   # Vulnerability details  ## Impact When a user, who has staked LBR tokens, calls `unstake` or `withdraw`, he will not receive excess LBR tokens from staking.  ## Proof of Concept Let's say "
code4rena,2023-06-lybra,352,getMintedEUSDByShares with precision loss leading to free flashloan of 1wei possible,bug; 3 (High Risk); low quality report; unsatisfactory; edited-by-warden,"Borrow Logic, Precision, Share Manipulation","# Lines of code  https://github.com/code-423n4/2023-06-lybra/blob/main/contracts/lybra/token/PeUSDMainnetStableVision.sol#L131-L133   # Vulnerability details  ## Impact getMintedEUSDByShares with precision loss leading to free flashloan of 1wei possible  PeUSDMainnetStableVision is a contract in which users can convert eUSD into PeUSD, or PeUSD back to eUSD. PeUSD is a static stable-pegged token, where eUSD is a re-basing token. User who hold PeUSD can have the convenience of a stable-pegged ass"
code4rena,2023-06-lybra,351,`ProtocolRewardsPool` - users will lose LBR and esLBR tokens when `unstake` is called,bug; 3 (High Risk); primary issue; sponsor disputed; unsatisfactory; edited-by-warden,Withdraw,"# Lines of code  https://github.com/code-423n4/2023-06-lybra/blob/481520a1440e2637e94c1200e798841b47825a91/contracts/lybra/miner/ProtocolRewardsPool.sol#L87-L98   # Vulnerability details  ## Impact When a user calls `ProtocolRewardsPool.unstake` function, the user does not receive his staked LBR tokens back.  ## Proof of Concept Let's say Bob wants to stake 100 LBR tokens in `ProtocolRewardsPool`.  Bob stakes LBR tokens via [ProtocolRewardPool.stake](https://github.com/code-423n4/2023-06-lybra/b"
code4rena,2023-06-lybra,344,Attacker can leach free EUSD & PeUSD by exploiting rounding down to zero precision loss,bug; 3 (High Risk); satisfactory; edited-by-warden; duplicate-106,"Deposit, Rounding, Precision",# Lines of code  https://github.com/code-423n4/2023-06-lybra/blob/main/contracts/lybra/token/EUSD.sol#L304 https://github.com/code-423n4/2023-06-lybra/blob/main/contracts/lybra/token/EUSD.sol#L414-L418 https://github.com/code-423n4/2023-06-lybra/blob/main/contracts/lybra/token/PeUSDMainnetStableVision.sol#L84-L86   # Vulnerability details  ## Impact Attacker can leach free EUSD & free PeUSD by exploiting rounding down to zero precision loss.  ## Proof of Concept Examine this code in EUSD.mint():
code4rena,2023-06-lybra,343,Wrong modifiers let malicious users take over the LybraConfigurator breaking the whole protocol,bug; 3 (High Risk); satisfactory; duplicate-704,Borrow Logic,"# Lines of code  https://github.com/code-423n4/2023-06-lybra/blob/7b73ef2fbb542b569e182d9abf79be643ca883ee/contracts/lybra/configuration/LybraConfigurator.sol#L85-L93   # Vulnerability details  # Impact All the functions in **LybraConfigurator.sol** can be called by malicious accounts. This breaks the whole protocol, as anyone can change the tokens, the fees and the ratios, the borrow apy or mint unlimited amount of tokens, etc..  ## Proof of concept  A malicious user calls a [**LybraConfigurato"
code4rena,2023-06-lybra,340,Making `_totalSupply` and `_totalShares` imbalance significantly by providing fake income leads to stealing fund,bug; 3 (High Risk); primary issue; satisfactory; selected for report; sponsor acknowledged; edited-by-warden; H-05,"Borrow Logic, Deposit, Vault","# Lines of code  https://github.com/code-423n4/2023-06-lybra/blob/7b73ef2fbb542b569e182d9abf79be643ca883ee/contracts/lybra/pools/LybraStETHVault.sol#L62   # Vulnerability details  ## Impact  If the project is just started, a malicious user can make the `_totalSupply` and `_totalShares` imbalance significantly by providing fake income. By doing so, later, when innocent users deposit and mint, the malicious user can steal protocol's stETH without burning any share. Moreover, the protocol's income "
code4rena,2023-06-lybra,330,EUSD incorrectly treats sharesAmount == 0 as totalSupply == 0,bug; 3 (High Risk); satisfactory; upgraded by judge; edited-by-warden; duplicate-106,"Liquidation, Collateral, Share Manipulation","# Lines of code  https://github.com/code-423n4/2023-06-lybra/blob/7b73ef2fbb542b569e182d9abf79be643ca883ee/contracts/lybra/token/EUSD.sol#L415-L418   # Vulnerability details  ## Impact  EUSD treats `sharesAmount == 0` as `totalSupply == 0`, which is wrong and when `exchangeRate = share / amount > 1`, resulting in excess tokens being minted to users.    ## Proof of Concept  ```solidity         uint256 sharesAmount = getSharesByMintedEUSD(_mintAmount);         if (sharesAmount == 0) {             "
code4rena,2023-06-lybra,324,## [M-02] `LybraGovernance.proposals()`: Confusing votes variables assignment,bug; 3 (High Risk); satisfactory; upgraded by judge; duplicate-15,Other,"# Lines of code  https://github.com/code-423n4/2023-06-lybra/blob/main/contracts/lybra/governance/LybraGovernance.sol#L120-L122   # Vulnerability details  ## Impact and Details https://github.com/code-423n4/2023-06-lybra/blob/main/contracts/lybra/governance/LybraGovernance.sol#L120-L122 Based on docs, a vote with support id is defined as follows: > support: An integer of 0 for against, 1 for in-favor, and 2 for abstain.  However, in `proposals()`, `forVotes` is stored in index 0 while `againstVo"
code4rena,2023-06-lybra,321,## [H-05] `ProtocolRewards.getReward()`: Implementation may not let stakers get reward when contracts are underfunded,bug; 3 (High Risk); low quality report; unsatisfactory,"Borrow Logic, Share Manipulation",# Lines of code  https://github.com/code-423n4/2023-06-lybra/blob/main/contracts/lybra/miner/ProtocolRewardsPool.sol#L197   # Vulnerability details  ## Impact https://github.com/code-423n4/2023-06-lybra/blob/main/contracts/lybra/miner/ProtocolRewardsPool.sol#L197  ```solidity function getReward() external updateReward(msg.sender) {     uint reward = rewards[msg.sender];     if (reward > 0) {         rewards[msg.sender] = 0;         IEUSD EUSD = IEUSD(configurator.getEUSDAddress());         uint2
code4rena,2023-06-lybra,319,## [H-03] `esLBRBoost.getUserBoost()`: Wrong `boostEndTime` check logic,bug; 3 (High Risk); unsatisfactory; duplicate-341,Borrow Logic,"# Lines of code  https://github.com/code-423n4/2023-06-lybra/blob/main/contracts/lybra/miner/esLBRBoost.sol#L63   # Vulnerability details  ## Impact https://github.com/code-423n4/2023-06-lybra/blob/main/contracts/lybra/miner/esLBRBoost.sol#L63  Based on how long borrower decides to lock-up their esLBR, they can earn boosted rewards, calculated via the `esLBRBoost.getUserBoost()`. However, given `getUserBoost()` current implementation, user will always get maxBoosted rewards simply by calling `ge"
code4rena,2023-06-lybra,317,[H-02] `liquidation()/superLiquidation()` missing keeper validation checks,bug; 3 (High Risk); unsatisfactory; duplicate-307,"Liquidation, Borrow Logic, Collateral",# Lines of code  https://github.com/code-423n4/2023-06-lybra/blob/main/contracts/lybra/pools/base/LybraEUSDVaultBase.sol#L154-L176 https://github.com/code-423n4/2023-06-lybra/blob/main/contracts/lybra/pools/base/LybraEUSDVaultBase.sol#L187-L211 https://github.com/code-423n4/2023-06-lybra/blob/main/contracts/lybra/pools/base/LybraPeUSDVaultBase.sol#L125-L146   # Vulnerability details  ## Impact and Details https://github.com/code-423n4/2023-06-lybra/blob/main/contracts/lybra/pools/base/LybraEUSDV
code4rena,2023-06-lybra,316,[H-01] `_repay()` function in base vault contracts allows reducing of debt of depositors without risking liquidators collateral,bug; 3 (High Risk); low quality report; primary issue; unsatisfactory,"Liquidation, Borrow Logic, Collateral",# Lines of code  https://github.com/code-423n4/2023-06-lybra/blob/main/contracts/lybra/pools/base/LybraEUSDVaultBase.sol#L279 https://github.com/code-423n4/2023-06-lybra/blob/main/contracts/lybra/pools/base/LybraPeUSDVaultBase.sol#L200   # Vulnerability details  ## Impact https://github.com/code-423n4/2023-06-lybra/blob/main/contracts/lybra/pools/base/LybraEUSDVaultBase.sol#L279  https://github.com/code-423n4/2023-06-lybra/blob/main/contracts/lybra/pools/base/LybraPeUSDVaultBase.sol#L200  The ex
code4rena,2023-06-lybra,307,Unauthorized liquidation due to wrong allowance check on EUSD/PeUSD vaults,bug; 3 (High Risk); high quality report; primary issue; sponsor disputed; unsatisfactory; edited-by-warden,"Liquidation, Borrow Logic, Vault","# Lines of code  https://github.com/code-423n4/2023-06-lybra/blob/main/contracts/lybra/pools/base/LybraEUSDVaultBase.sol#L160 https://github.com/code-423n4/2023-06-lybra/blob/main/contracts/lybra/pools/base/LybraPeUSDVaultBase.sol#L131   # Vulnerability details  ## Context  Both EUSD and PeUSD vaults allow users to liquidate borrowers, the system introduced a new role called `Keeper`. According to the [documentation](https://docs.lybra.finance/lybra-finance-docs/mechanisms/liquidation#keepers), "
code4rena,2023-06-lybra,301,`rigidRedemption` doesn't allow to fully redeem a provider,bug; 3 (High Risk); satisfactory; upgraded by judge; duplicate-723,"Borrow Logic, Vault","# Lines of code  https://github.com/code-423n4/2023-06-lybra/blob/main/contracts/lybra/pools/base/LybraPeUSDVaultBase.sol#L159   # Vulnerability details  ## Impact In `rigidRedemption` function we check if borrowed amount of the provider is greater than or equal to `peusdAmount` that a user wants to repay. But we forget about the fact that a user's debt consists of his minted PEUSD tokens and a fee,  https://github.com/code-423n4/2023-06-lybra/blob/main/contracts/lybra/pools/base/LybraPeUSDVault"
code4rena,2023-06-lybra,286,Governance Proposal is defeated when it should succeed,bug; 3 (High Risk); satisfactory; upgraded by judge; edited-by-warden; duplicate-14,Other,# Lines of code  https://github.com/code-423n4/2023-06-lybra/blob/7b73ef2fbb542b569e182d9abf79be643ca883ee/contracts/lybra/governance/LybraGovernance.sol#L59-L61 https://github.com/code-423n4/2023-06-lybra/blob/7b73ef2fbb542b569e182d9abf79be643ca883ee/contracts/lybra/governance/LybraGovernance.sol#L63-L68 https://github.com/OpenZeppelin/openzeppelin-contracts/blob/f29307cfe08c7d76d96a38bf94bab5fec223c943/contracts/governance/Governor.sol#L160-L199   # Vulnerability details  ## Impact When the su
code4rena,2023-06-lybra,285,Anyone can use Admin functions.,invalid; 3 (High Risk); withdrawn by warden,Other,# Lines of code  https://github.com/code-423n4/2023-06-lybra/blob/7b73ef2fbb542b569e182d9abf79be643ca883ee/contracts/lybra/configuration/LybraConfigurator.sol#L85-L88https://github.com/code-423n4/2023-06-lybra/blob/7b73ef2fbb542b569e182d9abf79be643ca883ee/contracts/lybra/configuration/LybraConfigurator.sol#L85-L88   # Vulnerability details  ## Impact Detailed description of the impact of this finding. In LybraConfigurator.sol contract there are two modifiers  ## Proof of Concept  https://github.
code4rena,2023-06-lybra,280,Malicious user can drain PeUSDMainnetStableVision via executeFlashloan(),bug; 3 (High Risk); satisfactory; sponsor confirmed; edited-by-warden; duplicate-769,"Borrow Logic, Share Manipulation, Fund Theft","# Lines of code  https://github.com/code-423n4/2023-06-lybra/blob/main/contracts/lybra/token/PeUSDMainnetStableVision.sol#L129 https://github.com/code-423n4/2023-06-lybra/blob/main/contracts/lybra/token/PeUSDMainnetStableVision.sol#L132   # Vulnerability details  ## Impact Maliciuos user can use `executeFlashloan()` and steal all available EUSD tokens.  ## Proof of Concept  Here is a vulnerable function:  ```     function executeFlashloan(FlashBorrower receiver, uint256 eusdAmount, bytes calldat"
code4rena,2023-06-lybra,273,Arbitrary Token Minting in depositEtherToMint function,bug; 3 (High Risk); low quality report; primary issue; unsatisfactory; edited-by-warden,"Deposit, Vault","# Lines of code  https://github.com/code-423n4/2023-06-lybra/blob/main/contracts/lybra/pools/LybraWstETHVault.sol#L29   # Vulnerability details  ## Impact The depositEtherToMint(uint256 mintAmount) function in the smart contract allows users to deposit ETH and receive eUSD tokens in return. However, the amount of eUSD tokens to mint is provided as a parameter by the user and is not validated or bound to the deposited ETH amount. As a result, a malicious user could potentially exploit this issue "
code4rena,2023-06-lybra,270,Not safe to use collateralAsset.balanceOf(address(this)) to calculate totalDepositedAsset,bug; 3 (High Risk); low quality report; unsatisfactory,"Collateral, Deposit, Vault","# Lines of code  https://github.com/code-423n4/2023-06-lybra/blob/7b73ef2fbb542b569e182d9abf79be643ca883ee/contracts/lybra/pools/base/LybraPeUSDVaultBase.sol#L44-L46   # Vulnerability details  ## Impact It's not safe to use collateralAsset.balanceOf(address(this)) to calculate totalDepositedAsset since attacker can use selfdestruct() to send asset silently, in other contract, totalDepositedAsset is used to change state of asset, may lead to imbalance of number.  ## Proof of Concept ```solidity  "
code4rena,2023-06-lybra,269,PeUSDMainnetStableVision can be drained from all the EUSD it holds,bug; 3 (High Risk); disagree with severity; primary issue; unsatisfactory; edited-by-warden,"Flash Loan, Interest Rate, Borrow Logic",# Lines of code  https://github.com/code-423n4/2023-06-lybra/blob/7b73ef2fbb542b569e182d9abf79be643ca883ee/contracts/lybra/token/PeUSDMainnetStableVision.sol#L79-L88   # Vulnerability details  ## Impact Users can exploit a vulnerability that allows them to steal all the EUSD held in PeUSDMainnetStableVision.  ## Proof of Concept The vulnerability stems from the design choice of allowing PEUSD to be redeemable against EUSD for users who initially minted PEUSD from EUSD.  Here's a step-by-step dem
code4rena,2023-06-lybra,264,stealing underlying tokens by resetting the share price,bug; 3 (High Risk); low quality report; unsatisfactory,"Flash Loan, Borrow Logic, Share Manipulation","# Lines of code  https://github.com/code-423n4/2023-06-lybra/blob/main/contracts/lybra/token/EUSD.sol#L415   # Vulnerability details  ## Impact - If 100% of the total supply of an [EUSDShare](https://github.com/code-423n4/2023-06-lybra/blob/main/contracts/lybra/token/EUSD.sol) token is locked in an external protocol, there are multiple ways to take control of all the [EUSDShare](https://github.com/code-423n4/2023-06-lybra/blob/main/contracts/lybra/token/EUSD.sol) tokens.   - If the protocol prov"
code4rena,2023-06-lybra,251,The checkRole modifier has no check.,bug; 3 (High Risk); satisfactory; duplicate-704,"Borrow Logic, Collateral, Vault","# Lines of code  https://github.com/code-423n4/2023-06-lybra/blob/7b73ef2fbb542b569e182d9abf79be643ca883ee/contracts/lybra/configuration/LybraConfigurator.sol#L90-L93   # Vulnerability details  ## Impact The modifier `checkRole` has no `require` nor `revert` statement. This modifier is used in 13 functions. Having no check would mean that this modifier will always be bypassed and would result in everyone having the ability to call the `setProtocolRewardsPool`, `setEUSDMiningIncentives`, `setvaul"
code4rena,2023-06-lybra,249,The onlyRole modifier has no check.,bug; 3 (High Risk); satisfactory; duplicate-704,"Collateral, Vault","# Lines of code  https://github.com/code-423n4/2023-06-lybra/blob/7b73ef2fbb542b569e182d9abf79be643ca883ee/contracts/lybra/configuration/LybraConfigurator.sol#L85-L88   # Vulnerability details  ## Impact The modifier `onlyRole` has no `require` nor `revert` statement. This modifier is used in 4 functions. Having no check would mean that this modifier will always be bypassed and would result in everyone having the ability to call the `initToken`, `setMintVault`, `setMintVaultMaxSupply` and `setBa"
code4rena,2023-06-lybra,242,Liquidation can burn beyond allowed amount of tokens from provider,bug; 3 (High Risk); unsatisfactory; edited-by-warden; duplicate-307,"Liquidation, Deposit, Vault","# Lines of code  https://github.com/code-423n4/2023-06-lybra/blob/7b73ef2fbb542b569e182d9abf79be643ca883ee/contracts/lybra/pools/base/LybraPeUSDVaultBase.sol#L125 https://github.com/code-423n4/2023-06-lybra/blob/7b73ef2fbb542b569e182d9abf79be643ca883ee/contracts/lybra/pools/base/LybraEUSDVaultBase.sol#L154   # Vulnerability details  ## Impact  In `LybraPeUSDVaultBase` and in `LybraEUSDVaultBase`, on `liquidation()`, provider allowance is only checked to be >0. For PeUSD, this makes unchecked bur"
code4rena,2023-06-lybra,237,CEI pattern not followed in almost every external function which may lead to reentrancy ,bug; 3 (High Risk); low quality report; unsatisfactory,Reentrancy,# Lines of code  https://github.com/code-423n4/2023-06-lybra/blob/7b73ef2fbb542b569e182d9abf79be643ca883ee/contracts/lybra/miner/ProtocolRewardsPool.sol#L87-L98 https://github.com/code-423n4/2023-06-lybra/blob/7b73ef2fbb542b569e182d9abf79be643ca883ee/contracts/lybra/miner/ProtocolRewardsPool.sol#L100-L107 https://github.com/code-423n4/2023-06-lybra/blob/7b73ef2fbb542b569e182d9abf79be643ca883ee/contracts/lybra/miner/ProtocolRewardsPool.sol#L113-L123 https://github.com/code-423n4/2023-06-lybra/blo
code4rena,2023-06-lybra,232,Potential for Governance Attack,bug; 3 (High Risk); low quality report; unsatisfactory,Interest Rate,"# Lines of code  https://github.com/code-423n4/2023-06-lybra/blob/main/contracts/lybra/governance/LybraGovernance.sol#L50 https://github.com/code-423n4/2023-06-lybra/blob/main/contracts/lybra/governance/LybraGovernance.sol#L98 https://github.com/code-423n4/2023-06-lybra/blob/main/contracts/lybra/governance/LybraGovernance.sol#L76   # Vulnerability details  ## Impact  LybraGovernance.sol (see functions in lines 50, 76 and 98) uses token-based voting for governance decisions. However, this approac"
code4rena,2023-06-lybra,231,Incorrect logic for determining proposal success,bug; 3 (High Risk); satisfactory; upgraded by judge; duplicate-15,Other,"# Lines of code  https://github.com/code-423n4/2023-06-lybra/blob/5d70170f2c68dbd3f7b8c0c8fd6b0b2218784ea6/contracts/lybra/governance/LybraGovernance.sol#L62-L66   # Vulnerability details   ## Title  Incorrect logic for determining proposal success  ## Impact  This issue has the potential to affect the governance decisions adversely. Specifically, proposals that should succeed might fail and vice versa. Since the success of a proposal is incorrectly based on whether the against votes are more th"
code4rena,2023-06-lybra,230,Incorrect Execution due to Hardcoded Proposal ID,bug; 3 (High Risk); unsatisfactory; duplicate-740,Other,"# Lines of code  https://github.com/code-423n4/2023-06-lybra/blob/main/contracts/lybra/governance/LybraGovernance.sol#L106 https://github.com/code-423n4/2023-06-lybra/blob/main/contracts/lybra/governance/LybraGovernance.sol#L108   # Vulnerability details  ## Impact  In the _execute function, the super's _execute method is invoked with a hardcoded value 1 for the proposalId, irrespective of the proposalId passed to the function. This can cause major issues as it may lead to execution of incorrect"
code4rena,2023-06-lybra,229,Incorrect vote types used in quorum calculation,bug; 3 (High Risk); satisfactory; upgraded by judge; edited-by-warden; duplicate-15,Other,"# Lines of code  https://github.com/code-423n4/2023-06-lybra/blob/5d70170f2c68dbd3f7b8c0c8fd6b0b2218784ea6/contracts/lybra/governance/LybraGovernance.sol#L55-L59   # Vulnerability details  ## Impact  This vulnerability can lead to incorrect governance decisions. Proposals that should have passed may fail, and those that should not have sufficient support may be executed. This is due to the fact that the quorum calculation is based on the sum of the against votes and abstain votes, rather than co"
code4rena,2023-06-lybra,224,"Missing initialization of Ownable in constructor, can lead to unusable contracts",bug; 3 (High Risk); unsatisfactory; duplicate-119,Other,"# Lines of code  https://github.com/code-423n4/2023-06-lybra/blob/main/contracts/lybra/miner/esLBRBoost.sol#L25-L30   # Vulnerability details  ## Impact In the new version of [Ownable](https://github.com/OpenZeppelin/openzeppelin-contracts/blob/master/contracts/access/Ownable.sol#L38-L40) it needs to be initialized in the constructor, but most of the contract are missing it. This can lead to contract not functioning correctly or owners not being able to call functions with `onlyOnwer` modifiers."
code4rena,2023-06-lybra,215,Any smart contract (including multisigs) that has a fallbackback function and EUSD share balance can be forced to burn their tokens,bug; 3 (High Risk); satisfactory; upgraded by judge; duplicate-769,"Borrow Logic, Share Manipulation",# Lines of code  https://github.com/code-423n4/2023-06-lybra/blob/main/contracts/lybra/token/PeUSDMainnetStableVision.sol#L132   # Vulnerability details  ## Impact - There is a flashloan functionality where anyone can flashborrow EUSD shares in exchange for a fee. The [`FlashBorrower`](https://github.com/code-423n4/2023-06-lybra/blob/main/contracts/lybra/token/PeUSDMainnetStableVision.sol#L129) is assumed to have an [`onFlashLoan`](https://github.com/code-423n4/2023-06-lybra/blob/main/contracts/
code4rena,2023-06-lybra,214,stakerewardV2pool : withdraw function doesn't check caller's staked balance ,bug; 3 (High Risk); low quality report; unsatisfactory,"Withdraw, Fund Drain","# Lines of code  https://github.com/code-423n4/2023-06-lybra/blob/7b73ef2fbb542b569e182d9abf79be643ca883ee/contracts/lybra/miner/stakerewardV2pool.sol#L93   # Vulnerability details  In `stakerewardV2pool` contract which provides stake and reward functionalty, Inside of **withdraw** function there is no check for inputed amount to see if caller has any staked balance in the pool or not. This means everyone can call the function for free and **drain all of the tokens** inside the pool without even"
code4rena,2023-06-lybra,211,Unexpected result in _voteSucceeded() function,bug; 3 (High Risk); satisfactory; duplicate-15,Other,"# Lines of code  https://github.com/code-423n4/2023-06-lybra/blob/main/contracts/lybra/governance/LybraGovernance.sol#L66-L68   # Vulnerability details  ## Impact  The bug is in the `_voteSucceeded()` function. The function is intended to check whether a proposal has succeeded, based on the number of votes in favor of the proposal (`supportVotes[0]`) and the number of votes against the proposal (`supportVotes[1]`).  However, there is a problem with this implementation. According to the `proposal"
code4rena,2023-06-lybra,206, Lack of Access Control on isRedemptionProvider Function,bug; 3 (High Risk); low quality report; unsatisfactory,Other,"# Lines of code  https://github.com/code-423n4/2023-06-lybra/blob/7b73ef2fbb542b569e182d9abf79be643ca883ee/contracts/lybra/configuration/LybraConfigurator.sol#L348-L350   # Vulnerability details  The `isRedemptionProvider` function lacks access control, allowing anyone to call the function and retrieve the value of the redemptionProvider mapping. This poses a significant security risk as sensitive information, such as the list of redemption providers, is exposed to unauthorized users.  ## Impact"
code4rena,2023-06-lybra,205,Lack of Access Control in the LybraConfigurator.sol contract,bug; 3 (High Risk); satisfactory; duplicate-704,"Flash Loan, Collateral, Vault","# Lines of code  https://github.com/code-423n4/2023-06-lybra/blob/main/contracts/lybra/configuration/LybraConfigurator.sol#L85-L93 https://github.com/code-423n4/2023-06-lybra/blob/main/contracts/lybra/governance/GovernanceTimelock.sol#L25-L31   # Vulnerability details  ## Impact Any user can call configurator functions that only should be called by authorized accounts. This would allow any user to have complete control over the protocol. So, the user can mint tokens, transfer tokens from other u"
code4rena,2023-06-lybra,197, _transferFrom() function allows duplicate token balance,bug; 3 (High Risk); low quality report; unsatisfactory,Other,# Lines of code  https://github.com/code-423n4/2023-06-lybra/blob/7b73ef2fbb542b569e182d9abf79be643ca883ee/contracts/lybra/token/PeUSD.sol#L43   # Vulnerability details  ## Impact  _transferFrom() function allows to duplicate an account's balance by transferring tokens to themselves and then immediately transferring them back.  ## Proof of Concept 1- Max has a balance of 100 tokens. 2- Max calls the `_transferFrom()` function to transfer 50 tokens to herself. 3- The `_transferFrom()` function up
code4rena,2023-06-lybra,180,Potential bug in _quorumReached() function,bug; 3 (High Risk); satisfactory; duplicate-14,Other,"# Lines of code  https://github.com/code-423n4/2023-06-lybra/blob/main/contracts/lybra/governance/LybraGovernance.sol#L59-L61   # Vulnerability details  ## Impact  The potential bug is in the `_quorumReached()` function. The function is intended to check whether a quorum has been reached for a given proposal. There is a problem with this implementation. According to the `proposals()` function:  ```solidity function proposals(uint256 proposalId) external view returns (uint256 id, address proposer"
code4rena,2023-06-lybra,178,Incorrect rounding of executeFlashloan results in possible exhaustion of funds,bug; 3 (High Risk); low quality report; unsatisfactory,"Borrow Logic, Rounding, Vault","# Lines of code  https://github.com/code-423n4/2023-06-lybra/blob/7b73ef2fbb542b569e182d9abf79be643ca883ee/contracts/lybra/token/PeUSDMainnetStableVision.sol#L133   # Vulnerability details  ## Impact  Vault implementers should be aware of the need for specific, opposing rounding directions across the different mutable and view methods, as it is considered most secure to favor the Vault itself during calculations over its users： If (1) it’s calculating how many shares to issue to a user for a cer"
code4rena,2023-06-lybra,177,Missing Account Verification in Liquidation Function,bug; 3 (High Risk); unsatisfactory; edited-by-warden; duplicate-307,"Liquidation, Vault, Fund Loss","# Lines of code  https://github.com/code-423n4/2023-06-lybra/blob/7b73ef2fbb542b569e182d9abf79be643ca883ee/contracts/lybra/pools/base/LybraEUSDVaultBase.sol#L154-L162 https://github.com/code-423n4/2023-06-lybra/blob/7b73ef2fbb542b569e182d9abf79be643ca883ee/contracts/lybra/pools/base/LybraPeUSDVaultBase.sol#L125-L132   # Vulnerability details  ## Impact The missing account verification in the liquidation function allows the provider or keeper to self-liquidate, which can result in unintended cons"
code4rena,2023-06-lybra,171,ETH is not standard erc20  token ,bug; 3 (High Risk); low quality report; unsatisfactory,"Collateral, Deposit, Vault","# Lines of code  https://github.com/code-423n4/2023-06-lybra/blob/d7fb18cc47ca93ecdfd7f1668614c7fb0b9179aa/contracts/lybra/pools/LybraRETHVault.sol#L29 https://github.com/code-423n4/2023-06-lybra/blob/481520a1440e2637e94c1200e798841b47825a91/contracts/lybra/pools/base/LybraPeUSDVaultBase.sol#L15   # Vulnerability details  Impact ETH is not standard erc20  token, initialize with ERC20 or call erc20 function may fail   ## Proof of Concept  ```     IERC20 public immutable collateralAsset; ```   ```"
code4rena,2023-06-lybra,153,Attackers can prevent users from getting any rewards from ProtocolRewardsPool,bug; 3 (High Risk); low quality report; primary issue; unsatisfactory,"Deposit, Withdraw, DoS",# Lines of code  https://github.com/code-423n4/2023-06-lybra/blob/5d70170f2c68dbd3f7b8c0c8fd6b0b2218784ea6/contracts/lybra/miner/ProtocolRewardsPool.sol#L167   # Vulnerability details  ## Impact  The vulnerability affects the Lybra ProtocolRewardsPool contract. It allows an attacker to perform a Denial of Service (DoS) attack on the rewards system by spamming the `userRewardPerTokenPaid` balance of targeted users. This can result in a significant reduction or complete denial of rewards for the a
code4rena,2023-06-lybra,151,`LybraGovernance._voteSucceeded` and `LybraGovernance._quorumReached` are wrongly implemented.,bug; 3 (High Risk); satisfactory; duplicate-15,Other,"# Lines of code  https://github.com/code-423n4/2023-06-lybra/blob/main/contracts/lybra/governance/LybraGovernance.sol#L120-L122 https://github.com/code-423n4/2023-06-lybra/blob/main/contracts/lybra/governance/LybraGovernance.sol#L60 https://github.com/code-423n4/2023-06-lybra/blob/main/contracts/lybra/governance/LybraGovernance.sol#L67   # Vulnerability details  ## Impact  In LybraGovernance.sol, it has three types of vote. https://github.com/code-423n4/2023-06-lybra/blob/main/contracts/lybra/go"
code4rena,2023-06-lybra,147,LybraStETHVault / LybraWstETHVault uses the wrong assetPrice   ,bug; 3 (High Risk); unsatisfactory; edited-by-warden; duplicate-329,"Oracle, Collateral, Deposit","# Lines of code  https://github.com/code-423n4/2023-06-lybra/blob/7b73ef2fbb542b569e182d9abf79be643ca883ee/contracts/lybra/pools/LybraStETHVault.sol#L16-L19 https://github.com/code-423n4/2023-06-lybra/blob/7b73ef2fbb542b569e182d9abf79be643ca883ee/contracts/lybra/pools/LybraStETHVault.sol#L107-L109   # Vulnerability details  ## Impact  LybraStETHVault / LybraWstETHVault use `depositEtherToMint` to submit ETH to Lido and `getAssetPrice` return ETH price, which seems reasonable. But in base contrac"
code4rena,2023-06-lybra,142,"LybraConfigurator : onlyRole and checkRole modifiers doesn't revert, all functions used this modifiers are vulnerable",bug; 3 (High Risk); satisfactory; duplicate-704,"Borrow Logic, Collateral, Vault",# Lines of code  https://github.com/code-423n4/2023-06-lybra/blob/7b73ef2fbb542b569e182d9abf79be643ca883ee/contracts/lybra/configuration/LybraConfigurator.sol#L85 https://github.com/code-423n4/2023-06-lybra/blob/7b73ef2fbb542b569e182d9abf79be643ca883ee/contracts/lybra/configuration/LybraConfigurator.sol#L90   # Vulnerability details  In LybraConfigurator contract `onlyRole` and `checkRole` modifiers are calling `checkOnlyRole` and `checkRole` in `GovernanceTimelock` contract to check if caller h
code4rena,2023-06-lybra,116,Modifier hasRole works incorrectrly!,bug; 3 (High Risk); satisfactory; edited-by-warden; duplicate-704,Other,"# Lines of code  https://github.com/code-423n4/2023-06-lybra/blob/5d70170f2c68dbd3f7b8c0c8fd6b0b2218784ea6/contracts/lybra/configuration/LybraConfigurator.sol#L86   # Vulnerability details  ## Impact Modifiers `onlyRole` and `checkRole` do not work, if user has no role, this  `GovernanceTimelock.checkOnlyRole(role, msg.sender)` returns false and code will continue execute. Anyone can call access restricted function   ## Tools Used Manual testing  ## Recommended Mitigation Steps wrap `GovernanceT"
code4rena,2023-06-lybra,115,Users can avoid paying full withdrawal fees leading to loss of funds for the protocol,bug; 3 (High Risk); disagree with severity; primary issue; unsatisfactory,"Borrow Logic, Collateral, Deposit",# Lines of code  https://github.com/code-423n4/2023-06-lybra/blob/5d70170f2c68dbd3f7b8c0c8fd6b0b2218784ea6/contracts/lybra/pools/base/LybraEUSDVaultBase.sol#L98-L116   # Vulnerability details  ## Impact  An attacker could exploit the withdrawal mechanism to avoid paying the full early withdrawal penalty.   ## Proof of Concept  In the [EUSD type vaults](https://github.com/code-423n4/2023-06-lybra/blob/5d70170f2c68dbd3f7b8c0c8fd6b0b2218784ea6/contracts/lybra/pools/base/LybraEUSDVaultBase.sol#L98-L
code4rena,2023-06-lybra,106,EUSD.mint function wrong assumption of cases when calculated sharesAmount = 0,bug; 3 (High Risk); high quality report; primary issue; satisfactory; selected for report; sponsor confirmed; edited-by-warden; H-06,"Vault, Share Manipulation","# Lines of code  https://github.com/code-423n4/2023-06-lybra/blob/main/contracts/lybra/token/EUSD.sol#L299-#L306 https://github.com/code-423n4/2023-06-lybra/blob/main/contracts/lybra/token/EUSD.sol#L414-#L418   # Vulnerability details  ## Impact - Mint function might calculate the sharesAmount incorrectly. - User can profit by manipulating the protocol to enjoy 1-1 share-eUSD ratio even when share prices  is super high.  ## Proof of Concept Currently, the function `EUSD.mint` calls function `EUS"
code4rena,2023-06-lybra,103,"rewardPerToken() in EUSDMiningIncentives does not account for boost leading to an inflated rewardPerTokenStored, since stakers with boost can claim more but stakers without boost would claim the same 1x",bug; 3 (High Risk); disagree with severity; primary issue; unsatisfactory; edited-by-warden,Other,"# Lines of code  https://github.com/code-423n4/2023-06-lybra/blob/main/contracts/lybra/miner/EUSDMiningIncentives.sol#L163-L169   # Vulnerability details  ## Impact rewardPerToken() in EUSDMiningIncentives does not account for boost leading to an inflated rewardPerTokenStored, since stakers with boost can claim more but stakers without boost would claim the same 1x per distributed.  Assume there are 100 LBR to be distributed to 1000 LPToken in a period of X. 1. If everyone has no boost, then eve"
code4rena,2023-06-lybra,95,For votes not counted in quorum,bug; 3 (High Risk); satisfactory; upgraded by judge; duplicate-14,Other,# Lines of code  https://github.com/code-423n4/2023-06-lybra/blob/main/contracts/lybra/governance/LybraGovernance.sol#L60   # Vulnerability details  ## Impact For votes are not counted in quorum. Proposals could fail to reach quorum if a majority of the votes are for.   ## Proof of Concept ```sol function _quorumReached(uint256 proposalId) internal view override returns (bool){     return proposalData[proposalId].supportVotes[1] + proposalData[proposalId].supportVotes[2] >= quorum(proposalSnapsh
code4rena,2023-06-lybra,89,`stakerewardV2pool::getReward` function can be sandwiched to manipulate the rewards calculation for users.,bug; 3 (High Risk); disagree with severity; primary issue; unsatisfactory,"Withdraw, Front-running","# Lines of code  https://github.com/code-423n4/2023-06-lybra/blob/main/contracts/lybra/miner/stakerewardV2pool.sol#L79   # Vulnerability details  ## Impact  An attacker can influence the `rewardPerToken()` by stacking a large amount value through sandwiching the call to `getRewards` by front-run `stack` and back-run with `withdraw` and subsequently impact the rewards earned by the user. This can lead to unfair distribution of rewards.  ## Proof of Concept  On the `stakerewardV2pool` contract, us"
code4rena,2023-06-lybra,88,Malicious early attacker can manipulate the EUSD token to take unfair share of future user's deposits,bug; 3 (High Risk); satisfactory; upgraded by judge; duplicate-106,"Deposit, Rounding, Vault",# Lines of code  https://github.com/code-423n4/2023-06-lybra/blob/main/contracts/lybra/token/EUSD.sol#L2990-L304   # Vulnerability details  ## Impact  The first depositor can be front run by an attacker and as a result will lose a considerable part of the assets provided.  ## Proof of Concept  The reward pool calculates the amount of shares to be minted upon deposit to every user via the EUSD.getSharesByMintedEUSD() function: https://github.com/code-423n4/2023-06-lybra/blob/main/contracts/lybra/
code4rena,2023-06-lybra,86,StETH vaults assumes a ~1=1 peg of stETH to ETH.,bug; 3 (High Risk); unsatisfactory; duplicate-329,"Oracle, Vault","# Lines of code  https://github.com/code-423n4/2023-06-lybra/blob/main/contracts/lybra/pools/LybraStETHVault.sol#L107   # Vulnerability details  ## Impact  The function ""getAssetPrice"" of the `LybraStETHVault` returns the price of ETH using `_etherPrice`. But ETH and stETH do not always have the same value, if the price of ETH changes, the value of stETH will also change to reflect this. But, there may be small discrepancies between the two due to transaction fees and other factors. At the time "
code4rena,2023-06-lybra,78, esLBR contract  have the _transfer function that reverts when trying to transfer esLBR tokens,bug; 3 (High Risk); low quality report; unsatisfactory,Other,"# Lines of code  https://github.com/code-423n4/2023-06-lybra/blob/5d70170f2c68dbd3f7b8c0c8fd6b0b2218784ea6/contracts/lybra/token/esLBR.sol#L27   # Vulnerability details  ## Impact - in the `ERC20` contract the `_transfer` function is a virtual function means that it is inherited by all `ERC20-compliant` contracts so the function is supposed to transfer tokens from one address to another, in the `esLBR` contract is specifically designed, so that `esLBR` tokens cannot be transferred. This is why t"
code4rena,2023-06-lybra,77,IWBEth deposit function called with incorrect referral address,bug; 3 (High Risk); low quality report; unsatisfactory,"Oracle, Collateral, Deposit","# Lines of code  https://github.com/code-423n4/2023-06-lybra/blob/5d70170f2c68dbd3f7b8c0c8fd6b0b2218784ea6/contracts/lybra/pools/LybraWbETHVault.sol#L23   # Vulnerability details  ## Impact - the `IWBEth` is called to deposit the ether and it's only accepts a referral address as a parameter, but the problem is the code passing the configurator address instead so of when this happen the `IWBEth` will not be able to deposit the ether, and the vault will not be able to mint any `PeUSD`, so this is "
code4rena,2023-06-lybra,75,TimelockController has an empty proposers and executors arrays ,bug; 3 (High Risk); low quality report; unsatisfactory,Other,"# Lines of code  https://github.com/code-423n4/2023-06-lybra/blob/5d70170f2c68dbd3f7b8c0c8fd6b0b2218784ea6/contracts/lybra/governance/AdminTimelock.sol#L8   # Vulnerability details  ## Impact - `TimelockController` constructor has a problem with The proposers and executors arrays are passed to the constructor, but there is no check to make sure that the arrays are not empty so if someone want to hacked this bug it's can create a contract with empty proposers and executors arrays, and then no one"
code4rena,2023-06-lybra,71,Reentrancy vulnerability due to state change after transferring flash loan.,bug; 3 (High Risk); low quality report; unsatisfactory,"Borrow Logic, Share Manipulation, Reentrancy","# Lines of code  https://github.com/code-423n4/2023-06-lybra/blob/main/contracts/lybra/token/PeUSDMainnetStableVision.sol#L129-L139   # Vulnerability details  ## Impact Whenever we call an outside contract, we must consider how much control we are giving to the called contract, and when in our function. Standard practices employ a Checks-Effects-Interactions(CEI) pattern to avoid giving control to a contract before accounting, along with reentrancy guards.  Within `PeUSDMainnetStableVision.sol`,"
code4rena,2023-06-lybra,70,"Access Control can lead to anyone utilizing the DAO, TIMELOCK, or ADMIN role",bug; 3 (High Risk); satisfactory; duplicate-704,Other,"# Lines of code  https://github.com/code-423n4/2023-06-lybra/blob/main/contracts/lybra/configuration/LybraConfigurator.sol#L85-L93 https://github.com/code-423n4/2023-06-lybra/blob/main/contracts/lybra/governance/GovernanceTimelock.sol#L25-L31   # Vulnerability details  ## Impact When employing access control measures, it is imperative that they are done correctly, especially if centralized powers exist within the protocol.  Modifiers are ""decorators"" within solidity, placed on functions. The cod"
code4rena,2023-06-lybra,69,No Eth Withdrawal Method,invalid; 3 (High Risk); withdrawn by warden,"Deposit, Withdraw, Vault",# Lines of code  https://github.com/code-423n4/2023-06-lybra/blob/5d70170f2c68dbd3f7b8c0c8fd6b0b2218784ea6/contracts/lybra/pools/LybraStETHVault.sol#L37   # Vulnerability details  ## Impact Ether deposited to mint eUSD will remain trapped as no available withdrawal method to withdraw Eth from the contract.  ## Proof of Concept LybraStETHVault.sol does not have a Eth withdrawal method.  ## Tools Used Manual.  ## Recommended Mitigation Steps Implementation of a withdrwal method in thre LybraStEthV
code4rena,2023-06-lybra,67,Due to liquidation a user can loose more assets than it should be,bug; 3 (High Risk); disagree with severity; primary issue; unsatisfactory,"Liquidation, Collateral, Deposit",# Lines of code  https://github.com/code-423n4/2023-06-lybra/blob/main/contracts/lybra/pools/base/LybraEUSDVaultBase.sol#L154 https://github.com/code-423n4/2023-06-lybra/blob/main/contracts/lybra/pools/base/LybraEUSDVaultBase.sol#L159 https://github.com/code-423n4/2023-06-lybra/blob/main/contracts/lybra/pools/base/LybraEUSDVaultBase.sol#L164   # Vulnerability details  ## Impact Due to a regular liquidation when user's CollateralRatio less than badCollateralRatio he can be partially liquidated. H
code4rena,2023-06-lybra,66,CurvePool variable in lybraConfigurator.sol should have a gated setter function.,bug; 3 (High Risk); low quality report; unsatisfactory; edited-by-warden,Vault,# Lines of code  https://github.com/code-423n4/2023-06-lybra/blob/5d70170f2c68dbd3f7b8c0c8fd6b0b2218784ea6/contracts/lybra/configuration/LybraConfigurator.sol#L82 https://github.com/code-423n4/2023-06-lybra/blob/5d70170f2c68dbd3f7b8c0c8fd6b0b2218784ea6/contracts/lybra/configuration/LybraConfigurator.sol#L60 https://github.com/code-423n4/2023-06-lybra/blob/5d70170f2c68dbd3f7b8c0c8fd6b0b2218784ea6/contracts/lybra/configuration/LybraConfigurator.sol#L297 https://github.com/code-423n4/2023-06-lybra/
code4rena,2023-06-lybra,65,Large depositors can lower the overall liquidation threshold to force super liquidations,bug; 3 (High Risk); disagree with severity; primary issue; unsatisfactory,"Liquidation, Borrow Logic, Collateral",# Lines of code  https://github.com/code-423n4/2023-06-lybra/blob/5d70170f2c68dbd3f7b8c0c8fd6b0b2218784ea6/contracts/lybra/pools/base/LybraEUSDVaultBase.sol#L187-L211   # Vulnerability details  ## Impact  This vulnerability can result in undesired liquidations of smaller participants’ assets by manipulative large depositors. It exposes smaller depositors to higher risk and might lead to loss of their funds under specific market conditions. The EUSD Vault can be severely compromised if this vulne
code4rena,2023-06-lybra,62,LybraPeUSDVaultBase: Transferring the token to its own address causes the contract status to be abnormal,invalid; 3 (High Risk); withdrawn by warden,"Liquidation, Borrow Logic, Collateral","# Lines of code  https://github.com/code-423n4/2023-06-lybra/blob/5d70170f2c68dbd3f7b8c0c8fd6b0b2218784ea6/contracts/lybra/pools/base/LybraPeUSDVaultBase.sol#L212   # Vulnerability details  ## Impact Transferring the token to its own address causes the contract status to be abnormal  ## Proof of Concept        function _withdraw(address _provider, address _onBehalfOf, uint256 _amount) internal {         require(depositedAsset[_provider] >= _amount, ""Withdraw amount exceeds deposited amount."");  "
code4rena,2023-06-lybra,60,LybraPeUSDVaultBase: Transferring the token to its own address causes the contract status to be abnormal,invalid; 3 (High Risk); withdrawn by warden,"Liquidation, Borrow Logic, Collateral","# Lines of code  https://github.com/code-423n4/2023-06-lybra/blob/5d70170f2c68dbd3f7b8c0c8fd6b0b2218784ea6/contracts/lybra/pools/base/LybraPeUSDVaultBase.sol#L212   # Vulnerability details  ## Impact Transferring the token to its own address causes the contract status to be abnormal  ## Proof of Concept         function _withdraw(address _provider, address _onBehalfOf, uint256 _amount) internal {         require(depositedAsset[_provider] >= _amount, ""Withdraw amount exceeds deposited amount.""); "
code4rena,2023-06-lybra,59,LybraEUSDVaultBase: Transferring the token to its own address causes the contract status to be abnormal,invalid; 3 (High Risk); withdrawn by warden,"Liquidation, Borrow Logic, Collateral","# Lines of code  https://github.com/code-423n4/2023-06-lybra/blob/5d70170f2c68dbd3f7b8c0c8fd6b0b2218784ea6/contracts/lybra/pools/base/LybraEUSDVaultBase.sol#L98   # Vulnerability details  ## Impact Transferring the token to its own address causes the contract status to be abnormal  ## Proof of Concept      function withdraw(address onBehalfOf, uint256 amount) external virtual {         require(onBehalfOf != address(0), ""TZA"");         require(amount > 0, ""ZERO_WITHDRAW"");         require(deposit"
code4rena,2023-06-lybra,54,Wrong Assumption on function,bug; 3 (High Risk); satisfactory; upgraded by judge; duplicate-106,"Vault, Share Manipulation","# Lines of code  https://github.com/code-423n4/2023-06-lybra/blob/5d70170f2c68dbd3f7b8c0c8fd6b0b2218784ea6/contracts/lybra/token/EUSD.sol#L411-L428   # Vulnerability details  ## Impact Wrong assumption on the `mint` function assumes that if `sharesAmount` == 0, `totalSupply` == 0.  ```solidity         if (sharesAmount == 0) {             //EUSD totalSupply is 0: assume that shares correspond to EUSD 1-to-1             sharesAmount = _mintAmount;         } ``` https://github.com/code-423n4/2023-0"
code4rena,2023-06-lybra,51,"Bad Modifier logic in LybraConfigurator.sol, Anyone call call sucessfully",bug; 3 (High Risk); satisfactory; edited-by-warden; duplicate-704,Other,"# Lines of code  https://github.com/code-423n4/2023-06-lybra/blob/5d70170f2c68dbd3f7b8c0c8fd6b0b2218784ea6/contracts/lybra/configuration/LybraConfigurator.sol#L90 https://github.com/code-423n4/2023-06-lybra/blob/5d70170f2c68dbd3f7b8c0c8fd6b0b2218784ea6/contracts/lybra/configuration/LybraConfigurator.sol#L85   # Vulnerability details  ## Impact Bad Modifier logic in LybraConfigurator.sol, allows anyone to call role gated functions sucessfully. important APYS, Rates and ratios can be set by anyone"
code4rena,2023-06-lybra,47,New deposit delays can cause loss of funds to the end user.,bug; 3 (High Risk); unsatisfactory; duplicate-646,"Deposit, Withdraw, Vault","# Lines of code  https://github.com/code-423n4/2023-06-lybra/blob/main/contracts/lybra/pools/base/LybraEUSDVaultBase.sol#L115   # Vulnerability details  ## Impact Users may end up with loss of funds (0.1% fee) when new deposits are made.  ## Proof of Concept The issue lies in the fact that `depositedTime` gets reset every time new deposits are made. And if withdrawals are made on this new time, the full amount will need to pay the withdrawal fee instead of just the additional amount.  To be more"
code4rena,2023-06-lybra,46,EUSD exchange rate can decrease in value (via malicious `mint` function),bug; 3 (High Risk); satisfactory; upgraded by judge; duplicate-106,"Exchange Rate, Share Manipulation","# Lines of code  https://github.com/code-423n4/2023-06-lybra/blob/main/contracts/lybra/token/EUSD.sol#L415-L418   # Vulnerability details  ## Impact EUSD's exchange rate (from shares to amounts) should never decrease, as each share should keep accruing value. However, it's possible that the exchange rate can go down via malicious `mint` function as follows: 1. When the exchange rate is 1.1 (ex: 1 share = 1.1 eusd).  2. An attacker can try to mint 1 eusd --> the equivalent amount of share to be m"
code4rena,2023-06-lybra,45,Liquidation may never happen due to incorrect check of collateralRatio,bug; 3 (High Risk); primary issue; sponsor disputed; unsatisfactory,"Liquidation, Borrow Logic, Collateral","# Lines of code  https://github.com/code-423n4/2023-06-lybra/blob/5d70170f2c68dbd3f7b8c0c8fd6b0b2218784ea6/contracts/lybra/pools/base/LybraPeUSDVaultBase.sol#L127   # Vulnerability details  ## Impact Performed check of user's collateralRation is incorrect. Which makes collateralRatio be 100 times higher than intended. It completely breaks liquidation flow.  ## Proof of Concept One of the requirements for liquidation is ""onBehalfOf Collateral Ratio should be below badCollateralRatio"". in calculat"
code4rena,2023-06-lybra,43,Incorrect order of operations in EUSD repay function affects reward calculation,bug; 3 (High Risk); primary issue; sponsor disputed; unsatisfactory; edited-by-warden,"Borrow Logic, Vault","# Lines of code  https://github.com/code-423n4/2023-06-lybra/blob/5d70170f2c68dbd3f7b8c0c8fd6b0b2218784ea6/contracts/lybra/pools/base/LybraEUSDVaultBase.sol#L259-L286   # Vulnerability details  ## Impact  The issue leads to an inaccurate calculation of rewards for the users. Because the `refreshMintReward` is called after the EUSD is burned, the rewards for that specific user do not consider his staked amount. This will result in the user receiving fewer rewards than they should have.   ## Proof"
code4rena,2023-06-lybra,40,Vaults incorrectly assume 1:1 stETH/ETH price,bug; 3 (High Risk); unsatisfactory; edited-by-warden; duplicate-329,"Liquidation, Exchange Rate, Collateral","# Lines of code  https://github.com/code-423n4/2023-06-lybra/blob/main/contracts/lybra/pools/LybraStETHVault.sol#L108 https://github.com/code-423n4/2023-06-lybra/blob/main/contracts/lybra/pools/LybraWstETHVault.sol#L49 https://github.com/code-423n4/2023-06-lybra/blob/main/contracts/lybra/pools/LybraWbETHVault.sol#L35   # Vulnerability details  Note: this analysis also applies to the price of bETH in `LybraWbETHVault.sol`.  ## Impact If stETH depegs, then vault risk management will be thrown off."
code4rena,2023-06-lybra,24,Missing permission check on queue function of LybraGoverance contract,bug; 3 (High Risk); low quality report; unsatisfactory,Other,"# Lines of code  https://github.com/OpenZeppelin/openzeppelin-contracts/blob/master/contracts/governance/extensions/GovernorTimelockControl.sol#L92   # Vulnerability details  ## Impact The LybraGoverance contract is inherited from the openzeppelin's GovernorTimelockControl contract, which has a public `queue` function. The `queue` function aims to schedule proposal to the TimeLock contract by calling its `schedule` function, and when the delay is passed, corresponding proposal will be executed. "
code4rena,2023-06-lybra,20,Precision differences when performing calculations can cause major issues in Ulysses Omnichain.,invalid; 3 (High Risk); withdrawn by warden,"Deposit, Precision",# Lines of code  https://github.com/code-423n4/2023-05-maia/blob/main/src/ulysses-omnichain/RootBridgeAgent.sol#L442 https://github.com/code-423n4/2023-05-maia/blob/main/src/ulysses-omnichain/BranchPort.sol#L249 https://github.com/code-423n4/2023-05-maia/blob/main/src/ulysses-omnichain/BranchPort.sol#L275 https://github.com/code-423n4/2023-05-maia/blob/main/src/ulysses-omnichain/BranchPort.sol#L277   # Vulnerability details  ## Impact From the contest description:  > Ulysses AMM (Ulysses Pools a
code4rena,2023-06-lybra,17,Unrestricted Access to purchaseOtherEarnings function,invalid; 3 (High Risk); withdrawn by warden,Fund Theft,# Lines of code  https://github.com/code-423n4/2023-06-lybra/blob/main/contracts/lybra/miner/EUSDMiningIncentives.sol#L202   # Vulnerability details  ## Impact  An attacker can claim the rewards of any user as long as the isOtherEarningsClaimable(user) condition returns true. This occurs when the ratio of the user's staked LBRLP value (stakedLBRLpValue(user)) to their total staked amount (stakedOf(user)) is less than 500 (0.05 or 5% when expressed as a percentage).  The attacker doesn't need to 
code4rena,2023-06-lybra,15,`_voteSucceeded()` returns true when `againstVotes > forVotes` and vice versa,bug; 3 (High Risk); primary issue; satisfactory; selected for report; sponsor confirmed; H-07,Other,"# Lines of code  https://github.com/code-423n4/2023-06-lybra/blob/26915a826c90eeb829863ec3851c3c785800594b/contracts/lybra/governance/LybraGovernance.sol#L67   # Vulnerability details  ## Impact As a result voting process is broken, as it won't execute proposals with most of `forVotes`. But instead it will execute proposals with most of `againstVotes`.  ## Proof of Concept It returns whether number of votes with support = 1 is greater than with support = 0 ```solidity     function _voteSucceeded"
code4rena,2023-06-lybra,14,Governance wrongly calculates `_quorumReached()`,bug; 3 (High Risk); primary issue; satisfactory; selected for report; sponsor confirmed; H-08,Other,"# Lines of code  https://github.com/code-423n4/2023-06-lybra/blob/26915a826c90eeb829863ec3851c3c785800594b/contracts/lybra/governance/LybraGovernance.sol#L60   # Vulnerability details  ## Impact For some reason it is calculated as sum of againstVotes and abstainVotes instead of totalVotes on proposal. As the result, quorum will be reached only if >=1/3 of all votes are abstain or against, which doesn't make sense.  ## Proof of Concept Number of votes with support = 1 and support = 2 is summed up"
code4rena,2023-06-lybra,9,"Modifiers have no require checks, so some core functions stay unprotected",bug; 3 (High Risk); satisfactory; upgraded by judge; duplicate-704,Other,# Lines of code  https://github.com/code-423n4/2023-06-lybra/blob/main/contracts/lybra/configuration/LybraConfigurator.sol#L85 https://github.com/code-423n4/2023-06-lybra/blob/main/contracts/lybra/configuration/LybraConfigurator.sol#L90 https://github.com/code-423n4/2023-06-lybra/blob/main/contracts/lybra/governance/GovernanceTimelock.sol#L25 https://github.com/code-423n4/2023-06-lybra/blob/main/contracts/lybra/governance/GovernanceTimelock.sol#L29   # Vulnerability details  ## Impact Core funct
code4rena,2023-06-lybra,8,Bad implementation of change protocol parameters access control in Configurator,bug; 3 (High Risk); satisfactory; edited-by-warden; duplicate-704,Other,"# Lines of code  https://github.com/code-423n4/2023-06-lybra/blob/26915a826c90eeb829863ec3851c3c785800594b/contracts/lybra/configuration/LybraConfigurator.sol#L85-L88 https://github.com/code-423n4/2023-06-lybra/blob/26915a826c90eeb829863ec3851c3c785800594b/contracts/lybra/configuration/LybraConfigurator.sol#L90-L92   # Vulnerability details  ## Vulnerability Details `Configurator` contract has external functions with `onlyRole` and `checkRole` modifiers, in both cases the modifier implementation"
code4rena,2023-06-lybra,7,Broken Access Control,bug; 3 (High Risk); low quality report; unsatisfactory,"Withdraw, Fund Drain","# Lines of code  https://github.com/code-423n4/2023-06-lybra/blob/26915a826c90eeb829863ec3851c3c785800594b/contracts/lybra/miner/ProtocolRewardsPool.sol#L100   # Vulnerability details  ## Impact Any address or contract can call this function and initiate a withdrawal. Since the withdraw function does not have any access control checks, any address or contract can call it and initiate a withdrawal on behalf of any user. This allows unauthorized parties to withdraw funds from user accounts without"
code4rena,2023-06-lybra,6,Access Control,bug; 3 (High Risk); low quality report; sponsor disputed; unsatisfactory,"Flash Loan, Borrow Logic, Share Manipulation","# Lines of code  https://github.com/code-423n4/2023-06-lybra/blob/26915a826c90eeb829863ec3851c3c785800594b/contracts/lybra/token/PeUSDMainnetStableVision.sol#L129   # Vulnerability details  ## Impact The function does not include any authorization or access control checks to ensure that only authorized addresses or contracts can execute the flash loan. Any address can call this function and perform flash loans, which can lead to misuse or abuse of the flash loan functionality.  ## Proof of Conce"
code4rena,2023-06-lybra,2,No Eth Withdrawal Method,invalid; 3 (High Risk); withdrawn by warden,"Deposit, Withdraw, Vault",# Lines of code  https://github.com/code-423n4/2023-06-lybra/blob/26915a826c90eeb829863ec3851c3c785800594b/contracts/lybra/pools/base/LybraPeUSDVaultBase.sol#L48   # Vulnerability details  ## Impact All deposited Ether that was used to mint PeUSD will be lost. ## Proof of Concept There is currently no possible way for the contract deployer/owner of LybraPeUSDVaultBase.sol to withdraw Eth that was paid by stakers/minter. This means that the value will be stuck and lost forever.  ## Tools Used Man
code4rena,2023-02-ethos,859,Price manipulation attack,bug; 3 (High Risk); unsatisfactory,"Liquidation, Collateral","# Lines of code  https://github.com/code-423n4/2023-02-ethos/blob/73687f32b934c9d697b97745356cdf8a1f264955/Ethos-Core/contracts/PriceFeed.sol#L557   # Vulnerability details  ## Impact The PriceFeed.sol was marked OOS but I believe this to be a valid issue. If the chainlink feed fails which is does from time to time, the Tellor price feed takes over no matter what the delta is compared to the chainlink price. This is an issue because the Tellor price feed can be manipulated by a malicious attacke"
code4rena,2023-02-ethos,858,Price manipulation attack,bug; 3 (High Risk); unsatisfactory,"Liquidation, Collateral","# Lines of code  https://github.com/code-423n4/2023-02-ethos/blob/73687f32b934c9d697b97745356cdf8a1f264955/Ethos-Core/contracts/PriceFeed.sol#L557   # Vulnerability details  ## Impact The PriceFeed.sol was marked OOS but I believe this to be a valid issue. If the chainlink feed fails which is does from time to time, the Tellor price feed takes over no matter what the delta is compared to the chainlink price. This is an issue because the Tellor price feed can be manipulated by a malicious attacke"
code4rena,2023-02-ethos,853,`CommunityIssuance` doesn't check the return value of `OathToken.transferFrom()` and `OathToken.transfer()`,bug; 3 (High Risk); unsatisfactory,Other,"# Lines of code  https://github.com/code-423n4/2023-02-ethos/blob/73687f32b934c9d697b97745356cdf8a1f264955/Ethos-Core/contracts/LQTY/CommunityIssuance.sol#L103 https://github.com/code-423n4/2023-02-ethos/blob/73687f32b934c9d697b97745356cdf8a1f264955/Ethos-Core/contracts/LQTY/CommunityIssuance.sol#L127   # Vulnerability details  ## Impact The function `CommunityIssuance.fund()` calls `OathToken.transferFrom()` but doesn't check the return value, which indicates whether the transfer succeeded or f"
code4rena,2023-02-ethos,832,ReaperVaultERC4626.sol is not EIP-4626 compliant,bug; 3 (High Risk); unsatisfactory,"Deposit, Withdraw, Vault","# Lines of code  https://github.com/code-423n4/2023-02-ethos/blob/73687f32b934c9d697b97745356cdf8a1f264955/Ethos-Vault/contracts/ReaperVaultERC4626.sol#L12-L276   # Vulnerability details  ## Impact Other protocols integrated with Ethos Reserve may mistakenly assume that its function complies with EIP-4626. Therefore, this may lead to integration issues in the future, which could result in various problems for both parties.  ## Proof of Concept All official EIP-4626 requirements can be found on i"
code4rena,2023-02-ethos,821,ReaperBaseStrategyv4 is not Initializable,bug; 3 (High Risk); unsatisfactory,"Vault, Reentrancy, Fund Loss",# Lines of code  https://github.com/code-423n4/2023-02-ethos/blob/73687f32b934c9d697b97745356cdf8a1f264955/Ethos-Vault/contracts/abstract/ReaperBaseStrategyv4.sol#L14 https://github.com/code-423n4/2023-02-ethos/blob/73687f32b934c9d697b97745356cdf8a1f264955/Ethos-Vault/contracts/ReaperStrategyGranarySupplyOnly.sol#L62 https://github.com/code-423n4/2023-02-ethos/blob/73687f32b934c9d697b97745356cdf8a1f264955/Ethos-Vault/contracts/ReaperStrategyGranarySupplyOnly.sol#L19   # Vulnerability details  ##
code4rena,2023-02-ethos,815,Contract not initialized after deployment,bug; 3 (High Risk); unsatisfactory,"Collateral, Vault",# Lines of code  https://github.com/code-423n4/2023-02-ethos/blob/73687f32b934c9d697b97745356cdf8a1f264955/Ethos-Vault/contracts/ReaperStrategyGranarySupplyOnly.sol#L19 https://github.com/code-423n4/2023-02-ethos/blob/73687f32b934c9d697b97745356cdf8a1f264955/Ethos-Vault/contracts/ReaperStrategyGranarySupplyOnly.sol#L62 https://github.com/code-423n4/2023-02-ethos/blob/73687f32b934c9d697b97745356cdf8a1f264955/Ethos-Vault/contracts/abstract/ReaperBaseStrategyv4.sol#L63 https://github.com/code-423n4
code4rena,2023-02-ethos,814,LQTYStaking.sol – Reentrancy risk in stake() unstake() functions ,bug; 3 (High Risk); unsatisfactory,"Collateral, Withdraw, Reentrancy","# Lines of code  https://github.com/code-423n4/2023-02-ethos/blob/main/Ethos-Core/contracts/LQTY/LQTYStaking.sol#L104   # Vulnerability details  In the LQTY smart contract, the stake() and unstake() functions are used to add or remove a certain amount of LQTY tokens from a user's stake, respectively. Both functions are designed to update the user's stake and the total amount of LQTY staked while allowing users to withdraw any accumulated gains in collateral and LUSD tokens.  The unstake() functi"
code4rena,2023-02-ethos,808,ActivePool.sol – Re-entrancy risk on _rebalance function ,bug; 3 (High Risk); unsatisfactory,"Withdraw, Reentrancy, Fund Theft","# Lines of code  https://github.com/code-423n4/2023-02-ethos/blob/main/Ethos-Core/contracts/ActivePool.sol#L239   # Vulnerability details  The `_rebalance` function is vulnerable to a reentrancy attack. Specifically, an external callee can take over the control flow of the function by calling back into the `ActivePool` contract via a method that triggers the `_rebalance` function again before it completes the execution of its current invocation. If this happens, the attacker can execute addition"
code4rena,2023-02-ethos,806,Integer Overflow & Underflow,bug; 3 (High Risk); unsatisfactory,DoS,"# Lines of code  https://github.com/code-423n4/2023-02-ethos/blob/73687f32b934c9d697b97745356cdf8a1f264955/Ethos-Core/contracts/ActivePool.sol#L144   # Vulnerability details  ## Impact In the setYieldDistributionParams function, there is a danger of underflow or overflow of functionality.  Owner calls the function and sets the values to be passed as uint256 for _treasurySplit, _SPSplit & _stakingSplit. There is no check in place to ensure that the inputs for each variable are within the range of"
code4rena,2023-02-ethos,799,StabilityPool.sol – Re-entrancy risk on withdrawfromSP() ,bug; 3 (High Risk); unsatisfactory,"Deposit, Withdraw, Reentrancy","# Lines of code  https://github.com/code-423n4/2023-02-ethos/blob/main/Ethos-Core/contracts/StabilityPool.sol#L389   # Vulnerability details  The withdrawFromSP function in the StabilityPool contract is vulnerable to a reentrancy attack through the _sendLUSDToDepositor function.   The _sendLUSDToDepositor function is vulnerable because it transfers LUSD tokens and LQTY gains before updating state variables, which could allow an attacker to repeatedly call the function and drain the pool. An atta"
code4rena,2023-02-ethos,796,Incorrect Price-Feed Failsafe System,bug; 3 (High Risk); unsatisfactory,Oracle,# Lines of code  https://github.com/code-423n4/2023-02-ethos/blob/main/Ethos-Core/contracts/PriceFeed.sol#L203 https://github.com/code-423n4/2023-02-ethos/blob/main/Ethos-Core/contracts/PriceFeed.sol#L211 https://github.com/code-423n4/2023-02-ethos/blob/main/Ethos-Core/contracts/PriceFeed.sol#L224 https://github.com/code-423n4/2023-02-ethos/blob/main/Ethos-Core/contracts/PriceFeed.sol#L230 https://github.com/code-423n4/2023-02-ethos/blob/main/Ethos-Core/contracts/PriceFeed.sol#L241 https://githu
code4rena,2023-02-ethos,790,The _allocBPS field from strategy struct can be 0 this will make the strategy irrevocable,bug; 3 (High Risk); unsatisfactory,Vault,"# Lines of code  https://github.com/code-423n4/2023-02-ethos/blob/73687f32b934c9d697b97745356cdf8a1f264955/Ethos-Vault/contracts/ReaperVaultV2.sol#L144-L171   # Vulnerability details  ## Impact No sanity check will make a strategy irrevocable  ## Proof of Concept The addStrategy function can be used to add a strategy, there are multiple sanity checks inside the function however there is missing a very important one, there is no check for _allocBPS != 0, so at the moment the _allocBps for a strat"
code4rena,2023-02-ethos,770,Inexistent Prevention of Duplicates,bug; 3 (High Risk); unsatisfactory,"Collateral, Deposit, Withdraw",# Lines of code  https://github.com/code-423n4/2023-02-ethos/blob/main/Ethos-Core/contracts/CollateralConfig.sol#L56-L73 https://github.com/code-423n4/2023-02-ethos/blob/main/Ethos-Core/contracts/StabilityPool.sol#L626-L635 https://github.com/code-423n4/2023-02-ethos/blob/main/Ethos-Core/contracts/LQTY/LQTYStaking.sol#L203-L211   # Vulnerability details  ## Impact  The `CollateralConfig::initialize` function which instantiates the contract's state does not prevent duplicate collateral entries fr
code4rena,2023-02-ethos,767,"The design defect of the ActivePool rehypothecation mechanism, ReaperVaultV2 administrators have too much authority and have the conditions and motives to do evil, so make users lack trust in the ETHOS system (crisis of trust)",bug; 3 (High Risk); unsatisfactory,"Liquidation, Borrow Logic, Collateral",# Lines of code  https://github.com/code-423n4/2023-02-ethos/blob/73687f32b934c9d697b97745356cdf8a1f264955/Ethos-Core/contracts/ActivePool.sol#L280 https://github.com/code-423n4/2023-02-ethos/blob/73687f32b934c9d697b97745356cdf8a1f264955/Ethos-Core/contracts/ActivePool.sol#L282 https://github.com/code-423n4/2023-02-ethos/blob/73687f32b934c9d697b97745356cdf8a1f264955/Ethos-Vault/contracts/ReaperVaultV2.sol#L321 https://github.com/code-423n4/2023-02-ethos/blob/73687f32b934c9d697b97745356cdf8a1f264
code4rena,2023-02-ethos,750,Losses are double counted if there currently locked profits,bug; 3 (High Risk); primary issue; sponsor disputed; unsatisfactory,"Vault, Share Manipulation",# Lines of code  https://github.com/code-423n4/2023-02-ethos/blob/73687f32b934c9d697b97745356cdf8a1f264955/Ethos-Vault/contracts/ReaperVaultV2.sol#L493-L560   # Vulnerability details  ## Impact  Losses are double counted and vault participants lose funds  ## Proof of Concept  https://github.com/code-423n4/2023-02-ethos/blob/73687f32b934c9d697b97745356cdf8a1f264955/Ethos-Vault/contracts/ReaperVaultV2.sol#L499-L538          if (_roi < 0) {             vars.loss = uint256(-_roi);             _repor
code4rena,2023-02-ethos,749,_computeRewardsPerUnitStaked() may overflow,bug; 3 (High Risk); judge review requested; satisfactory; upgraded by judge; duplicate-481,"Collateral, Deposit, Precision","# Lines of code  https://github.com/code-423n4/2023-02-ethos/blob/73687f32b934c9d697b97745356cdf8a1f264955/Ethos-Core/contracts/StabilityPool.sol#L531   # Vulnerability details  ## Impact no judgment that lastLUSDLossError_Offset!=0, but _debtToOffset is 0 _computeRewardsPerUnitStaked() may overflow  ## Proof of Concept Use `lastLUSDLossError_Offset` in the _computeRewardsPerUnitStaked() method to store the last excess The code is as follows:  ```solidity     function _computeRewardsPerUnitStake"
code4rena,2023-02-ethos,723,Users would lose some shares during withdrawal in `ReaperVaultV2._withdraw()`.,bug; 3 (High Risk); satisfactory; sponsor confirmed; duplicate-288,"Withdraw, Vault, Share Manipulation","# Lines of code  https://github.com/code-423n4/2023-02-ethos/blob/73687f32b934c9d697b97745356cdf8a1f264955/Ethos-Vault/contracts/ReaperVaultV2.sol#L401   # Vulnerability details  ## Impact `ReaperVaultV2._withdraw()` burns 100% of shares even if the vault balance is less than the required underlying amount.  As a result, users would lose some shares during withdrawal.  ## Proof of Concept Users can receive underlying tokens by burning their shares using `_withdraw()`.  If the vault doesn't have "
code4rena,2023-02-ethos,610,Ethos stil using LUSD (not ERN) will lead to confusion and ambiguity of the protocol resulting uncountable risk for the project,bug; 3 (High Risk); unsatisfactory,Collateral,"# Lines of code  https://github.com/code-423n4/2023-02-ethos/blob/main/Ethos-Core/contracts/LUSDToken.sol#L28-L35   # Vulnerability details  ## Impact Ethos stil using LUSD (not ERN) will lead to confusion and ambiguity of the protocol resulting uncountable risk for the project  ## Proof of Concept Ethos is a fork project of Liquity with additional changes, supporting multi collateral tokens. There are some other protocol already running and fork this Liquity, such as : - Vesta Finance - Yeti Fi"
code4rena,2023-02-ethos,597,"`STRATEGIST` still can assign a higher percentage into the `withdrawMaxLoss`, which may lead to a very higher risk for users to lose the principle sent as a collateral",bug; 3 (High Risk); unsatisfactory,"Collateral, Withdraw, Vault","# Lines of code  https://github.com/code-423n4/2023-02-ethos/blob/main/Ethos-Vault/contracts/ReaperVaultV2.sol#L41 https://github.com/code-423n4/2023-02-ethos/blob/main/Ethos-Vault/contracts/ReaperVaultV2.sol#L54-L55 https://github.com/code-423n4/2023-02-ethos/blob/main/Ethos-Vault/contracts/ReaperVaultV2.sol#L568   # Vulnerability details  ## Impact Within the ReaperVaultV2#`updateWithdrawMaxLoss()` above, the user who has a `STRATEGIST` role still can assign a higher percentage (i.e. 99% = 999"
code4rena,2023-02-ethos,595,Strategist can break the whole protocol,bug; 3 (High Risk); unsatisfactory,"Collateral, Deposit, Vault","# Lines of code  https://github.com/code-423n4/2023-02-ethos/blob/main/Ethos-Vault/contracts/ReaperVaultV2.sol#L319 https://github.com/code-423n4/2023-02-ethos/blob/main/Ethos-Vault/contracts/ReaperVaultV2.sol#L359 https://github.com/code-423n4/2023-02-ethos/blob/main/Ethos-Core/contracts/ActivePool.sol#L239   # Vulnerability details  ## Background  There is known attack to ERC4626 vaults, called [inflation attacks](https://mixbytes.io/blog/overview-of-the-inflation-attack).   It seems that the "
code4rena,2023-02-ethos,590,"Lack of logic to mint OATH within the CommunityIssuance#`issueOath()`, which results in that entire OATH insurance mechanism will not work properly",bug; 3 (High Risk); unsatisfactory,"Deposit, Withdraw, Share Manipulation",# Lines of code  https://github.com/code-423n4/2023-02-ethos/blob/main/Ethos-Core/contracts/StabilityPool.sol#L330 https://github.com/code-423n4/2023-02-ethos/blob/main/Ethos-Core/contracts/StabilityPool.sol#L374 https://github.com/code-423n4/2023-02-ethos/blob/main/Ethos-Core/contracts/StabilityPool.sol#L417 https://github.com/code-423n4/2023-02-ethos/blob/main/Ethos-Core/contracts/LQTY/CommunityIssuance.sol#L83-L95   # Vulnerability details  ## Impact OATH will be never minted (issued) when th
code4rena,2023-02-ethos,585,Using _freefunds() to calculate share price lead to shares miscalculations and could benefit treasury,bug; 3 (High Risk); judge review requested; primary issue; unsatisfactory,"Deposit, Withdraw, Vault","# Lines of code  https://github.com/code-423n4/2023-02-ethos/blob/73687f32b934c9d697b97745356cdf8a1f264955/Ethos-Vault/contracts/ReaperVaultV2.sol#L334 https://github.com/code-423n4/2023-02-ethos/blob/73687f32b934c9d697b97745356cdf8a1f264955/Ethos-Vault/contracts/ReaperVaultV2.sol#L365   # Vulnerability details  ## Impact Function `_freeFunds()`  calculates the amount of free funds available after profit locking and it's used to for calculating share price, issuing shares during deposit, or burn"
code4rena,2023-02-ethos,581,`closeTrove` never nulls `trove.stake`,bug; 3 (High Risk); unsatisfactory,Liquidation,"# Lines of code  https://github.com/code-423n4/2023-02-ethos/blob/73687f32b934c9d697b97745356cdf8a1f264955/Ethos-Core/contracts/TroveManager.sol#L1278-L1293   # Vulnerability details  // Auditor's note: not 100% sure if this is intentional, but I have reason to believe it's a mistake.  ## Description When a trove gets liquidated, its stake gets set to 0 (through `_removeStake`, called eg [here](https://github.com/code-423n4/2023-02-ethos/blob/73687f32b934c9d697b97745356cdf8a1f264955/Ethos-Core/c"
code4rena,2023-02-ethos,574,Callback tokens can cause re-entrancy,bug; 3 (High Risk); unsatisfactory,"Borrow Logic, Vault",# Lines of code  https://github.com/code-423n4/2023-02-ethos/blob/73687f32b934c9d697b97745356cdf8a1f264955/Ethos-Core/contracts/ActivePool.sol#L210 https://github.com/code-423n4/2023-02-ethos/blob/73687f32b934c9d697b97745356cdf8a1f264955/Ethos-Core/contracts/BorrowerOperations.sol#L231 https://github.com/code-423n4/2023-02-ethos/blob/73687f32b934c9d697b97745356cdf8a1f264955/Ethos-Vault/contracts/ReaperVaultV2.sol#L328   # Vulnerability details  ## Description There are many places in the code wh
code4rena,2023-02-ethos,570,A Malicious Borrower can drain ActivePool,bug; 3 (High Risk); unsatisfactory,"Borrow Logic, Collateral, Fund Drain","# Lines of code  https://github.com/code-423n4/2023-02-ethos/blob/73687f32b934c9d697b97745356cdf8a1f264955/Ethos-Core/contracts/ActivePool.sol#L171-L188   # Vulnerability details  ## Impact Any Borrower can take any amount of collateral and the pool gets drained, in this case, the system's TCR will go way down the CCR. putting the whole system at risk of a dangerous recovery mode and may even cause a total crash to the system.  ## Proof of Concept https://github.com/code-423n4/2023-02-ethos/blob"
code4rena,2023-02-ethos,568,logic error state variable already initialize in contract ActivePool,bug; 3 (High Risk); unsatisfactory,Other,# Lines of code  https://github.com/code-423n4/2023-02-ethos/blob/73687f32b934c9d697b97745356cdf8a1f264955/Ethos-Core/contracts/ActivePool.sol#L49-L54 https://github.com/code-423n4/2023-02-ethos/blob/73687f32b934c9d697b97745356cdf8a1f264955/Ethos-Core/contracts/ActivePool.sol#L132-L136 https://github.com/code-423n4/2023-02-ethos/blob/73687f32b934c9d697b97745356cdf8a1f264955/Ethos-Core/contracts/ActivePool.sol#L144-L150   # Vulnerability details  ## Impact The functions ``setYieldingPercentageDri
code4rena,2023-02-ethos,565,It's possible to steal rewards by front running,bug; 3 (High Risk); unsatisfactory,"Collateral, Front-running","# Lines of code  https://github.com/code-423n4/2023-02-ethos/blob/73687f32b934c9d697b97745356cdf8a1f264955/Ethos-Core/contracts/LQTY/LQTYStaking.sol#L177-L195   # Vulnerability details  ## Impact When a user wants to earn collateral gains, typically they need to stake their funds. However, there is a way to earn collateral gains without staking funds by front-running the increaseF_Collateral function call.  By front-running, the user is able to anticipate a transaction before it is confirmed on "
code4rena,2023-02-ethos,564,"ACTIVEPOOL.SOL, REAPERVAULTERC4626.SOL, REAPERVAULTV2.SOL IS NOT EIP-4626 COMPLIANT",bug; 3 (High Risk); unsatisfactory,"Deposit, Withdraw, Vault","# Lines of code  https://github.com/code-423n4/2023-02-ethos/blob/main/Ethos-Core/contracts/ActivePool.sol#L26 https://github.com/code-423n4/2023-02-ethos/blob/main/Ethos-Vault/contracts/ReaperVaultERC4626.sol#L12 https://github.com/code-423n4/2023-02-ethos/blob/main/Ethos-Vault/contracts/ReaperVaultV2.sol#L21   # Vulnerability details  ## Impact Other protocols that integrate with Ethos may wrongly assume that the functions are EIP-4626 compliant. Thus, it might cause integration problems in th"
code4rena,2023-02-ethos,562,Large deposit can cause freeze of funds for all vault depositors,bug; 3 (High Risk); unsatisfactory,"Deposit, Withdraw, Vault",# Lines of code  https://github.com/code-423n4/2023-02-ethos/blob/main/Ethos-Vault/contracts/ReaperVaultV2.sol#L334 https://github.com/code-423n4/2023-02-ethos/blob/main/Ethos-Vault/contracts/ReaperVaultV2.sol#L365 https://github.com/code-423n4/2023-02-ethos/blob/main/Ethos-Vault/contracts/ReaperVaultERC4626.sol#L53 https://github.com/code-423n4/2023-02-ethos/blob/main/Ethos-Vault/contracts/ReaperVaultERC4626.sol#L68 https://github.com/code-423n4/2023-02-ethos/blob/main/Ethos-Vault/contracts/Rea
code4rena,2023-02-ethos,554,Possible Conditions That May Cause the sendOath External Function to Revert and the transfer failure,bug; 3 (High Risk); unsatisfactory; edited-by-warden,Deposit,"# Lines of code  https://github.com/code-423n4/2023-02-ethos/blob/73687f32b934c9d697b97745356cdf8a1f264955/Ethos-Core/contracts/StabilityPool.sol#L840-L844 https://github.com/code-423n4/2023-02-ethos/blob/73687f32b934c9d697b97745356cdf8a1f264955/Ethos-Core/contracts/LQTY/CommunityIssuance.sol#L124-L128   # Vulnerability details  ## Impact  The transfer function fails, the OATH rewards may not be distributed as expected, and the msg.sender may not receive the rewards as expected. The msg.sender m"
code4rena,2023-02-ethos,552,No accountability maintained when send OATH gains  to stability pool,bug; 3 (High Risk); unsatisfactory,Deposit,"# Lines of code  https://github.com/code-423n4/2023-02-ethos/blob/73687f32b934c9d697b97745356cdf8a1f264955/Ethos-Core/contracts/LQTY/CommunityIssuance.sol#L124-L128 https://github.com/code-423n4/2023-02-ethos/blob/73687f32b934c9d697b97745356cdf8a1f264955/Ethos-Core/contracts/StabilityPool.sol#L840-L844   # Vulnerability details  ## Impact  When the sendOath() function is used to transfer OATH gains to the StabilityPool, there is currently no mechanism in place to maintain accountability within t"
code4rena,2023-02-ethos,542,SWC-101 The arithmetic operation can overflow.ActivePool.setYieldDistributionParams(),bug; 3 (High Risk); unsatisfactory; edited-by-warden,Other,# Lines of code  https://github.com/code-423n4/2023-02-ethos/blob/73687f32b934c9d697b97745356cdf8a1f264955/Ethos-Core/contracts/ActivePool.sol#L144-L150   # Vulnerability details  ## Impact ``` The arithmetic operation can overflow. It is possible to cause an arithmetic overflow. Prevent the overflow by constraining inputs using the require() statement or use the OpenZeppelin SafeMath library for integer arithmetic operations. Refer to the transaction trace generated for this issue to reproduce 
code4rena,2023-02-ethos,538,sending collateral is executed before burning ` LUSD ` or repaying ` LUSD` and funds loss.,bug; 3 (High Risk); unsatisfactory,"Borrow Logic, Collateral","# Lines of code  https://github.com/code-423n4/2023-02-ethos/blob/main/Ethos-Core/contracts/BorrowerOperations.sol#L375-L407   # Vulnerability details  ## Impact sending collateral is executed before burning LUSD or repaying LUSD, it's lead to funds loss.  ## Proof of Concept The `closeTrove` function performs  burning LUSD, repaying LUSD to the user, and sending collateral back to the user. These operations is not properly handled. For instance, if the sending of collateral is executed before b"
code4rena,2023-02-ethos,534,Setting amountOutMin to 0 results in potential loss of funds,bug; 3 (High Risk); unsatisfactory,Vault,"# Lines of code  https://github.com/code-423n4/2023-02-ethos/blob/main/Ethos-Vault/contracts/mixins/VeloSolidMixin.sol#L41   # Vulnerability details  ## Impact If the amountOutMinis set to 0, it means that the trader is willing to accept any amount of output tokens in exchange for their input tokens. This could result in the trade being executed at a lower price than expected or intended, which could lead to a financial loss for the trader.  ## Proof of Concept https://github.com/code-423n4/2023"
code4rena,2023-02-ethos,518,Reentrancy Risk in Function report,bug; 3 (High Risk); unsatisfactory; duplicate-819,"Withdraw, Vault, Share Manipulation","# Lines of code  https://github.com/code-423n4/2023-02-ethos/blob/73687f32b934c9d697b97745356cdf8a1f264955/Ethos-Vault/contracts/ReaperVaultV2.sol#L528   # Vulnerability details  ## Impact In statement ```token.safeTransferFrom(vars.stratAddr, address(this), vars.freeWantInStrat - vars.credit);```, if this token is ERC777 (extension of ERC20), receiver can register hook function which will be called when receiver send tokens, so receiver can increase state variable ```totalAllocated``` by re-ent"
code4rena,2023-02-ethos,517,`Single-side token` (`$OATH`) would still be used as a staking token instead of `LP token` (`$OATH LP`) within the LQTYStaking.sol,bug; 3 (High Risk); unsatisfactory,"Deposit, Withdraw","# Lines of code  https://github.com/code-423n4/2023-02-ethos/blob/main/Ethos-Core/contracts/LQTY/LQTYStaking.sol#L128 https://github.com/code-423n4/2023-02-ethos/blob/main/Ethos-Core/contracts/LQTY/LQTYStaking.sol#L163   # Vulnerability details  ## Impact Staking contract (LQTYStaking) does not works as the protocol design.  ## Proof of Concept Within the LQTYStaking#`stake()`,  the `lqtyToken` (= `OATH`) is deposited by transferring it from a user (msg.sender) to the LQTYStaking contract like t"
code4rena,2023-02-ethos,506,``LUSDTokenAddressSet`` event never emitted in contract LQTYStaking.sol,bug; 3 (High Risk); unsatisfactory,"Borrow Logic, Collateral",# Lines of code  https://github.com/code-423n4/2023-02-ethos/blob/73687f32b934c9d697b97745356cdf8a1f264955/Ethos-Core/contracts/LQTY/LQTYStaking.sol#L49-L101 https://github.com/code-423n4/2023-02-ethos/blob/73687f32b934c9d697b97745356cdf8a1f264955/Ethos-Core/contracts/LQTY/LQTYStaking.sol#L49-L50 https://github.com/code-423n4/2023-02-ethos/blob/73687f32b934c9d697b97745356cdf8a1f264955/Ethos-Core/contracts/LQTY/LQTYStaking.sol#L93-L94   # Vulnerability details  ## Impact If an event is never emit
code4rena,2023-02-ethos,502,loss of funds to user when withdrawing from ReaperVaultERC4626 due to cap on user share value,bug; 3 (High Risk); satisfactory; edited-by-warden; duplicate-288,"Withdraw, Vault, Share Manipulation","# Lines of code  https://github.com/code-423n4/2023-02-ethos/blob/main/Ethos-Vault/contracts/ReaperVaultV2.sol#L399-L402 https://github.com/code-423n4/2023-02-ethos/blob/main/Ethos-Vault/contracts/ReaperVaultV2.sol#L364-L366   # Vulnerability details  ## Impact At the end of `_withdraw`, if  vault balance after withdrawal from strategies is not enough to cover for user share value, user share value will be capped at vault balance after withdrawal from strategies. I believe that the cap is meant "
code4rena,2023-02-ethos,493,"Missed ""emit"" keyword before ActivePoolLUSDDebtUpdated(address _collateral, uint _LUSDDebt) event in ActivePool.sol",bug; 3 (High Risk); unsatisfactory,Collateral,"# Lines of code  https://github.com/code-423n4/2023-02-ethos/blob/73687f32b934c9d697b97745356cdf8a1f264955/Ethos-Core/contracts/ActivePool.sol#L190-L195 https://github.com/code-423n4/2023-02-ethos/blob/73687f32b934c9d697b97745356cdf8a1f264955/Ethos-Core/contracts/ActivePool.sol#L197-L202   # Vulnerability details  ## Impact ActivePoolLUSDDebtUpdated(address _collateral, uint _LUSDDebt) in increaseLUSDDebt(address _collateral, uint _amount) and decreaseLUSDDebt(address _collateral, uint _amount) "
code4rena,2023-02-ethos,490,Attacker can exploit No Slippage check in swapping using Sandwich Attack,bug; 3 (High Risk); unsatisfactory,"Vault, Fund Loss","# Lines of code  https://github.com/code-423n4/2023-02-ethos/blob/main/Ethos-Vault/contracts/mixins/VeloSolidMixin.sol#L41   # Vulnerability details  ## Impact  Loss of Funds due to sandwich attack by attacker.  ## Proof of Concept  ```solidity File: VeloSolidMixin.sol  41:     router.swapExactTokensForTokens(_amount, 0, routes, address(this), block.timestamp);  ``` [Link to Code](https://github.com/code-423n4/2023-02-ethos/blob/main/Ethos-Vault/contracts/mixins/VeloSolidMixin.sol#L41)  There is"
code4rena,2023-02-ethos,489,MEV Bot or any attacker can make risk free profit by interacting with `ReaperVaultERC4626`,bug; 3 (High Risk); unsatisfactory,"Deposit, Withdraw, Vault",# Lines of code  https://github.com/code-423n4/2023-02-ethos/blob/main/Ethos-Vault/contracts/ReaperVaultV2.sol#L418-L425 https://github.com/code-423n4/2023-02-ethos/blob/main/Ethos-Vault/contracts/ReaperVaultV2.sol#L287-L289 https://github.com/code-423n4/2023-02-ethos/blob/main/Ethos-Vault/contracts/ReaperVaultV2.sol#L330-L336 https://github.com/code-423n4/2023-02-ethos/blob/main/Ethos-Vault/contracts/ReaperVaultV2.sol#L365-L410   # Vulnerability details  ## Impact  MEV Bot can make huge risk fr
code4rena,2023-02-ethos,482,Under certain conditions the **increaseF_Collateral()** function from the **LQTYStaking** contract will not increase the reward per unit staked,bug; 3 (High Risk); judge review requested; satisfactory; upgraded by judge; edited-by-warden; duplicate-285,"Collateral, Rounding, Vault","# Lines of code  https://github.com/code-423n4/2023-02-ethos/blob/73687f32b934c9d697b97745356cdf8a1f264955/Ethos-Core/contracts/LQTY/LQTYStaking.sol#L181   # Vulnerability details  ***Description***  Due to decimal difference not taken into account, the **increaseF_Collateral()** function from  `LQTYStaking` contract will not increase the reward per unit staked.  ***Impact***  If WBTC is used in collateral ; when collecting the 0.5% fee ([here](https://github.com/code-423n4/2023-02-ethos/blob/73"
code4rena,2023-02-ethos,481,Re-balancing the vault allocation may always revert when distributing profits : resulting of a massive system DOS  ,bug; 3 (High Risk); primary issue; satisfactory; selected for report; sponsor confirmed; H-01,"Liquidation, Borrow Logic, Withdraw",# Lines of code  https://github.com/code-423n4/2023-02-ethos/blob/73687f32b934c9d697b97745356cdf8a1f264955/Ethos-Core/contracts/StabilityPool.sol#L526-L538   # Vulnerability details  ## Description  **[updateRewardSum](https://github.com/code-423n4/2023-02-ethos/blob/73687f32b934c9d697b97745356cdf8a1f264955/Ethos-Core/contracts/StabilityPool.sol#L486-L500)** function call **[_computeRewardsPerUnitStaked](https://github.com/code-423n4/2023-02-ethos/blob/73687f32b934c9d697b97745356cdf8a1f264955/Et
code4rena,2023-02-ethos,476,The onlyOwner modifier is being incorrectly used in the fund() function,invalid; 3 (High Risk); withdrawn by warden,"Deposit, Share Manipulation",# Lines of code  https://github.com/code-423n4/2023-02-ethos/blob/73687f32b934c9d697b97745356cdf8a1f264955/Ethos-Core/contracts/LQTY/CommunityIssuance.sol#L101   # Vulnerability details  ## Impact  This breaks the interaction with fund() function   Pool looses the OATH Tokens     The depositors in stability pool can't get any time based emissions from community pool   The OATH depositor can't stake OATH and looses his rewards even he is having enough OATH in his account  EOAs and other users can
code4rena,2023-02-ethos,468,The vault could possibly burn user's shares even though s/he received less than the expected amount of underlying token when withdrawing,bug; 3 (High Risk); satisfactory; duplicate-288,"Withdraw, Vault, Share Manipulation","# Lines of code  https://github.com/code-423n4/2023-02-ethos/blob/main/Ethos-Vault/contracts/ReaperVaultV2.sol#L366   # Vulnerability details  ## Impact When withdrawing from a vault, the user passes the amount of shares to be burnt, and in return the user receives the corresponding assets as follows: ```sh value = (_freeFunds() * _shares) / totalSupply(); ```  If there is not enough balance in the vault, then it withdraws from strategies in the order they were added in `withdrawalQueue`. Howeve"
code4rena,2023-02-ethos,463,Destruction of the ReaperStrategyGranarySupplyOnly implementation,bug; 3 (High Risk); unsatisfactory,"Vault, Front-running",# Lines of code  https://github.com/code-423n4/2023-02-ethos/blob/main/Ethos-Vault/contracts/ReaperStrategyGranarySupplyOnly.sol#L62-L67   # Vulnerability details  ## Impact  Complete freezing of all functionality in ReaperStrategyGranarySupplyOnly   Functions from the logic contract (ReaperStrategyGranarySupplyOnly) shouldn't be called directly. a bad actor can take the ownership by calling initialize directly then destroy it making all proxies (Smart Contract Wallets) pointing to a non-existin
code4rena,2023-02-ethos,461,User could lose the whole stake on vault withdrawal,bug; 3 (High Risk); satisfactory; duplicate-288,"Liquidation, Withdraw, Vault","# Lines of code  https://github.com/code-423n4/2023-02-ethos/blob/73687f32b934c9d697b97745356cdf8a1f264955/Ethos-Vault/contracts/ReaperVaultV2.sol#L359-L412 https://github.com/code-423n4/2023-02-ethos/blob/73687f32b934c9d697b97745356cdf8a1f264955/Ethos-Vault/contracts/ReaperVaultV2.sol#L399-L407   # Vulnerability details  ## Impact When there are locked funds in the strategy, the withdrawMaxLoss feature of ReaperVaultV2 is not respected. Locked funds refer to a situation where the requested amou"
code4rena,2023-02-ethos,460,`ReaperVaultV2.sol` is not EIP-4626 compliant,bug; 3 (High Risk); unsatisfactory,"Vault, Fund Loss","# Lines of code  https://github.com/code-423n4/2023-02-ethos/blob/main/Ethos-Vault/contracts/ReaperVaultV2.sol#L356, https://github.com/code-423n4/2023-02-ethos/blob/main/Ethos-Vault/contracts/ReaperVaultV2.sol#L426   # Vulnerability details  # [H-01] `ReaperVaultV2.sol` is not EIP-4626 compliant  ## Lines of code [https://github.com/code-423n4/2023-02-ethos/blob/main/Ethos-Vault/contracts/ReaperVaultV2.sol#L356](https://github.com/code-423n4/2023-02-ethos/blob/main/Ethos-Vault/contracts/ReaperV"
code4rena,2023-02-ethos,441,ReaperVaultV2._withdraw might lost depositor's token,bug; 3 (High Risk); satisfactory; duplicate-288,"Deposit, Withdraw, Vault","# Lines of code  https://github.com/code-423n4/2023-02-ethos/blob/73687f32b934c9d697b97745356cdf8a1f264955/Ethos-Vault/contracts/ReaperVaultV2.sol#L359-L412   # Vulnerability details  ## Impact Function ReaperVaultV2._withdraw first call [_burn](https://github.com/code-423n4/2023-02-ethos/blob/73687f32b934c9d697b97745356cdf8a1f264955/Ethos-Vault/contracts/ReaperVaultV2.sol#L366) to burn depositor's share, then call [token.safeTransfer](https://github.com/code-423n4/2023-02-ethos/blob/73687f32b93"
code4rena,2023-02-ethos,440,loss of funds to user when withdrawing from ReaperVaultERC4626 if withdrawal from strategies is needed,invalid; 3 (High Risk); withdrawn by warden,"Withdraw, Vault, Share Manipulation","# Lines of code  https://github.com/code-423n4/2023-02-ethos/blob/main/Ethos-Vault/contracts/ReaperVaultV2.sol#L364-L367 https://github.com/code-423n4/2023-02-ethos/blob/main/Ethos-Vault/contracts/ReaperVaultV2.sol#L368-L408 https://github.com/code-423n4/2023-02-ethos/blob/main/Ethos-Vault/contracts/ReaperVaultV2.sol#L399-L411   # Vulnerability details  ## Impact When withdrawing, a calculation error in `_withdraw` for `ReaperVaultV2`, parent class of ReaperVaultERC4626 causes user to withdraw l"
code4rena,2023-02-ethos,424,Rogue Strategist can revert Strategy Revocation by updating allocBPS,bug; 3 (High Risk); unsatisfactory; edited-by-warden,"Vault, Fund Loss",# Lines of code  https://github.com/code-423n4/2023-02-ethos/blob/73687f32b934c9d697b97745356cdf8a1f264955/Ethos-Vault/contracts/ReaperVaultV2.sol#L205-L217 https://github.com/code-423n4/2023-02-ethos/blob/73687f32b934c9d697b97745356cdf8a1f264955/Ethos-Vault/contracts/ReaperVaultV2.sol#L191-L199 https://github.com/code-423n4/2023-02-ethos/blob/73687f32b934c9d697b97745356cdf8a1f264955/Ethos-Vault/contracts/abstract/ReaperBaseStrategyv4.sol#L156-L160   # Vulnerability details  ## Impact  High.  A 
code4rena,2023-02-ethos,421,Owner unknowingly possible set MCR and CCR values ratio very low. There is no margin of safety to protect against sudden drops in the value of the collateral,invalid; 3 (High Risk); withdrawn by warden,"Liquidation, Borrow Logic, Collateral","# Lines of code  https://github.com/code-423n4/2023-02-ethos/blob/73687f32b934c9d697b97745356cdf8a1f264955/Ethos-Core/contracts/CollateralConfig.sol#L66 https://github.com/code-423n4/2023-02-ethos/blob/73687f32b934c9d697b97745356cdf8a1f264955/Ethos-Core/contracts/CollateralConfig.sol#L69   # Vulnerability details  ## Impact  Any drop in the value of the collateral could cause the CCR to fall below the MCR, triggering liquidation. collateral drops and the CCR falls below the MCR, the lending prot"
code4rena,2023-02-ethos,419,"Implementing Control for High MCR Values to Ensure System Stability , it can limit borrower ability to borrow",bug; 3 (High Risk); unsatisfactory; edited-by-warden,"Liquidation, Borrow Logic, Collateral","# Lines of code  https://github.com/code-423n4/2023-02-ethos/blob/73687f32b934c9d697b97745356cdf8a1f264955/Ethos-Core/contracts/CollateralConfig.sol#L66   # Vulnerability details  ## Impact  If the MCR (Minimum Collateral Ratio) value is set too high, it can pose a problem for borrowers in DeFi lending platforms. This is because a higher MCR means that borrowers need to deposit more collateral to maintain their positions or loans, which can limit their ability to borrow and reduce the overall li"
code4rena,2023-02-ethos,408,ReaperStrategyGranarySupplyOnly: Potential loss while swapping reward tokens,bug; 3 (High Risk); unsatisfactory,Vault,# Lines of code  https://github.com/code-423n4/2023-02-ethos/blob/main/Ethos-Vault/contracts/ReaperStrategyGranarySupplyOnly.sol#L124 https://github.com/code-423n4/2023-02-ethos/blob/main/Ethos-Vault/contracts/mixins/VeloSolidMixin.sol#L41   # Vulnerability details  ## Impact The `ReaperStrategyGranarySupplyOnly` contract inherits `VeloSolidMixin` contract. The ReaperStrategyGranarySupplyOnly has a `_harvestCore` function which swaps the reward tokens using the `VeloSolidMixin._swapVelo` functio
code4rena,2023-02-ethos,400,Missing ReaperBaseStrategyv4.__ReaperBaseStrategy_init() in Child Contract's Initializer ,bug; 3 (High Risk); unsatisfactory,Vault,"# Lines of code  https://github.com/code-423n4/2023-02-ethos/blob/main/Ethos-Vault/contracts/ReaperStrategyGranarySupplyOnly.sol#L62-L72   # Vulnerability details  ## Impact The difference between a **constructor** and a regular function is that Solidity takes care of automatically invoking the constructors of all ancestors of a contract. ""When writing an initializer, you need to take special care to manually call the initializers of all parent contracts"". Due to a requirement of the proxy-based"
code4rena,2023-02-ethos,391,The arithmetic operator can overflow.,bug; 3 (High Risk); unsatisfactory,Collateral,# Lines of code  https://github.com/code-423n4/2023-02-ethos/blob/main/Ethos-Core/contracts/ActivePool.sol#L145 https://github.com/code-423n4/2023-02-ethos/blob/main/Ethos-Core/contracts/HintHelpers.sol#L120 https://github.com/code-423n4/2023-02-ethos/blob/main/Ethos-Core/contracts/RedemptionHelper.sol#L154 https://github.com/code-423n4/2023-02-ethos/blob/main/Ethos-Core/contracts/HintHelpers.sol#L180   # Vulnerability details  ## Impact The solidity version used in Ethos-Core/contacts is 0.6.11
code4rena,2023-02-ethos,390,LUSDToken of Unstake function is vulnerable to a possible reentrancy attack,bug; 3 (High Risk); unsatisfactory,"Reentrancy, Fund Drain","# Lines of code  https://github.com/code-423n4/2023-02-ethos/blob/73687f32b934c9d697b97745356cdf8a1f264955/Ethos-Core/contracts/LQTY/LQTYStaking.sol#L171   # Vulnerability details  ## Impact the accumulated LUSD and ETH transfer might be vulnerable to reentrancy, due to the use of the transfer() function to transfer tokens out of the contract. A malicious attacker can potentially exploit this vulnerability to drain the contract of all its funds.  To prevent this vulnerability, a proper reentranc"
code4rena,2023-02-ethos,388,"Unsafe token transfer, gives room to reentrancy attack",bug; 3 (High Risk); unsatisfactory; edited-by-warden,"Withdraw, Reentrancy, DoS",# Lines of code  https://github.com/code-423n4/2023-02-ethos/blob/73687f32b934c9d697b97745356cdf8a1f264955/Ethos-Core/contracts/LQTY/LQTYStaking.sol#L135   # Vulnerability details  ## Impact The vulnerable code has two potential issues. 1. Unsafe token transfer 2. Lack of transaction success check  The transfer of LUSD tokens from the caller to the contract is not checked to see if it was successful or not.  ## Proof of Concept An attacker can withdraw more LUSD Token than he should by creating 
code4rena,2023-02-ethos,363,Harvest swaps can be sandwiched with unbounded slippage,bug; 3 (High Risk); unsatisfactory,"Interest Rate, Vault",# Lines of code  https://github.com/code-423n4/2023-02-ethos/blob/73687f32b934c9d697b97745356cdf8a1f264955/Ethos-Vault/contracts/abstract/ReaperBaseStrategyv4.sol#L109   # Vulnerability details  ## Impact Reward tokens can be taken via sandwich attack.  ## Proof of Concept Vault strategy harvesting logic contains swaps of reward tokens:  ``` // _harvestCore() - ReaperStrategyGranarySupplyOnly.sol:L117-125 for (uint256 i = 0; i < numSteps; i = i.uncheckedInc()) { 	address[2] storage step = steps[
code4rena,2023-02-ethos,362,"sendOath is vulnerable to a possible reentrancy, also lacks input validations",invalid; 3 (High Risk); withdrawn by warden,Reentrancy,"# Lines of code  https://github.com/code-423n4/2023-02-ethos/blob/73687f32b934c9d697b97745356cdf8a1f264955/Ethos-Core/contracts/LQTY/CommunityIssuance.sol#L124-L128   # Vulnerability details  ## Impact sendOath() function isn't checking to confirm if the _account input isn't the zero address and if the OathAmount isn't equal to zero. The Oath token transfer is also lacking a check to see if the transfer was successful or not, this can result in unexpected behavior and a possible denial of servic"
code4rena,2023-02-ethos,361,"sendOath is vulnerable to a possible reentrancy, also lacks input validations",bug; 3 (High Risk); unsatisfactory; edited-by-warden,Reentrancy,"# Lines of code  https://github.com/code-423n4/2023-02-ethos/blob/73687f32b934c9d697b97745356cdf8a1f264955/Ethos-Core/contracts/LQTY/CommunityIssuance.sol#L124-L128   # Vulnerability details  ## Impact sendOath() function isn't checking to confirm if the _account input isn't the zero address and if the OathAmount isn't equal to zero. The Oath token transfer is also lacking a check to see if the transfer was successful or not, this can result in unexpected behavior and a possible denial of servic"
code4rena,2023-02-ethos,356,Unsafe Transfer of Tokens,bug; 3 (High Risk); unsatisfactory; edited-by-warden,Other,"# Lines of code  https://github.com/code-423n4/2023-02-ethos/blob/73687f32b934c9d697b97745356cdf8a1f264955/Ethos-Core/contracts/LQTY/CommunityIssuance.sol#L103   # Vulnerability details  ## Impact A failed transfer can lead to a possible denial of service, as there wouldn't be any token for distribution.  Now, as a result of the contract not receiving the funds required for the funding operation, it would not execute the if statement that checks for unissued OATH tokens. This could lead to the c"
code4rena,2023-02-ethos,344,Loss of access to the deposited collateral,bug; 3 (High Risk); unsatisfactory,"Collateral, Deposit, Withdraw",# Lines of code  https://github.com/code-423n4/2023-02-ethos/blob/main/Ethos-Core/contracts/TroveManager.sol#L18   # Vulnerability details  ## Impact This is kind of an economical issue which results in collateral depositors being unable to withdraw their collateral. The issue arises as the Ethos protocol is multi-collateral backed stablecoin protocol which also allows stablecoin redemption for collateral.  Consider this scenario (the amounts are approximated for simplicity and excludes any fees
code4rena,2023-02-ethos,333,LUSDToken `transferFrom` does not check allowance or permit,bug; 3 (High Risk); unsatisfactory,Other,"# Lines of code   https://github.com/code-423n4/2023-02-ethos/blob/73687f32b934c9d697b97745356cdf8a1f264955/Ethos-Core/contracts/LUSDToken.sol#L235-L240   # Vulnerability details  ## Impact  LUSD token can be transferred by anybody to anybody.   ## Proof of Concept  The `transferFrom` function is external and takes the sender and recipient addresses as parameters. There are no checks performed, however, to reassure that the sender of the message (`msg.sender`) is allowed to spend funds on behalf"
code4rena,2023-02-ethos,309,Attacker can prevent depositors from depositing,bug; 3 (High Risk); unsatisfactory,"Deposit, Vault","# Lines of code  https://github.com/code-423n4/2023-02-ethos/blob/main/Ethos-Vault/contracts/ReaperVaultV2.sol#L319   # Vulnerability details  ## Impact Attacker can prevent depositors from depositing on the Reaper Vault V2  ## Proof of Concept When users tries to deposit into the the Reaper Vault V2, they call the `deposit` function which it does call the internal `_deposit` function, the internal `_deposit` function have the following requirement `require(pool + _amount <= tvlCap, ""Vault is fu"
code4rena,2023-02-ethos,308,Unbounded Loop in _getPendingCollateralGain() could lead to griefing/DOS,bug; 3 (High Risk); unsatisfactory,"Collateral, Precision, DoS","# Lines of code  https://github.com/code-423n4/2023-02-ethos/blob/main/Ethos-Core/contracts/LQTY/LQTYStaking.sol#L203   # Vulnerability details  ## Impact Griefing/DOS attack is possible when the block gas limit is reached when _getPendingCollateralGain() is trying to read too many allowed collaterals and their properties (collateralConfig) from storage, which could cause excessive gas consumed and even transactions reverted when trying to get pending collateral gains of users. ## Proof of Conce"
code4rena,2023-02-ethos,307,updateRewardSum does not transfer collateral to Stability Pool which can cause loss of funds for depositors in Stability Pool,bug; 3 (High Risk); unsatisfactory,"Collateral, Deposit, Withdraw","# Lines of code  https://github.com/code-423n4/2023-02-ethos/blob/main/Ethos-Core/contracts/StabilityPool.sol#L486-L500 https://github.com/code-423n4/2023-02-ethos/blob/main/Ethos-Core/contracts/StabilityPool.sol#L466-L479 https://github.com/code-423n4/2023-02-ethos/blob/main/Ethos-Core/contracts/StabilityPool.sol#L607-L610   # Vulnerability details  ## Impact When offset is called, collateral is sent to stability pool in exchange for clearing LUSD debt. However, when active pool distributes yie"
code4rena,2023-02-ethos,306,error compensation uses the wrong precision which leads to negligible correction in _computeRewardsPerUnitStaked ,invalid; 3 (High Risk); withdrawn by warden,"Collateral, Deposit, Rounding","# Lines of code  https://github.com/code-423n4/2023-02-ethos/blob/main/Ethos-Core/contracts/StabilityPool.sol#L504-L544   # Vulnerability details  ## Impact In _computeRewardsPerUnitStaked, 1 is added to LUSDLossPerUnitStaked to ensure the error in any given compoundedLUSDDeposit favours the Stability Pool. However, 1e18 precision is multiplied beforehand and hence the 1 added will be negligible to compensate for the error.  ## Proof of Concept In `_computeRewardsPerUnitStaked`, notice the add 1"
code4rena,2023-02-ethos,305,StabilityPool's staking rewards accumulator lacks precision for assets with low decimals  ,bug; 3 (High Risk); primary issue; sponsor disputed; unsatisfactory,"Collateral, Deposit, Rounding","# Lines of code  https://github.com/code-423n4/2023-02-ethos/blob/73687f32b934c9d697b97745356cdf8a1f264955/Ethos-Core/contracts/StabilityPool.sol#L504-L544   # Vulnerability details  In _computeRewardsPerUnitStaked() the `collGainPerUnitStaked = collNumerator.div(_totalLUSDDeposits)` operation losses collateral reward gains due to rounding.  As an imaginary example for WBTC, which has 8 decimals, say WBTC is USD 100k, while it is `2 * 10^6` ERN staked, and currently there is no error, `lastColla"
code4rena,2023-02-ethos,304,Collateral amount accruing freezes funds due to losing precision,bug; 3 (High Risk); satisfactory; upgraded by judge; duplicate-285,"Collateral, Rounding, Precision","# Lines of code  https://github.com/code-423n4/2023-02-ethos/blob/73687f32b934c9d697b97745356cdf8a1f264955/Ethos-Core/contracts/LQTY/LQTYStaking.sol#L177-L185   # Vulnerability details  For 18 decimals case the `F_Collateral` approach of storing rewards per unit staked has enough precision, but for lower decimal assets, for example WBTC, such rounding starts being significant and leads to the substantial amount  of collateral fees being frozen.  As an example, let's say WBTC is USD 100k, while i"
code4rena,2023-02-ethos,299,Liquidation excludes the last trove,bug; 3 (High Risk); unsatisfactory; edited-by-warden; duplicate-769,"Liquidation, Collateral, Deposit","# Lines of code  https://github.com/code-423n4/2023-02-ethos/blob/73687f32b934c9d697b97745356cdf8a1f264955/Ethos-Core/contracts/TroveManager.sol#L372   # Vulnerability details  ## Impact According to discussion with the team, liquidations of the last Trove is prevented to mimic behavior of Liquity. It is expected that 1) the only ERN in circulation would be ERN belonging to that trove, and 2) there are no other troves to redistribute the debt to. However, this is not the case in Reserve. ERN can"
code4rena,2023-02-ethos,291,Incorrect usage of safeTransferFrom() traps _LQTYamount in sender address (msg.sender),bug; 3 (High Risk); unsatisfactory; edited-by-warden,"Collateral, Share Manipulation",# Lines of code  https://github.com/code-423n4/2023-02-ethos/blob/73687f32b934c9d697b97745356cdf8a1f264955/Ethos-Core/contracts/LQTY/LQTYStaking.sol#L128 https://github.com/code-423n4/2023-02-ethos/blob/73687f32b934c9d697b97745356cdf8a1f264955/Ethos-Core/contracts/Dependencies/SafeERC20.sol#L26-L28   # Vulnerability details  ## Impact  Caller(msg.sender) unable to stake their _LQTYamount to LQTYStaking contract. This LQTYStaking pool acts like  revenue-share pool. If unable to stake LQTYtokens t
code4rena,2023-02-ethos,288,User can lose up to whole stake on vault withdrawal when there are funds locked in the strategy,bug; 3 (High Risk); primary issue; satisfactory; selected for report; edited-by-warden; H-02,"Withdraw, Vault, Share Manipulation","# Lines of code  https://github.com/code-423n4/2023-02-ethos/blob/73687f32b934c9d697b97745356cdf8a1f264955/Ethos-Vault/contracts/ReaperVaultV2.sol#L399-L407   # Vulnerability details  ReaperVaultV2's `withdrawMaxLoss` isn't honoured when there are any locked funds in the strategy. Locked funds mean that there is a gap between requested and returned amount other than the loss reported. This is valid behavior of a strategy, but in this case realized loss is miscalculated in _withdraw() and a withd"
code4rena,2023-02-ethos,285,Rewards will be locked in LQTYStaking Contract,bug; 3 (High Risk); primary issue; satisfactory; selected for report; sponsor confirmed; edited-by-warden; H-03,"Collateral, Precision",# Lines of code  https://github.com/code-423n4/2023-02-ethos/blob/main/Ethos-Core/contracts/LQTY/LQTYStaking.sol#L181-L183 https://github.com/code-423n4/2023-02-ethos/blob/main/Ethos-Core/contracts/RedemptionHelper.sol#L191-L197 https://github.com/code-423n4/2023-02-ethos/blob/main/Ethos-Core/contracts/ActivePool.sol#L296-L300   # Vulnerability details  # Vulnerability details The state variable `F_Collateral` in the LQTYStaking contract is used to keep track of rewards for each of the collatera
code4rena,2023-02-ethos,284,LUSDtoken's permit function will always revert if at least one approval's signature was expired before utilizing it,bug; 3 (High Risk); unsatisfactory,Other,"# Lines of code  https://github.com/code-423n4/2023-02-ethos/blob/main/Ethos-Core/contracts/LUSDToken.sol#L282   # Vulnerability details  ## Impact  - **LUSDToken** has a `permit` function allowing approvals using off-chain signatures. The signed message includes a **nonce** to prevent a transaction replay and a **deadline** to set some validity period of the signature. Whenever, a signature is utilized, the nonce is increased to allow the owner to off-chain sign further approvals. However, in c"
code4rena,2023-02-ethos,281,Integer underflow in _rebalance might result in fund loss.,bug; 3 (High Risk); unsatisfactory,"Deposit, Withdraw","# Lines of code  https://github.com/code-423n4/2023-02-ethos/blob/d46ede81e35c1ed86242c9ba3c5c57d2ca2b57d8/Ethos-Core/contracts/ActivePool.sol#L277   # Vulnerability details  ## Impact An integer overflow is a type of vulnerability that has been around for a long time. Most computer languages use integers that can only go up to a certain value. For instance, it is possible for the sum of two extremely large integers to result in a very small number because of the underlying data type’s capacity "
code4rena,2023-02-ethos,280,Do not follow check-effect-interaction in ActivePool.sol,bug; 3 (High Risk); unsatisfactory,"Collateral, Reentrancy",# Lines of code  https://github.com/code-423n4/2023-02-ethos/blob/d46ede81e35c1ed86242c9ba3c5c57d2ca2b57d8/Ethos-Core/contracts/ActivePool.sol#L175 https://github.com/code-423n4/2023-02-ethos/blob/d46ede81e35c1ed86242c9ba3c5c57d2ca2b57d8/Ethos-Core/contracts/ActivePool.sol#L298 https://github.com/code-423n4/2023-02-ethos/blob/d46ede81e35c1ed86242c9ba3c5c57d2ca2b57d8/Ethos-Core/contracts/ActivePool.sol#L304   # Vulnerability details  ## Impact Failure to follow the CEI pattern can have significan
code4rena,2023-02-ethos,279,Do not follow check-effect-interaction in ReaperStrategyGranarySupplyOnly,bug; 3 (High Risk); unsatisfactory,"Liquidation, Withdraw, Vault","# Lines of code  https://github.com/code-423n4/2023-02-ethos/blob/main/Ethos-Vault/contracts/ReaperStrategyGranarySupplyOnly.sol#L91-L94   # Vulnerability details  ## Impact Failure to follow the CEI pattern can have significant impacts on the security and stability of a smart contract, potentially leading to reentrancy attacks, race conditions, unexpected behavior, and other vulnerabilities.  ## Proof of Concept https://github.com/code-423n4/2023-02-ethos/blob/main/Ethos-Vault/contracts/ReaperS"
code4rena,2023-02-ethos,278,Missing Access Control Check in Strategy Initialization,bug; 3 (High Risk); unsatisfactory,Vault,"# Lines of code  https://github.com/code-423n4/2023-02-ethos/blob/main/Ethos-Vault/contracts/ReaperStrategyGranarySupplyOnly.sol#L62-L72   # Vulnerability details  ## Impact Since initialize function is not protected by an access control modifier like onlyOwner, then anyone can call it or front run it and modify the contract state.  This could be a serious security issue because the initialize function is usually intended to be called only once during contract deployment and not afterwards. If a"
code4rena,2023-02-ethos,277, Do not follow check-effect-interaction in StabilityPool,bug; 3 (High Risk); unsatisfactory,"Liquidation, Collateral, Deposit","# Lines of code  https://github.com/code-423n4/2023-02-ethos/blob/d46ede81e35c1ed86242c9ba3c5c57d2ca2b57d8/Ethos-Core/contracts/StabilityPool.sol#L794-L798   # Vulnerability details  ## Impact Failure to follow the CEI pattern can have significant impacts on the security and stability of a smart contract, potentially leading to reentrancy attacks, race conditions, unexpected behavior, and other vulnerabilities.  ## Proof of Concept _sendLUSDToDepositor in withdrawFromSP  [https://github.com/code"
code4rena,2023-02-ethos,261,Possibility of reentrancy in stability pool fcns provideToSP() and withdrawFromSP(),invalid; 3 (High Risk); withdrawn by warden,"Collateral, Deposit, Withdraw",# Lines of code  https://github.com/code-423n4/2023-02-ethos/blob/73687f32b934c9d697b97745356cdf8a1f264955/Ethos-Core/contracts/StabilityPool.sol#L367 https://github.com/code-423n4/2023-02-ethos/blob/73687f32b934c9d697b97745356cdf8a1f264955/Ethos-Core/contracts/StabilityPool.sol#L323   # Vulnerability details  ## Impact Allows to drain `OATH token` via recursively calling provideToSP and withdrawFromSP if OATH token is  ERC777 (extension of ERC20).  ## Description Current implementations  of fun
code4rena,2023-02-ethos,238,Duplicate collateral allowlist can lead to incorrect accounting,bug; 3 (High Risk); unsatisfactory; edited-by-warden,"Collateral, Withdraw, Fund Drain","# Lines of code  https://github.com/code-423n4/2023-02-ethos/blob/73687f32b934c9d697b97745356cdf8a1f264955/Ethos-Core/contracts/CollateralConfig.sol#L46-L76 https://github.com/code-423n4/2023-02-ethos/blob/73687f32b934c9d697b97745356cdf8a1f264955/Ethos-Core/contracts/StabilityPool.sol#L638-L643   # Vulnerability details  ## Impact When CollateralConfig is deployed and `initialize()` subsequently called, a list of `_collaterals` addresses is provided as an allowlist. Consequentially, the list of "
code4rena,2023-02-ethos,236,Usage of an incorrect version of Ownbale library can potentially malfunction all onlyOwner functions,bug; 3 (High Risk); unsatisfactory,Collateral,"# Lines of code  https://github.com/code-423n4/2023-02-ethos/blob/main/Ethos-Core/contracts/CollateralConfig.sol#L46-L76   # Vulnerability details  ## Impact Based on the context in the code, the **'CollateralConfig.sol contract'** is designed to be deployed as an upgradeable proxy contract.  However, the current implementation is not using the upgradeable version of the **Ownable** library: @openzeppelin/contracts-upgradeable/access/OwnableUpgradeable.sol. A regular, non-upgradeable **Ownable**"
code4rena,2023-02-ethos,234,Wrong calculation for unissued OATH leads to LQTYGain loss.,bug; 3 (High Risk); primary issue; sponsor disputed; unsatisfactory; edited-by-warden,Deposit,"# Lines of code  https://github.com/code-423n4/2023-02-ethos/blob/main/Ethos-Core/contracts/LQTY/CommunityIssuance.sol#L108   # Vulnerability details  ## Impact  The function `fund` in `CommunityIssuance` will roll any unissued OATH into new distribution if the lastIssuanceTimestamp < lastDistributionTime. Then it will reset the lastIssuanceTimestamp and lastDistributionTime. Later when the user who kept his LUSD token to a new distribution decide to collect his gain, the function will update th"
code4rena,2023-02-ethos,232,Wrong calculation for unissued OATH leads to LQTYGain loss.,bug; 3 (High Risk); unsatisfactory,Withdraw,"# Lines of code  https://github.com/code-423n4/2023-02-ethos/blob/main/Ethos-Core/contracts/LQTY/CommunityIssuance.sol#L109   # Vulnerability details  ## Impact  The function `fund` in `CommunityIssuance` will roll any unissued OATH into new distribution if the lastIssuanceTimestamp < lastDistributionTime. However, the `notIssued` + the new fund amount will be assigned to the `amount` variable instead of the old `totalOATHIssued` .Since the `totalOATHIssued` got updated only when user calls `pro"
code4rena,2023-02-ethos,221,Reentrancy in withdrawFromSP,bug; 3 (High Risk); unsatisfactory,"Deposit, Withdraw",# Lines of code  https://github.com/code-423n4/2023-02-ethos/blob/73687f32b934c9d697b97745356cdf8a1f264955/Ethos-Core/contracts/StabilityPool.sol#L367 https://github.com/code-423n4/2023-02-ethos/blob/73687f32b934c9d697b97745356cdf8a1f264955/Ethos-Core/contracts/StabilityPool.sol#L840 https://github.com/code-423n4/2023-02-ethos/blob/73687f32b934c9d697b97745356cdf8a1f264955/Ethos-Core/contracts/StabilityPool.sol#L683 https://github.com/code-423n4/2023-02-ethos/blob/73687f32b934c9d697b97745356cdf8a
code4rena,2023-02-ethos,220,non-standard compliant tokens like USDT,bug; 3 (High Risk); unsatisfactory,Deposit,"# Lines of code  https://github.com/code-423n4/2023-02-ethos/blob/main/Ethos-Core/contracts/LQTY/CommunityIssuance.sol#L127 https://github.com/code-423n4/2023-02-ethos/blob/main/Ethos-Core/contracts/LQTY/LQTYStaking.sol#L135 https://github.com/code-423n4/2023-02-ethos/blob/main/Ethos-Core/contracts/LQTY/LQTYStaking.sol#L171   # Vulnerability details  ## Impact When using any non-standard compliant token like USDT, the function will revert. Deposits for these tokens are broken, which is bad as US"
code4rena,2023-02-ethos,219,CommunityIssuance.fund ERC20 return values not checked,bug; 3 (High Risk); unsatisfactory,Other,"# Lines of code  https://github.com/code-423n4/2023-02-ethos/blob/main/Ethos-Core/contracts/LQTY/CommunityIssuance.sol#L103   # Vulnerability details  ## Impact Tokens that don't correctly implement the latest EIP20 spec, like USDT, will be unusable in the protocol as they revert the transaction because of the missing return value. As there is a cToken with USDT as the underlying issue directly applies to the protocol.  ## Proof of Concept Some tokens (like USDT) don't correctly implement the EI"
code4rena,2023-02-ethos,218,Usage of an incorrect version of the Ownbale library can potentially malfunction all onlyOwner functions,bug; 3 (High Risk); unsatisfactory,Collateral,"# Lines of code  https://github.com/code-423n4/2023-02-ethos/blob/main/Ethos-Core/contracts/CollateralConfig.sol#L46-L50   # Vulnerability details  ## Impact the `Ownbale` library: `@openzeppelin/contracts/access/Ownable.sol` instead of the upgradeable version: `@openzeppelin/contracts-upgradeable/access/OwnableUpgradeable.sol`.  A regular, non-upgradeable `Ownbale` library will make the deployer the default owner in the constructor. Due to a requirement of the proxy-based upgradeability system,"
code4rena,2023-02-ethos,205,Fees collected by LQTYStaking contract while totalLQTYStaked is Zero will be locked.,bug; 3 (High Risk); primary issue; sponsor disputed; unsatisfactory; edited-by-warden,"Borrow Logic, Collateral, Share Manipulation","# Lines of code  https://github.com/code-423n4/2023-02-ethos/blob/main/Ethos-Core/contracts/LQTY/LQTYStaking.sol#L217-L221   # Vulnerability details  ## Impact  All fees that will be sent to LQTYStaking contract before users stake their LQTY/OATH token (or when totalLQTYStaked = 0) into the contract will be locked as there is no way to transfer the minted LUSD fees from LQTYStaking balance, and those fees will be stacked there and will not be transfered to stakers.  ## Proof of Concept  - LQTYSt"
code4rena,2023-02-ethos,201,Miscalculation in calculating the final percentage of pool money,invalid; 3 (High Risk); withdrawn by warden,"Borrow Logic, Collateral",# Lines of code  https://github.com/code-423n4/2023-02-ethos/blob/73687f32b934c9d697b97745356cdf8a1f264955/Ethos-Core/contracts/ActivePool.sol#L257 https://github.com/code-423n4/2023-02-ethos/blob/73687f32b934c9d697b97745356cdf8a1f264955/Ethos-Core/contracts/ActivePool.sol#L258 https://github.com/code-423n4/2023-02-ethos/blob/73687f32b934c9d697b97745356cdf8a1f264955/Ethos-Core/contracts/ActivePool.sol#L175 https://github.com/code-423n4/2023-02-ethos/blob/73687f32b934c9d697b97745356cdf8a1f264955/
code4rena,2023-02-ethos,195,Reentrancy in provideToSP,bug; 3 (High Risk); unsatisfactory,Deposit,# Lines of code  https://github.com/code-423n4/2023-02-ethos/blob/73687f32b934c9d697b97745356cdf8a1f264955/Ethos-Core/contracts/StabilityPool.sol#L323 https://github.com/code-423n4/2023-02-ethos/blob/73687f32b934c9d697b97745356cdf8a1f264955/Ethos-Core/contracts/StabilityPool.sol#L840 https://github.com/code-423n4/2023-02-ethos/blob/73687f32b934c9d697b97745356cdf8a1f264955/Ethos-Core/contracts/StabilityPool.sol#L683 https://github.com/code-423n4/2023-02-ethos/blob/73687f32b934c9d697b97745356cdf8a
code4rena,2023-02-ethos,192,User can get more rewards,bug; 3 (High Risk); unsatisfactory; edited-by-warden,"Liquidation, Borrow Logic, Collateral",# Lines of code  https://github.com/code-423n4/2023-02-ethos/blob/main/Ethos-Core/contracts/BorrowerOperations.sol#L172-L239 https://github.com/code-423n4/2023-02-ethos/blob/main/Ethos-Core/contracts/BorrowerOperations.sol#L375-L407 https://github.com/code-423n4/2023-02-ethos/blob/main/Ethos-Core/contracts/TroveManager.sol#L555-L576   # Vulnerability details  ## Impact Sandwich attack allows users to get more  rewards. The protocol  will lose funds.  ## Proof of Concept The function ```BorrowerO
code4rena,2023-02-ethos,188,Sandwich attack allows users to get more collateral gain,bug; 3 (High Risk); unsatisfactory; edited-by-warden,"Collateral, Deposit, Withdraw",# Lines of code  https://github.com/code-423n4/2023-02-ethos/blob/main/Ethos-Core/contracts/StabilityPool.sol#L323-L403 https://github.com/code-423n4/2023-02-ethos/blob/main/Ethos-Core/contracts/ActivePool.sol#L239-L309   # Vulnerability details  ## Impact Sandwich attack allows users to get more  collateral gain. The protocol  will lose funds.  ## Proof of Concept The function ```StabilityPool.provideToSP()``` allows user to stake LUSD token to get collateral gain. The function ```StabilityPool
code4rena,2023-02-ethos,187,"If a whale deposits and strategy makes a report, next time the whale withdraws the strategy will have inflated amounts of allocation and will have to repay debt.",invalid; 3 (High Risk); withdrawn by warden,"Deposit, Withdraw, Vault","# Lines of code  https://github.com/code-423n4/2023-02-ethos/blob/73687f32b934c9d697b97745356cdf8a1f264955/Ethos-Vault/contracts/ReaperVaultV2.sol#L246   # Vulnerability details  ## Impact Detailed description of the impact of this finding.  availableCapital() function calculates the current available capital using balance() of the ReaperVault contract. The problem is that when a whale or any user deposits  large or relatively large amounts, the available capital amount will be inflated and then"
code4rena,2023-02-ethos,183,The lack of a function to stop using of any asset in the protocol,invalid; 3 (High Risk); withdrawn by warden,"Borrow Logic, Collateral","# Lines of code  https://github.com/code-423n4/2023-02-ethos/blob/73687f32b934c9d697b97745356cdf8a1f264955/Ethos-Core/contracts/CollateralConfig.sol#L62   # Vulnerability details  ## Impact Currently, the protocol does not support tokens with fees. But what is the guarantee that in the future, stablecoins like USDC or DAI, or BUSD will not set fees on their transfers? USDT already has fees in other blockchains. It's quite probable that in one day one of the tokens will start charging fees.  ## P"
code4rena,2023-02-ethos,182,Sandwich attack allows users to get more rewards,bug; 3 (High Risk); unsatisfactory; edited-by-warden,"Collateral, Precision",# Lines of code  https://github.com/code-423n4/2023-02-ethos/blob/main/Ethos-Core/contracts/LQTY/LQTYStaking.sol#L104-L173 https://github.com/code-423n4/2023-02-ethos/blob/main/Ethos-Core/contracts/ActivePool.sol#L239-L309   # Vulnerability details  ## Impact Sandwich attack allows users to get more  collateral gain. The protocol  will lose funds.  ## Proof of Concept The function ```LQTYStaking.stake()``` allows user to stake LQTY token to get collateral gain. The function ```LQTYStaking.unstak
code4rena,2023-02-ethos,173,Unbounded loop in `_withdraw()` Can Lead To DoS,bug; 3 (High Risk); unsatisfactory; edited-by-warden,"Withdraw, Vault",# Lines of code  https://github.com/code-423n4/2023-02-ethos/blob/73687f32b934c9d697b97745356cdf8a1f264955/Ethos-Vault/contracts/ReaperVaultV2.sol#L372 https://github.com/code-423n4/2023-02-ethos/blob/73687f32b934c9d697b97745356cdf8a1f264955/Ethos-Vault/contracts/ReaperVaultV2.sol#L353-L355 https://github.com/code-423n4/2023-02-ethos/blob/main/Ethos-Vault/contracts/ReaperVaultV2.sol#L169 https://github.com/code-423n4/2023-02-ethos/blob/73687f32b934c9d697b97745356cdf8a1f264955/Ethos-Vault/contrac
code4rena,2023-02-ethos,165,_updateDepositAndSnapshots() does not delete S value for Snapshot,bug; 3 (High Risk); unsatisfactory,"Collateral, Deposit","# Lines of code  https://github.com/code-423n4/2023-02-ethos/blob/73687f32b934c9d697b97745356cdf8a1f264955/Ethos-Core/contracts/StabilityPool.sol#L811   # Vulnerability details  ## Impact Old `S` values will not be deleted  ## Proof of Concept StabilityPool's _updateDepositAndSnapshots() use `delete depositSnapshots[_depositor].S[collaterals[i]` to clear old S values for a particular collateral, but `S` is the nested mapping in the Snapshots structure and will not be reset this way as delete ope"
code4rena,2023-02-ethos,156,Unchecked return value for `safeTransferFrom` function in the `stake` function.,invalid; 3 (High Risk); withdrawn by warden,"Collateral, Withdraw",# Lines of code  https://github.com/code-423n4/2023-02-ethos/blob/main/Ethos-Core/contracts/LQTY/LQTYStaking.sol#L104-L138   # Vulnerability details  ## Description: In [LQTYStaking.sol](https://github.com/code-423n4/2023-02-ethos/blob/main/Ethos-Core/contracts/LQTY/LQTYStaking.sol) Contract there is `stake` function that uses `safeTransferFrom` function without checking its returned value.  ## Impact If the `safeTransferFrom` function in the `stake` function returns `false` for some reason like
code4rena,2023-02-ethos,150,Adjust position will revert when lending pool is paused,bug; 3 (High Risk); unsatisfactory,"Liquidation, Deposit, Vault",# Lines of code  https://github.com/code-423n4/2023-02-ethos/blob/main/Ethos-Vault/contracts/ReaperStrategyGranarySupplyOnly.sol#L176-L182   # Vulnerability details  ## Impact Adjust position will revert when lending pool is paused.  ## Proof of Concept ```solidity function harvest() external override returns (int256 roi) {         _atLeastRole(KEEPER);         int256 availableCapital = IVault(vault).availableCapital();         uint256 debt = 0;         if (availableCapital < 0) {             de
code4rena,2023-02-ethos,147,lockedProfitDegration is initialized with the wrong value which can lead to incorrect locked profit calculation,bug; 3 (High Risk); unsatisfactory; edited-by-warden,"Vault, Share Manipulation",# Lines of code  https://github.com/code-423n4/2023-02-ethos/blob/main/Ethos-Vault/contracts/ReaperVaultV2.sol#L125 https://github.com/code-423n4/2023-02-ethos/blob/main/Ethos-Vault/contracts/ReaperVaultV2.sol#L418-L425 https://github.com/code-423n4/2023-02-ethos/blob/main/Ethos-Vault/contracts/ReaperVaultV2.sol#L531-L538 https://github.com/code-423n4/2023-02-ethos/blob/main/Ethos-Vault/contracts/ReaperVaultERC4626.sol#L183-L186   # Vulnerability details  ## Impact lockedProfitDegration is meant
code4rena,2023-02-ethos,128,Open and adjust trove will revert when LUSD token is paused.,bug; 3 (High Risk); unsatisfactory,"Borrow Logic, Collateral, Withdraw","# Lines of code  https://github.com/code-423n4/2023-02-ethos/blob/main/Ethos-Core/contracts/BorrowerOperations.sol#L172-L373   # Vulnerability details  ## Impact open and adjust trove will revert when LUSD Token is paused.  ## Proof of Concept ```solidity BorrowerOperations.sol    function _triggerBorrowingFee(ITroveManager _troveManager, ILUSDToken _lusdToken, uint _LUSDAmount, uint _maxFeePercentage) internal returns (uint) {         _troveManager.decayBaseRateFromBorrowing(); // decay the bas"
code4rena,2023-02-ethos,125,Price feed could be used while being bad signal.,bug; 3 (High Risk); unsatisfactory; edited-by-warden,"Interest Rate, Borrow Logic",# Lines of code  https://github.com/code-423n4/2023-02-ethos/blob/main/Ethos-Core/contracts/BorrowerOperations.sol#L181 https://github.com/code-423n4/2023-02-ethos/blob/main/Ethos-Core/contracts/BorrowerOperations.sol#L289 https://github.com/code-423n4/2023-02-ethos/blob/main/Ethos-Core/contracts/BorrowerOperations.sol#L383 https://github.com/code-423n4/2023-02-ethos/blob/main/Ethos-Core/contracts/RedemptionHelper.sol#L118 https://github.com/code-423n4/2023-02-ethos/blob/main/Ethos-Core/contract
code4rena,2023-02-ethos,119,Incorrect calculation of LQTY gains. The attacker can repeatedly withdraw really small amounts of locked token and get a lot of gains.,invalid; 3 (High Risk); withdrawn by warden,"Deposit, Withdraw","# Lines of code  https://github.com/code-423n4/2023-02-ethos/blob/73687f32b934c9d697b97745356cdf8a1f264955/Ethos-Core/contracts/StabilityPool.sol#L684   # Vulnerability details  ## Impact Detailed description of the impact of this finding. The lqty gains are calculated incorrectly. Each time the user withdraws, the user's initialDeposit is taken. Now this is wrong, because, essentially, the attacker can keep getting lqty gains from the amount deposited by user.  The more the user locks up, the b"
code4rena,2023-02-ethos,116,SWC-107 Re-entrancy TroveManager.sol,invalid; 3 (High Risk); withdrawn by warden,Withdraw,# Lines of code  https://github.com/code-423n4/2023-02-ethos/blob/73687f32b934c9d697b97745356cdf8a1f264955/Ethos-Core/contracts/TroveManager.sol#L232-L295 https://github.com/code-423n4/2023-02-ethos/blob/73687f32b934c9d697b97745356cdf8a1f264955/Ethos-Core/contracts/TroveManager.sol#L310-L316 https://github.com/code-423n4/2023-02-ethos/blob/73687f32b934c9d697b97745356cdf8a1f264955/Ethos-Core/contracts/TroveManager.sol#L1397-L1423 https://github.com/code-423n4/2023-02-ethos/blob/73687f32b934c9d697
code4rena,2023-02-ethos,115,Missing slippage protection allows for profits to be stolen,bug; 3 (High Risk); unsatisfactory,"Deposit, Vault, Fund Theft",# Lines of code  https://github.com/code-423n4/2023-02-ethos/blob/73687f32b934c9d697b97745356cdf8a1f264955/Ethos-Vault/contracts/ReaperStrategyGranarySupplyOnly.sol#L114   # Vulnerability details  # Missing slippage protection allows for profits to be stolen  ### Summary [`ReaperStrategyGranarySupplyOnly`](https://github.com/code-423n4/2023-02-ethos/blob/main/Ethos-Vault/contracts/ReaperStrategyGranarySupplyOnly.sol) features swapping additional reward tokens to the `want` token on Velodrome. Du
code4rena,2023-02-ethos,114,Trove active status not set properly,bug; 3 (High Risk); unsatisfactory; edited-by-warden,"Borrow Logic, Collateral","# Lines of code  https://github.com/code-423n4/2023-02-ethos/blob/73687f32b934c9d697b97745356cdf8a1f264955/Ethos-Core/contracts/BorrowerOperations.sol#L175   # Vulnerability details  ## Impact Trove active status not set properly  ## Proof of Concept https://github.com/code-423n4/2023-02-ethos/blob/73687f32b934c9d697b97745356cdf8a1f264955/Ethos-Core/contracts/BorrowerOperations.sol#L175 - here contractsCache is pointed to be at memory location, after that on this line - https://github.com/code-4"
code4rena,2023-02-ethos,111,Stakers from the LQTYStaking contract can lose collateral fees when the collateral tokens have small decimals,bug; 3 (High Risk); satisfactory; upgraded by judge; edited-by-warden; duplicate-285,"Collateral, Precision",# Lines of code  https://github.com/code-423n4/2023-02-ethos/blob/main/Ethos-Core/contracts/LQTY/LQTYStaking.sol#L181   # Vulnerability details  ## Impact  The function [increaseF_Collateral](https://github.com/code-423n4/2023-02-ethos/blob/main/Ethos-Core/contracts/LQTY/LQTYStaking.sol#L177) at the LQTYStaking.sol contract is meant to be called by other contracts on the system to distribute redemption fees for a given collateral to the Oath/WETH lp stakers. This is achieved by incrementing the 
code4rena,2023-02-ethos,99,MAX_PRICE_DEVIATION_FROM_PREVIOUS_ROUND is 50% which can allow some illegitimate prices to pass without checking with Tellor,bug; 3 (High Risk); unsatisfactory,"Oracle, Precision",# Lines of code  https://github.com/code-423n4/2023-02-ethos/blob/main/Ethos-Core/contracts/PriceFeed.sol#L46-L47 https://github.com/code-423n4/2023-02-ethos/blob/main/Ethos-Core/contracts/PriceFeed.sol#L428-L444 https://github.com/code-423n4/2023-02-ethos/blob/main/Ethos-Core/contracts/PriceFeed.sol#L236-L272   # Vulnerability details  ## Impact `MAX_PRICE_DEVIATION_FROM_PREVIOUS_ROUND` is used to determine whether a price check with Tellor is required in the event Chainlink has a large price d
code4rena,2023-02-ethos,93,SWC-107 Re-entrancy ActivePool.sol,invalid; 3 (High Risk); withdrawn by warden,"Borrow Logic, Collateral, Withdraw",# Lines of code  https://github.com/code-423n4/2023-02-ethos/blob/73687f32b934c9d697b97745356cdf8a1f264955/Ethos-Core/contracts/ActivePool.sol#L71-L123 https://github.com/code-423n4/2023-02-ethos/blob/73687f32b934c9d697b97745356cdf8a1f264955/Ethos-Core/contracts/ActivePool.sol#L214-L217   # Vulnerability details  ## Impact ``` File: Ethos-Core/contracts/ActivePool.sol  Description: SWC-107 Re-entrancy ActivePool.sol.  I built a function called attack in an attacker contract that was deployed to 
code4rena,2023-02-ethos,92,"If the user deposited at a scale larger than the current one, which is possible because currentScale is refreshed once the pool is emptied, the tx reverts.",invalid; 3 (High Risk); withdrawn by warden,"Liquidation, Deposit, Withdraw","# Lines of code  https://github.com/code-423n4/2023-02-ethos/blob/73687f32b934c9d697b97745356cdf8a1f264955/Ethos-Core/contracts/StabilityPool.sol#L745   # Vulnerability details  ## Impact Detailed description of the impact of this finding.  The user that wishes to withdraw, and has deposited the funds when the scale wasn't reset, can't withdraw, because the tx reverts. It reverts, because the code assumes that the currentScale is always going to be bigger than snapshot scale, which is just untru"
code4rena,2023-02-ethos,84,"In ActivePool.sol, in the setYieldDistributionParams(...) function, the sum of _treasurySplit, _SPSplit and _stakingSplit can overflow and thus the real sum of the three will no longer equal 10_000",bug; 3 (High Risk); unsatisfactory,Other,"# Lines of code  https://github.com/code-423n4/2023-02-ethos/blob/main/Ethos-Core/contracts/ActivePool.sol#L145   # Vulnerability details  ## Impact In `ActivePool.sol`, in the `setYieldDistributionParams(...)` function, the sum of `_treasurySplit`, `_SPSplit` and `_stakingSplit` can overflow and thus the sum of the three will no longer equal `10_000`. This means that the owner of the active pool can maliciously use this to allocate more assets than intended. What's more, the transaction can ove"
code4rena,2023-02-ethos,78,Withdrawal of funds using one single call to a combination of functions in CommunityIssuance.sol,bug; 3 (High Risk); unsatisfactory; edited-by-warden,Withdraw,# Lines of code  https://github.com/code-423n4/2023-02-ethos/blob/73687f32b934c9d697b97745356cdf8a1f264955/Ethos-Core/contracts/LQTY/CommunityIssuance.sol#L101-L117   # Vulnerability details  ## Impact ``` File: Ethos-Core/contracts/LQTY/CommunityIssuance.sol  Description: Withdrawal of funds using one single call to a combination of functions in CommunityIssuance.sol.  I built a function called attack in an attacker contract that was deployed to a TestCommunityIssuance.sol contract in a local e
code4rena,2023-02-ethos,76,A user might lose funds during withdrawl ,bug; 3 (High Risk); satisfactory; edited-by-warden; duplicate-288,"Withdraw, Vault, Share Manipulation","# Lines of code  https://github.com/code-423n4/2023-02-ethos/blob/73687f32b934c9d697b97745356cdf8a1f264955/Ethos-Vault/contracts/ReaperVaultV2.sol#L359-L412   # Vulnerability details  ## Impact Detailed description of the impact of this finding. When a user calls ``_withdraw()`` (via ``withdraw()`` or ``redeem()``) to withdraw assets, the user might lose funds due to the adjustment of ``value`` at L400-L402.   ## Proof of Concept Provide direct links to all referenced code in GitHub. Add screens"
code4rena,2023-02-ethos,75,"A malicious user can steal all LUSD in the zero address, if any is there. ",bug; 3 (High Risk); unsatisfactory,Fund Theft,"# Lines of code  https://github.com/code-423n4/2023-02-ethos/blob/73687f32b934c9d697b97745356cdf8a1f264955/Ethos-Core/contracts/LUSDToken.sol#L262-L294   # Vulnerability details  ## Impact Detailed description of the impact of this finding. If for some reason, some community users burn their LUSD to the zero address, a malicious user will be able to exploit the vulnerability in ``permit()`` to steal all LUSD from the zero address.   ## Proof of Concept Provide direct links to all referenced code"
code4rena,2023-02-ethos,67,_updateRewardSumAndProduct() fails to reset/scale up offset errors,bug; 3 (High Risk); primary issue; sponsor disputed; unsatisfactory; edited-by-warden,"Liquidation, Collateral, Deposit","# Lines of code  https://github.com/code-423n4/2023-02-ethos/blob/73687f32b934c9d697b97745356cdf8a1f264955/Ethos-Core/contracts/StabilityPool.sol#L547-L595   # Vulnerability details  ## Impact Detailed description of the impact of this finding. The ``_updateRewardSumAndProduct()`` function mishandles the offset errors, ``lastLQTYError``  ``lastCollateralError_Offset``, ``lastLUSDLossError_Offset`` at two critical events.    1) When the StabilityPool is emptied, they all need to set to zero so th"
code4rena,2023-02-ethos,65,Incorrect implementation for transferFrom in LUSDToken.sol,invalid; 3 (High Risk); withdrawn by warden,Other,"# Lines of code  https://github.com/code-423n4/2023-02-ethos/blob/main/Ethos-Core/contracts/LUSDToken.sol#L237   # Vulnerability details  ## Impact  `_approve` function should be called before `_transfer`, the `transferFrom` on LUSDToken.sol calls these functions in the reverse order. With the current implementation, a user can call transferFrom with the victim address and transfer all user's token to his address. There is on check for `allowed[owner][msg.sender]` happens.   ## Proof of Concept "
code4rena,2023-02-ethos,62,Withdrawal of funds using one single call to a combination of functions in LUSDToken.sol,bug; 3 (High Risk); unsatisfactory; edited-by-warden,Withdraw,# Lines of code  https://github.com/code-423n4/2023-02-ethos/blob/73687f32b934c9d697b97745356cdf8a1f264955/Ethos-Core/contracts/LUSDToken.sol#L185-L189 https://github.com/code-423n4/2023-02-ethos/blob/73687f32b934c9d697b97745356cdf8a1f264955/Ethos-Core/contracts/LUSDToken.sol#L220-L224 https://github.com/code-423n4/2023-02-ethos/blob/73687f32b934c9d697b97745356cdf8a1f264955/Ethos-Core/contracts/LUSDToken.sol#L235-L240   # Vulnerability details  ## Impact ``` File: Ethos-Core/contracts/LUSDToken.
code4rena,2023-02-ethos,61,Decimal issue in ``_getSingularCollateralGain()`` ,invalid; 3 (High Risk); withdrawn by warden,"Collateral, Deposit, Precision","# Lines of code  https://github.com/code-423n4/2023-02-ethos/blob/73687f32b934c9d697b97745356cdf8a1f264955/Ethos-Core/contracts/StabilityPool.sol#L657-L675   # Vulnerability details  ## Impact Detailed description of the impact of this finding. ``_getSingularCollateralGain()`` has a decimal issue, the return value is  scaled to 1/e18 of what it should be. Similar decimal issue also occurs for [_getLQTYGainFromSnapshots at L707](https://github.com/code-423n4/2023-02-ethos/blob/73687f32b934c9d697b"
code4rena,2023-02-ethos,60,Users providing to stability pool will lose their funds if they want add some tokens on top.,invalid; 3 (High Risk); withdrawn by warden,Withdraw,"# Lines of code  https://github.com/code-423n4/2023-02-ethos/blob/73687f32b934c9d697b97745356cdf8a1f264955/Ethos-Core/contracts/StabilityPool.sol#L804   # Vulnerability details  ## Impact Detailed description of the impact of this finding.  Any user that wishes to provide to the stability pool on top of their current position will lose all their funds, and they won't be counted in the contract.  ## Proof of Concept Provide direct links to all referenced code in GitHub. Add screenshots, logs, or "
code4rena,2023-02-ethos,57,Users providing to stability pool will lose their funds if they want add some tokens on top.,invalid; 3 (High Risk); withdrawn by warden,Withdraw,"# Lines of code  https://github.com/code-423n4/2023-02-ethos/blob/73687f32b934c9d697b97745356cdf8a1f264955/Ethos-Core/contracts/StabilityPool.sol#L804   # Vulnerability details  ## Impact Detailed description of the impact of this finding.  Any user that wishes to provide to the stability pool on top of their current position will lose all their funds, and they won't be counted in the contract.  ## Proof of Concept Provide direct links to all referenced code in GitHub. Add screenshots, logs, or "
code4rena,2023-02-ethos,50,transferFrom result is not checked Instances,bug; 3 (High Risk); unsatisfactory,Other,"# Lines of code  https://github.com/code-423n4/2023-02-ethos/blob/main/Ethos-Core/contracts/LQTY/CommunityIssuance.sol#L103   # Vulnerability details  ## Impact Upon successful completion, the transferFrom method returns a boolean value. To determine whether the transfer was successful, this metric must be examined.  If the transfer fails, certain tokens return false rather than reverting. Even when a token returns false and doesn't really complete the transfer, it is still considered a successf"
code4rena,2023-02-ethos,49,Transfer result in the contract is not checked,bug; 3 (High Risk); unsatisfactory; edited-by-warden,Other,# Lines of code  https://github.com/code-423n4/2023-02-ethos/blob/main/Ethos-Core/contracts/LQTY/CommunityIssuance.sol#L127 https://github.com/code-423n4/2023-02-ethos/blob/main/Ethos-Core/contracts/LQTY/LQTYStaking.sol#L135 https://github.com/code-423n4/2023-02-ethos/blob/main/Ethos-Core/contracts/LQTY/LQTYStaking.sol#L171   # Vulnerability details  ## Impact Contract fails to check the result of `transfer` function. This function needs to be always checked since it may lead to unexpected resul
code4rena,2023-02-ethos,38,Tokens with fees on transfer will cause mistakes in registering the new balance and the loss of users' funds,invalid; 3 (High Risk); withdrawn by warden,"Borrow Logic, Collateral",# Lines of code  https://github.com/code-423n4/2023-02-ethos/blob/73687f32b934c9d697b97745356cdf8a1f264955/Ethos-Core/contracts/BorrowerOperations.sol#L231 https://github.com/code-423n4/2023-02-ethos/blob/73687f32b934c9d697b97745356cdf8a1f264955/Ethos-Core/contracts/BorrowerOperations.sol#L232 https://github.com/code-423n4/2023-02-ethos/blob/73687f32b934c9d697b97745356cdf8a1f264955/Ethos-Core/contracts/ActivePool.sol#L210 https://github.com/code-423n4/2023-02-ethos/blob/73687f32b934c9d697b977453
code4rena,2023-02-ethos,37,Integer Arithmetic Bugs,bug; 3 (High Risk); unsatisfactory,Other,"# Lines of code  https://github.com/code-423n4/2023-02-ethos/blob/73687f32b934c9d697b97745356cdf8a1f264955/Ethos-Core/contracts/ActivePool.sol#L145   # Vulnerability details  ==== Integer Arithmetic Bugs ====  SWC ID: 101  Severity: High  Contract: ActivePool  Function name: setYieldDistributionParams(uint256,uint256,uint256)  PC address: 4176  Estimated Gas Usage: 17171 - 78323  The arithmetic operator can overflow.  It is possible to cause an integer overflow or underflow in the arithmetic ope"
code4rena,2023-02-ethos,24,SWC-105 Unprotected Ether Withdrawal in _withdraw() function ReaperVaultV2.sol,invalid; 3 (High Risk); withdrawn by warden,"Withdraw, Vault, Share Manipulation",# Lines of code  https://github.com/code-423n4/2023-02-ethos/blob/73687f32b934c9d697b97745356cdf8a1f264955/Ethos-Vault/contracts/ReaperVaultV2.sol#L359-L412   # Vulnerability details  ## Impact ``` File: Ethos-Vault/contracts/ReaperVaultV2.sol URL: https://github.com/code-423n4/2023-02-ethos/blob/73687f32b934c9d697b97745356cdf8a1f264955/Ethos-Vault/contracts/ReaperVaultV2.sol#L359-L412  Description: SWC-105 Unprotected Ether Withdrawal Function in question: _withdraw() Due to missing or insuffic
code4rena,2023-02-ethos,22,"LQTY ISSUANCE WON'T BE TRIGGERED, therefore LQTY gains won't be paid out as there is none.",invalid; 3 (High Risk); withdrawn by warden,"Deposit, Withdraw, Share Manipulation",# Lines of code  https://github.com/code-423n4/2023-02-ethos/blob/73687f32b934c9d697b97745356cdf8a1f264955/Ethos-Core/contracts/StabilityPool.sol#L374 https://github.com/code-423n4/2023-02-ethos/blob/73687f32b934c9d697b97745356cdf8a1f264955/Ethos-Core/contracts/StabilityPool.sol#L330 https://github.com/code-423n4/2023-02-ethos/blob/73687f32b934c9d697b97745356cdf8a1f264955/Ethos-Core/contracts/StabilityPool.sol#L416-L419 https://github.com/code-423n4/2023-02-ethos/blob/73687f32b934c9d697b97745356
code4rena,2023-02-ethos,6,"SWC-105 Unprotected Ether Withdrawal roundUpDiv(uint256 x, uint256 y) ReaperVaultERC4626.sol",invalid; 3 (High Risk); withdrawn by warden,"Withdraw, Vault","# Lines of code  https://github.com/code-423n4/2023-02-ethos/blob/73687f32b934c9d697b97745356cdf8a1f264955/Ethos-Vault/contracts/ReaperVaultERC4626.sol#L269-L275   # Vulnerability details  ## Impact ``` I can withdraw money from the contract as and when I want using the function roundUpDiv(uint256 x, uint256 y) from attacker contract.   It also costs the victim contract gas.  Theft of gas.  File: Ethos-Vault/contracts/ReaperVaultERC4626.sol URL: https://github.com/code-423n4/2023-02-ethos/blob/7"
code4rena,2023-05-venus,570,Upgraded Q -> 3 from #240 [1686228527253],3 (High Risk); satisfactory; duplicate-320,Other,Judge has assessed an item in Issue #240 as 3 risk. The relevant finding follows:   L-01
code4rena,2023-05-venus,562,Borrower can redeem there collateral without repaying debt completely,bug; 3 (High Risk); sponsor disputed; unsatisfactory,"Liquidation, Borrow Logic, Collateral",# Lines of code  https://github.com/code-423n4/2023-05-venus/blob/main/contracts/VToken.sol#L213 https://github.com/code-423n4/2023-05-venus/blob/main/contracts/Comptroller.sol#L1304   # Vulnerability details   ## Impact  A borrower can redeem token in a pool though it has been used as a collateral in another pool without repaying the debt. Borrower can redeem the token as underlying asset even if his/her loan position is in the situation of liquidation.  ## Proof of Concept Let there be three p
code4rena,2023-05-venus,559,Wrong blocksPerYear calculation in WhitePaperInterestRateModel.sol,bug; 3 (High Risk); satisfactory; sponsor confirmed; upgraded by judge; edited-by-warden; duplicate-320,Interest Rate,"# Lines of code  https://github.com/code-423n4/2023-05-venus/blob/8be784ed9752b80e6f1b8b781e2e6251748d0d7e/contracts/WhitePaperInterestRateModel.sol#L17   # Vulnerability details  ## Impact In WhitePaperInterestRateModel.sol,   ```solidity File: contracts/WhitePaperInterestRateModel.sol  17   uint256 public constant blocksPerYear = 2102400; ```  There is wrong calculation of blocksPerYear and blocksPerYear is the approximate number of blocks per year that is assumed by the interest rate model.  "
code4rena,2023-05-venus,552,Inadequate checks for comptroller in `PoolRegistry#addMarket` allows malicious comptrollers to be added,bug; 3 (High Risk); unsatisfactory,Other,"# Lines of code  https://github.com/code-423n4/2023-05-venus/blob/main/contracts/Pool/PoolRegistry.sol#L255-L327   # Vulnerability details  ## Impact Malicious comptrollers will be available in the protocol  ## Proof of Concept The `addMarket` function only checks that the `input.comptroller` is not the 0 address, but does not check if the comptroller was actually created by the `PoolRegistry` contract. A malicious actor who has been given the `""addMarket(AddMarketInput)""` role could create a co"
code4rena,2023-05-venus,551,Incorrectly calculation of the total tokens to be seized because of the difference on the scale of magnitude for the prices of the underlying assets,bug; 3 (High Risk); sponsor disputed; unsatisfactory,"Oracle, Borrow Logic, Collateral",# Lines of code  https://github.com/code-423n4/2023-05-venus/blob/main/contracts/Comptroller.sol#L1084-L1112   # Vulnerability details  ## Impact The total number of tokens to be seized could be wrongly calculated if the underlying assets of `vTokenBorrowed` & `vTokenCollateral` have a different decimals.  ## Proof of Concept The price returned by the [`ChainlinkOracle` contract of the Venus Protocol](https://github.com/VenusProtocol/oracle/blob/develop/contracts/oracles/ChainlinkOracle.sol#L147
code4rena,2023-05-venus,528,[H1] Incorrect constant set at `WhitePaperInterestRateModel`,bug; 3 (High Risk); satisfactory; upgraded by judge; duplicate-320,Interest Rate,"# Lines of code  https://github.com/code-423n4/2023-05-venus/blob/8be784ed9752b80e6f1b8b781e2e6251748d0d7e/contracts/WhitePaperInterestRateModel.sol#L17   # Vulnerability details  ##  Impact  Incorrect calculation of critical parameters like `baseRatePerBlock`.  ## Proof of Concept  The constant `blocksPerYear` is incorrectly set      uint256 public constant blocksPerYear = 2102400; // @audit 15 seconds per block  However, for Binance Smart Chain the blocks are being produced every 3 seconds.  #"
code4rena,2023-05-venus,527,Wrong WhitePaperInterestRateModel block per year calculations incur losses for users and the protocol,bug; 3 (High Risk); satisfactory; upgraded by judge; duplicate-320,"Interest Rate, Borrow Logic","# Lines of code  https://github.com/code-423n4/2023-05-venus/blob/main/contracts/BaseJumpRateModelV2.sol#L23 https://github.com/code-423n4/2023-05-venus/blob/main/contracts/WhitePaperInterestRateModel.sol#L17   # Vulnerability details  ## Vulnerability Details  Blocks per year calculations in `WhitePaperInterestRateModel`  improperly assume 15 seconds block time, while on Binance Smart Chain it’s ~3 seconds. This has grave consequences, because it is used in calculating borrower’s interest rate "
code4rena,2023-05-venus,511,A user asset cannot be seized if the supplied market's collateral to seize(vTokenCollateral)is different than the pool(seizerContract) where the liquidateBorrow function is called.,bug; 3 (High Risk); sponsor disputed; unsatisfactory,"Liquidation, Borrow Logic, Collateral",# Lines of code  https://github.com/code-423n4/2023-05-venus/blob/main/contracts/VToken.sol#L292 https://github.com/code-423n4/2023-05-venus/blob/main/contracts/VToken.sol#L1018-L1086 https://github.com/code-423n4/2023-05-venus/blob/main/contracts/VToken.sol#L1081 https://github.com/code-423n4/2023-05-venus/blob/main/contracts/VToken.sol#L1104 https://github.com/code-423n4/2023-05-venus/blob/main/contracts/Comptroller.sol#L513   # Vulnerability details  ## Impact  A user asset cannot be seized i
code4rena,2023-05-venus,482,the `blocksPerYear` for the `WhitePaperInterestRateModel`  is set incorrectly,bug; 3 (High Risk); satisfactory; upgraded by judge; duplicate-320,Interest Rate,"# Lines of code  https://github.com/code-423n4/2023-05-venus/blob/8be784ed9752b80e6f1b8b781e2e6251748d0d7e/contracts/WhitePaperInterestRateModel.sol#L17   # Vulnerability details  ## Impact the `blocksPerYear` is set to `2102400` in the `WhitePaperInterestRateModel` this should be equal to number of blocks per year that is assumed by the interest rate model, but the number of block is set incorrectly and it's not equal to block per year.  ## Proof of Concept in the contract `WhitePaperInterestRa"
code4rena,2023-05-venus,457,`Shortfall.sol#updateNextBidderBlockLimit` may cause the current auction to end immediately,bug; 3 (High Risk); unsatisfactory,Other,"# Lines of code   https://github.com/code-423n4/2023-05-venus/blob/main/contracts/Shortfall/Shortfall.sol#L293-L299   # Vulnerability details  ## Impact  ```solidity File: Shortfall.sol 293     function updateNextBidderBlockLimit(uint256 _nextBidderBlockLimit) external { 294         _checkAccessAllowed(""updateNextBidderBlockLimit(uint256)""); 295         require(_nextBidderBlockLimit != 0, ""_nextBidderBlockLimit must not be 0""); 296         uint256 oldNextBidderBlockLimit = nextBidderBlockLimit; "
code4rena,2023-05-venus,456,`Shortfall.sol#initialize`'s `waitForFirstBidder` and `nextBidderBlockLimit` too short,bug; 3 (High Risk); unsatisfactory,Other,# Lines of code  https://github.com/code-423n4/2023-05-venus/blob/main/contracts/Shortfall/Shortfall.sol#L147-L148   # Vulnerability details  ## Impact  ```solidity File: Shortfall.sol 147         waitForFirstBidder = 100; 148         nextBidderBlockLimit = 10; ```  Binance Smart Chain has a block time of around 3 seconds. This could lead to an attacker blocking other bids to bid for the token at a low price.  ## Proof of Concept  ## Tools Used  manual  ## Recommended Mitigation Steps  use a lar
code4rena,2023-05-venus,455,`Shortfall.sol#placeBid` does not limit the bid spread,bug; 3 (High Risk); unsatisfactory; duplicate-513,DoS,# Lines of code  https://github.com/code-423n4/2023-05-venus/blob/main/contracts/Shortfall/Shortfall.sol#L158   # Vulnerability details  ## Impact  `Shortfall.sol#placeBid` does not limit the bid spread. The attacker can increase the price by a small amount each time causing the auction to never stop.  ## Proof of Concept  ## Tools Used  manual  ## Recommended Mitigation Steps  limit the bid spread   ## Assessed type  DoS
code4rena,2023-05-venus,451,Comptroller.sol#healAccount did not call `updateRewardTokenBorrowIndex` to update the reward,bug; 3 (High Risk); unsatisfactory,Borrow Logic,# Lines of code  https://github.com/code-423n4/2023-05-venus/blob/main/contracts/Comptroller.sol#L578   # Vulnerability details  ## Impact  healAccount should call `updateRewardTokenBorrowIndex` to calculate the reward before affecting the debt value.  ## Proof of Concept  ## Tools Used  manual  ## Recommended Mitigation Steps  call `updateRewardTokenBorrowIndex` before heal account.   ## Assessed type  Other
code4rena,2023-05-venus,450,`Comptroller.sol#liquidateCalculateSeizeTokens` assumes the same precision for `vTokenBorrowed` and `vTokenCollateral`,bug; 3 (High Risk); unsatisfactory,"Liquidation, Borrow Logic, Collateral",# Lines of code  https://github.com/code-423n4/2023-05-venus/blob/main/contracts/Comptroller.sol#L1099-L1109   # Vulnerability details  ## Impact  ```solidity File: Comptroller.sol 1099         uint256 exchangeRateMantissa = VToken(vTokenCollateral).exchangeRateStored(); // Note: reverts on error 1100         uint256 seizeTokens; 1101         Exp memory numerator; 1102         Exp memory denominator; 1103         Exp memory ratio; 1104 1105         numerator = mul_(Exp({ mantissa: liquidationInc
code4rena,2023-05-venus,448,`Comptroller.sol#_getHypotheticalLiquiditySnapshot` assumes that all UnderlyingTokens have the same precision,bug; 3 (High Risk); unsatisfactory,"Liquidation, Oracle, Collateral","# Lines of code  https://github.com/code-423n4/2023-05-venus/blob/main/contracts/Comptroller.sol#L1331   # Vulnerability details  ## Impact  ```solidity File: Comptroller.sol 1316             // Get the normalized price of the asset 1317             Exp memory oraclePrice = Exp({ mantissa: _safeGetUnderlyingPrice(asset) }); 1318 1319             // Pre-compute conversion factors from vTokens -> usd 1320             Exp memory vTokenPrice = mul_(Exp({ mantissa: exchangeRateMantissa }), oraclePric"
code4rena,2023-05-venus,447,mint and burn can be attacked by sandwiches,bug; 3 (High Risk); unsatisfactory,Other,"# Lines of code  https://github.com/code-423n4/2023-05-venus/blob/main/contracts/VToken.sol#L180   # Vulnerability details  ## Impact  The rewards of mint and burn are calculated based on the ratio of uToken(including debt) and vToken, so it can be sandwiched by attackers.  ## Proof of Concept  ## Tools Used  manual  ## Recommended Mitigation Steps  It is recommended to add the minimum receiving quantity to mint and burn   ## Assessed type  Other"
code4rena,2023-05-venus,446,`totalBorrows` inflates faster than the sum of each position's debt,bug; 3 (High Risk); unsatisfactory,"Interest Rate, Borrow Logic","# Lines of code  https://github.com/code-423n4/2023-05-venus/blob/main/contracts/VToken.sol#L712   # Vulnerability details  ## Impact  ```solidity File: VToken.sol  678     function accrueInterest() public virtual override returns (uint256) { --skip--  710         Exp memory simpleInterestFactor = mul_(Exp({ mantissa: borrowRateMantissa }), blockDelta);  711         uint256 interestAccumulated = mul_ScalarTruncate(simpleInterestFactor, borrowsPrior);  712         uint256 totalBorrowsNew = intere"
code4rena,2023-05-venus,442,"Every time borrow, the interest is treated as a loan to calculate the interest",bug; 3 (High Risk); unsatisfactory,"Interest Rate, Borrow Logic","# Lines of code  https://github.com/code-423n4/2023-05-venus/blob/main/contracts/VToken.sol#L896-L897   # Vulnerability details  ## Impact  ```solidity File: VToken.sol  896         uint256 accountBorrowsPrev = _borrowBalanceStored(borrower);  897         uint256 accountBorrowsNew = accountBorrowsPrev + borrowAmount; ```  After each loan, the original interest will be converted into the loan amount. This can cause interest to increase more than expected, especially if the rate is very large.  ##"
code4rena,2023-05-venus,439,Loans can be rolled an unlimited number of times,bug; 3 (High Risk); unsatisfactory,Borrow Logic,"# Lines of code  https://github.com/code-423n4/2023-05-venus/blob/main/contracts/Comptroller.sol#L324   # Vulnerability details  ## Impact  Loans can be rolled an unlimited number of times, without letting the lender decide if has been done too many times already  ## Proof of Concept  It will cause the totalBorrow of the contract to increase infinitely, affecting the exchangeRate.  ## Tools Used  manual  ## Recommended Mitigation Steps  limit rollover    ## Assessed type  Invalid Validation"
code4rena,2023-05-venus,438,`preBorrowHook` and `preRepayHook` can call `updateRewardTokenBorrowIndex` with old borrowIndex,bug; 3 (High Risk); unsatisfactory,"Interest Rate, Borrow Logic","# Lines of code  https://github.com/code-423n4/2023-05-venus/blob/main/contracts/Comptroller.sol#L377   # Vulnerability details  ## Impact  Under normal circumstances, the user calls `VToken.borrow`, further calls `accrueInterest` to update borrowIndex, and then calls `preBorrowHook` to trigger `updateRewardTokenBorrowIndex`.  But since `preBorrowHook` is an externl function, an attacker can directly call `updateRewardTokenBorrowIndex` without updating `borrowIndex`. Using the old `borrowIndex` "
code4rena,2023-05-venus,435,"When `borrowRateMantissa` is higher than the limit value, VToken contract will be DOS",bug; 3 (High Risk); unsatisfactory,"Liquidation, Interest Rate, Borrow Logic","# Lines of code  https://github.com/code-423n4/2023-05-venus/blob/main/contracts/VToken.sol#L696   # Vulnerability details  ## Impact  ```solidity File: VToken.sol  678     function accrueInterest() public virtual override returns (uint256) { --skip--  695         uint256 borrowRateMantissa = interestRateModel.getBorrowRate(cashPrior, borrowsPrior, reservesPrior);  696 >>      require(borrowRateMantissa <= borrowRateMaxMantissa, ""borrow rate is absurdly high""); ```  `accrueInterest` function wil"
code4rena,2023-05-venus,434,Wrong use of the `deadline` for the `swapExactTokensForTokens` function,bug; 3 (High Risk); unsatisfactory,Other,"# Lines of code  https://github.com/code-423n4/2023-05-venus/blob/main/contracts/RiskFund/RiskFund.sol#L265   # Vulnerability details  ## Impact  `deadline`: Unix timestamp after which the transaction will revert. ([uniswap api docs](https://docs.uniswap.org/contracts/v2/reference/smart-contracts/router-02#swapexacttokensfortokens)).  Venus sets the `deadline` to `block.timestamp`, then the transaction will never revert.  ## Proof of Concept  Transactions may be blocked resulting in transactions"
code4rena,2023-05-venus,431,USDC blacklisted accounts can DOS the bidding system in Shortfall,bug; 3 (High Risk); unsatisfactory,"Bad Debt, DoS","# Lines of code  https://github.com/code-423n4/2023-05-venus/blob/8be784ed9752b80e6f1b8b781e2e6251748d0d7e/contracts/Shortfall/Shortfall.sol#L183 https://github.com/code-423n4/2023-05-venus/blob/8be784ed9752b80e6f1b8b781e2e6251748d0d7e/contracts/Shortfall/Shortfall.sol#L190   # Vulnerability details  ## Impact Shortfall contract is used to clear off any pool bad debt via auction. If the debt reached its mimimum value, anybody can start off the auction and place the bid.   Attacker can bid with t"
code4rena,2023-05-venus,430,Wrong `blocksPerYear` in `WhitePaperInterestRateModel`,bug; 3 (High Risk); satisfactory; upgraded by judge; duplicate-320,Interest Rate,# Lines of code  https://github.com/code-423n4/2023-05-venus/blob/main/contracts/WhitePaperInterestRateModel.sol#L17 https://github.com/code-423n4/2023-05-venus/blob/main/contracts/BaseJumpRateModelV2.sol#L23   # Vulnerability details  ## Impact  Venus is deployed on BNB Chain instead of Ethereum. Their block times are different. And `WhitePaperInterestRateModel.sol` is modified from [compound](https://github.com/compound-finance/compound-protocol/blob/master/contracts/WhitePaperInterestRateMode
code4rena,2023-05-venus,422,Borrowers can be liquidated before default by being based on the borrowBalance from other pools,bug; 3 (High Risk); unsatisfactory,"Liquidation, Oracle, Borrow Logic","# Lines of code  https://github.com/code-423n4/2023-05-venus/blob/main/contracts/VToken.sol#L1018 https://github.com/code-423n4/2023-05-venus/blob/main/contracts/Comptroller.sol#L1296-L1361 https://github.com/code-423n4/2023-05-venus/blob/main/contracts/Comptroller.sol#L457   # Vulnerability details  ## Impact Borrower can be liquidated before default based on the borrowBalance from other pools. In the liquidity snapshot, borrows from other pools are added as total borrow but the collateral that"
code4rena,2023-05-venus,418,Unsafe Assumptions About Average Time Between Blocks,bug; 3 (High Risk); satisfactory; upgraded by judge; duplicate-320,Interest Rate,# Lines of code  https://github.com/code-423n4/2023-05-venus/blob/8be784ed9752b80e6f1b8b781e2e6251748d0d7e/contracts/BaseJumpRateModelV2.sol#L23   # Vulnerability details  ## Impact The current implementation of the protocol uses blocks rather than seconds to measure time between interest accruals. This makes the implementation highly sensitive to changes in the average time between Ethereum blocks.  ## Proof of Concept  On `line 23 of BaseJumpRateModelV2` it is implicitly assumed that the time 
code4rena,2023-05-venus,411,No way to remove or replace a market from the array ```allMarkets```,bug; 3 (High Risk); unsatisfactory,Other,# Lines of code  https://github.com/code-423n4/2023-05-venus/blob/main/contracts/ComptrollerStorage.sol#L83 https://github.com/code-423n4/2023-05-venus/blob/main/contracts/Comptroller.sol#L1213 https://github.com/code-423n4/2023-05-venus/blob/main/contracts/Lens/PoolLens.sol#L263-L271 https://github.com/code-423n4/2023-05-venus/blob/main/contracts/Rewards/RewardsDistributor.sol#L242 https://github.com/code-423n4/2023-05-venus/blob/main/contracts/Shortfall/Shortfall.sol#L381-L399   # Vulnerabilit
code4rena,2023-05-venus,403,attacker can call `reduceReserves` function multiple time and drain the protocol,bug; 3 (High Risk); unsatisfactory,"Interest Rate, Share Manipulation, Reentrancy","# Lines of code  https://github.com/code-423n4/2023-05-venus/blob/8be784ed9752b80e6f1b8b781e2e6251748d0d7e/contracts/VToken.sol#L345 https://github.com/code-423n4/2023-05-venus/blob/8be784ed9752b80e6f1b8b781e2e6251748d0d7e/contracts/VToken.sol#L1200-L1236   # Vulnerability details  ## Impact an attacker can call the function `reduceReserves` more than one time and drain the protocol assets, an attacker can call this function to send more asset/amount than it expected to the `protocolShareReserve"
code4rena,2023-05-venus,398,Read only Re-entrancy attack is possible as the protocol does not have any time locks to increase and reduce pool reserves,bug; 3 (High Risk); unsatisfactory; edited-by-warden,"Oracle, Interest Rate, Collateral","# Lines of code  https://github.com/code-423n4/2023-05-venus/blob/8be784ed9752b80e6f1b8b781e2e6251748d0d7e/contracts/VToken.sol#L1-L1483   # Vulnerability details  ## Impact The malicious user can enter the markets, add liquidity add more liquidity and redeem the rewards at the pumped price and exit the markets.  ## Proof of Concept 1. Alice enters a market where the liquidity is low and accureinterest() speed is very high  through the enter markets from the Comptroller. 2. Alice adds liquidity "
code4rena,2023-05-venus,394,[M-2] Interest rate is incorrectly calculated in WhitePaperInterestRateModel,bug; 3 (High Risk); satisfactory; upgraded by judge; duplicate-320,"Interest Rate, Borrow Logic",# Lines of code  https://github.com/code-423n4/2023-05-venus/blob/b375407d58f71c18f398709d90409e53e94234e5/contracts/WhitePaperInterestRateModel.sol#L17   # Vulnerability details  ## Impact  The `baseRatePerBlock` and `multiplierPerBlock` are significantly overestimated (by a factor of 5) and this results in wrong borrow and supply rates. This can mislead borrowers into paying much higher interest rates and facing higher risk of default.    ## Proof of Concept  The interest rate model assumes th
code4rena,2023-05-venus,388,Borrow rate and supply rate are incorrect due to incorrect blocksPerYear value,bug; 3 (High Risk); satisfactory; upgraded by judge; duplicate-320,"Interest Rate, Borrow Logic",# Lines of code  https://github.com/code-423n4/2023-05-venus/blob/main/contracts/WhitePaperInterestRateModel.sol#L17   # Vulnerability details  # Borrow rate and supply rate are incorrect due to incorrect blocksPerYear value  This protocol is going to be deployed to BNB chain so its needed to calculate blocksPerYear relevant to BNB Smart Chain. But here it has taken blocksPerYear relevant to the ethereum chain.  ## Proof of Concept        17  uint256 public constant blocksPerYear = 2102400;  htt
code4rena,2023-05-venus,383,Incorrect `blocksPerYear` set in `WhitePaperInterestRateModel` leads to miscalculation in critical functions of the protocol.,bug; 3 (High Risk); satisfactory; upgraded by judge; duplicate-320,"Liquidation, Interest Rate, Borrow Logic","# Lines of code  https://github.com/code-423n4/2023-05-venus/blob/8be784ed9752b80e6f1b8b781e2e6251748d0d7e/contracts/WhitePaperInterestRateModel.sol#L17   # Vulnerability details  ## Description Venus operates in the BSC chain, where the block emission rate is different from Ethereum, where Compound is deployed. In the BSC chain, the average block time is 3 seconds. This means that we can expect a block emission of $\frac{60}{3} = 20$ per minute, giving a total of $20 \times 60 \times 24 \times "
code4rena,2023-05-venus,377,No way to remove or replace a RewardsDistributor from the array ```rewardsDistributors```,bug; 3 (High Risk); unsatisfactory,Other,# Lines of code  https://github.com/code-423n4/2023-05-venus/blob/main/contracts/ComptrollerStorage.sol#L98 https://github.com/code-423n4/2023-05-venus/blob/main/contracts/Comptroller.sol#L943 https://github.com/code-423n4/2023-05-venus/blob/main/contracts/Comptroller.sol#L272-L277 https://github.com/code-423n4/2023-05-venus/blob/main/contracts/Comptroller.sol#L302-L307 https://github.com/code-423n4/2023-05-venus/blob/main/contracts/Comptroller.sol#L374-L379 https://github.com/code-423n4/2023-05
code4rena,2023-05-venus,360,User Can Place Bid Without Sufficient Funds.,bug; 3 (High Risk); unsatisfactory,Other,# Lines of code  https://github.com/code-423n4/2023-05-venus/blob/8be784ed9752b80e6f1b8b781e2e6251748d0d7e/contracts/Shortfall/Shortfall.sol#L158-L202 https://github.com/code-423n4/2023-05-venus/blob/8be784ed9752b80e6f1b8b781e2e6251748d0d7e/contracts/Shortfall/Shortfall.sol#L179-L191   # Vulnerability details  ## Impact The[ placeBid function](https://github.com/code-423n4/2023-05-venus/blob/8be784ed9752b80e6f1b8b781e2e6251748d0d7e/contracts/Shortfall/Shortfall.sol#L158-L202) allows users to pla
code4rena,2023-05-venus,359,Lack of Access Control in Initialize Function Allows Unauthorized Modification of Contract State.,bug; 3 (High Risk); unsatisfactory,"Bad Debt, Reentrancy",# Lines of code  https://github.com/code-423n4/2023-05-venus/blob/8be784ed9752b80e6f1b8b781e2e6251748d0d7e/contracts/Shortfall/Shortfall.sol#L131-L150 https://github.com/code-423n4/2023-05-venus/blob/8be784ed9752b80e6f1b8b781e2e6251748d0d7e/contracts/Shortfall/Shortfall.sol#L146 https://github.com/code-423n4/2023-05-venus/blob/8be784ed9752b80e6f1b8b781e2e6251748d0d7e/contracts/Shortfall/Shortfall.sol#L144 https://github.com/code-423n4/2023-05-venus/blob/8be784ed9752b80e6f1b8b781e2e6251748d0d7e/c
code4rena,2023-05-venus,358,borrowFresh Function VToken.sol allowing Borrowers to take more than Total Reserve Amount.,bug; 3 (High Risk); unsatisfactory,Borrow Logic,# Lines of code  https://github.com/code-423n4/2023-05-venus/blob/8be784ed9752b80e6f1b8b781e2e6251748d0d7e/contracts/VToken.sol#L877-L889 https://github.com/code-423n4/2023-05-venus/blob/8be784ed9752b80e6f1b8b781e2e6251748d0d7e/contracts/VToken.sol#L887-L889 https://github.com/code-423n4/2023-05-venus/blob/8be784ed9752b80e6f1b8b781e2e6251748d0d7e/contracts/VToken.sol#L887 https://github.com/code-423n4/2023-05-venus/blob/8be784ed9752b80e6f1b8b781e2e6251748d0d7e/contracts/VToken.sol#L887   # Vulne
code4rena,2023-05-venus,356,Potential integer overflow in RiskFund contract initialization function.,bug; 3 (High Risk); unsatisfactory,Other,# Lines of code  https://github.com/code-423n4/2023-05-venus/blob/8be784ed9752b80e6f1b8b781e2e6251748d0d7e/contracts/RiskFund/RiskFund.sol#L73-L93 https://github.com/code-423n4/2023-05-venus/blob/8be784ed9752b80e6f1b8b781e2e6251748d0d7e/contracts/RiskFund/RiskFund.sol#L92 https://github.com/code-423n4/2023-05-venus/blob/8be784ed9752b80e6f1b8b781e2e6251748d0d7e/contracts/RiskFund/RiskFund.sol#L92   # Vulnerability details  ## Impact ```solidity     function initialize(     address pancakeSwapRout
code4rena,2023-05-venus,355,Insufficient Access Control in setProtocolSeizeShare() function.,bug; 3 (High Risk); unsatisfactory,"Liquidation, Share Manipulation","# Lines of code  https://github.com/code-423n4/2023-05-venus/blob/8be784ed9752b80e6f1b8b781e2e6251748d0d7e/contracts/VToken.sol#L310-L320 https://github.com/code-423n4/2023-05-venus/blob/8be784ed9752b80e6f1b8b781e2e6251748d0d7e/contracts/VToken.sol#L318   # Vulnerability details  ## Impact ```solidity     function setProtocolSeizeShare(uint256 newProtocolSeizeShareMantissa_) external {         _checkAccessAllowed(""setProtocolSeizeShare(uint256)"");         uint256 liquidationIncentive = Comptroll"
code4rena,2023-05-venus,354,"Borrower accountAssets array can increase in size, and add inefficiencies in the addToMarket function",bug; 3 (High Risk); unsatisfactory,"Borrow Logic, Collateral","# Lines of code  https://github.com/code-423n4/2023-05-venus/blob/8be784ed9752b80e6f1b8b781e2e6251748d0d7e/contracts/Comptroller.sol#L1240-L1265 https://github.com/code-423n4/2023-05-venus/blob/8be784ed9752b80e6f1b8b781e2e6251748d0d7e/contracts/Comptroller.sol#L1195   # Vulnerability details  ## Impact The `redeem()` function doesn't validate whether the market is listed or not before redeeming tokens, this could lead to a situation where users will be unable to redeem tokens from an unlisted ma"
code4rena,2023-05-venus,352,External manipulation of collateral weight in _getCurrentLiquiditySnapshot() function.,bug; 3 (High Risk); unsatisfactory,Collateral,# Lines of code  https://github.com/code-423n4/2023-05-venus/blob/8be784ed9752b80e6f1b8b781e2e6251748d0d7e/contracts/Comptroller.sol#L1276-L1282 https://github.com/code-423n4/2023-05-venus/blob/8be784ed9752b80e6f1b8b781e2e6251748d0d7e/contracts/Comptroller.sol#L1276 https://github.com/code-423n4/2023-05-venus/blob/8be784ed9752b80e6f1b8b781e2e6251748d0d7e/contracts/Comptroller.sol#L1276-L1282   # Vulnerability details  ## Impact The [_getCurrentLiquiditySnapshot() function](https://github.com/cod
code4rena,2023-05-venus,348,Potential Integer Overflow in StartBidBps Calculation.,bug; 3 (High Risk); unsatisfactory,Fund Loss,# Lines of code  https://github.com/code-423n4/2023-05-venus/blob/8be784ed9752b80e6f1b8b781e2e6251748d0d7e/contracts/Shortfall/Shortfall.sol#L34-L45 https://github.com/code-423n4/2023-05-venus/blob/8be784ed9752b80e6f1b8b781e2e6251748d0d7e/contracts/Shortfall/Shortfall.sol#L34-L45 https://github.com/code-423n4/2023-05-venus/blob/8be784ed9752b80e6f1b8b781e2e6251748d0d7e/contracts/Shortfall/Shortfall.sol#L266-L268   # Vulnerability details  ## Impact The contract has a potential integer overflow vu
code4rena,2023-05-venus,345,liquidateAccount() and healAccount() functions get revert even if totalcollateral is greater than MinLiquidatableCollateral,bug; 3 (High Risk); unsatisfactory,"Liquidation, Borrow Logic, Collateral","# Lines of code  https://github.com/code-423n4/2023-05-venus/blob/main/contracts/Comptroller.sol#L578-L592 https://github.com/code-423n4/2023-05-venus/blob/main/contracts/Comptroller.sol#L641-L648   # Vulnerability details  ## Summary  [setMinLiquidatableCollateral()](https://github.com/code-423n4/2023-05-venus/blob/main/contracts/Comptroller.sol#LL912C14-L912C43) function is use to set MinLiquidatableCollateral and comments clearly states that [""Regular liquidations will fail if the collateral "
code4rena,2023-05-venus,344,Gas inefficiency in getAllPools function.,bug; 3 (High Risk); unsatisfactory,Other,"# Lines of code  https://github.com/code-423n4/2023-05-venus/blob/8be784ed9752b80e6f1b8b781e2e6251748d0d7e/contracts/Lens/PoolLens.sol#L138-L152   # Vulnerability details  ## Impact The [getAllPools function](https://github.com/code-423n4/2023-05-venus/blob/8be784ed9752b80e6f1b8b781e2e6251748d0d7e/contracts/Lens/PoolLens.sol#L138-L152) is marked as view, but it performs a lot of computations, which could result in high gas usage and slow transaction processing times. Additionally, the function i"
code4rena,2023-05-venus,343,Unchecked Return Value in _mintFresh() Function.,bug; 3 (High Risk); unsatisfactory,Interest Rate,# Lines of code  https://github.com/code-423n4/2023-05-venus/blob/8be784ed9752b80e6f1b8b781e2e6251748d0d7e/contracts/VToken.sol#L743-L770 https://github.com/code-423n4/2023-05-venus/blob/8be784ed9752b80e6f1b8b781e2e6251748d0d7e/contracts/VToken.sol#L1272-L1279   # Vulnerability details  ## Impact [_mintFresh()](https://github.com/code-423n4/2023-05-venus/blob/8be784ed9752b80e6f1b8b781e2e6251748d0d7e/contracts/VToken.sol#L743-L770) function allows users to supply assets into the market and receiv
code4rena,2023-05-venus,342,Arithmetic Underflow.,bug; 3 (High Risk); unsatisfactory,"Interest Rate, Fund Theft",# Lines of code  https://github.com/code-423n4/2023-05-venus/blob/8be784ed9752b80e6f1b8b781e2e6251748d0d7e/contracts/VToken.sol#L678-L734 https://github.com/code-423n4/2023-05-venus/blob/8be784ed9752b80e6f1b8b781e2e6251748d0d7e/contracts/VToken.sol#L681 https://github.com/code-423n4/2023-05-venus/blob/8be784ed9752b80e6f1b8b781e2e6251748d0d7e/contracts/VToken.sol#L699 https://github.com/code-423n4/2023-05-venus/blob/8be784ed9752b80e6f1b8b781e2e6251748d0d7e/contracts/VToken.sol#L699   # Vulnerabil
code4rena,2023-05-venus,341,Reentrancy Attack in Transfer and TransferFrom functions.,bug; 3 (High Risk); unsatisfactory,"Reentrancy, Fund Theft","# Lines of code  https://github.com/code-423n4/2023-05-venus/blob/8be784ed9752b80e6f1b8b781e2e6251748d0d7e/contracts/VToken.sol#L99-L102 https://github.com/code-423n4/2023-05-venus/blob/8be784ed9752b80e6f1b8b781e2e6251748d0d7e/contracts/VToken.sol#L114-L121 https://github.com/code-423n4/2023-05-venus/blob/8be784ed9752b80e6f1b8b781e2e6251748d0d7e/contracts/VToken.sol#L1297-L1337   # Vulnerability details  ## Impact `transfer()` and `transferFrom()` functions call the `_transferTokens()` function,"
code4rena,2023-05-venus,340, Lack of Access Control in getAccountLiquidity and getHypotheticalAccountLiquidity functions.,bug; 3 (High Risk); unsatisfactory,"Liquidation, Borrow Logic, Reentrancy",# Lines of code  https://github.com/code-423n4/2023-05-venus/blob/8be784ed9752b80e6f1b8b781e2e6251748d0d7e/contracts/Comptroller.sol#L985-L996 https://github.com/code-423n4/2023-05-venus/blob/8be784ed9752b80e6f1b8b781e2e6251748d0d7e/contracts/Comptroller.sol#L1009-L1031 https://github.com/code-423n4/2023-05-venus/blob/8be784ed9752b80e6f1b8b781e2e6251748d0d7e/contracts/Comptroller.sol#L1084-L1112   # Vulnerability details  ## Impact [getAccountLiquidity](https://github.com/code-423n4/2023-05-venu
code4rena,2023-05-venus,338,Integer underflow vulnerability in healAccount function.,bug; 3 (High Risk); unsatisfactory,"Liquidation, Borrow Logic, Collateral",# Lines of code  https://github.com/code-423n4/2023-05-venus/blob/8be784ed9752b80e6f1b8b781e2e6251748d0d7e/contracts/Comptroller.sol#L578-L624 https://github.com/code-423n4/2023-05-venus/blob/8be784ed9752b80e6f1b8b781e2e6251748d0d7e/contracts/Comptroller.sol#L623 https://github.com/code-423n4/2023-05-venus/blob/8be784ed9752b80e6f1b8b781e2e6251748d0d7e/contracts/Comptroller.sol#L611-L625   # Vulnerability details  ## Impact [healAccount function](https://github.com/code-423n4/2023-05-venus/blob/8
code4rena,2023-05-venus,337,healAccount function seizes the entire collateral without checking its sufficiency to repay the debt.,bug; 3 (High Risk); unsatisfactory; edited-by-warden,"Liquidation, Collateral, Bad Debt",# Lines of code  https://github.com/code-423n4/2023-05-venus/blob/8be784ed9752b80e6f1b8b781e2e6251748d0d7e/contracts/Comptroller.sol#L578-L620 https://github.com/code-423n4/2023-05-venus/blob/8be784ed9752b80e6f1b8b781e2e6251748d0d7e/contracts/Comptroller.sol#L619 https://github.com/code-423n4/2023-05-venus/blob/8be784ed9752b80e6f1b8b781e2e6251748d0d7e/contracts/Comptroller.sol#L611-L625   # Vulnerability details  ## Impact In the [healAccount function](https://github.com/code-423n4/2023-05-venus
code4rena,2023-05-venus,332,Potential unlimited token borrow.,bug; 3 (High Risk); unsatisfactory,"Borrow Logic, Fund Drain","# Lines of code  https://github.com/code-423n4/2023-05-venus/blob/8be784ed9752b80e6f1b8b781e2e6251748d0d7e/contracts/Comptroller.sol#L324-L357 https://github.com/code-423n4/2023-05-venus/blob/8be784ed9752b80e6f1b8b781e2e6251748d0d7e/contracts/Comptroller.sol#L351   # Vulnerability details  ## Impact In the [preBorrowHook function](https://github.com/code-423n4/2023-05-venus/blob/8be784ed9752b80e6f1b8b781e2e6251748d0d7e/contracts/Comptroller.sol#LL324C5-L357C10), if the `borrowCap` is set to its "
code4rena,2023-05-venus,328,Arbitrary Removal of Tokens from AccountAssets List.,bug; 3 (High Risk); unsatisfactory,Other,"# Lines of code  https://github.com/code-423n4/2023-05-venus/blob/8be784ed9752b80e6f1b8b781e2e6251748d0d7e/contracts/Comptroller.sol#L187-L235 https://github.com/code-423n4/2023-05-venus/blob/8be784ed9752b80e6f1b8b781e2e6251748d0d7e/contracts/Comptroller.sol#L211-L230   # Vulnerability details  ## Impact In the [exitMarket function](https://github.com/code-423n4/2023-05-venus/blob/8be784ed9752b80e6f1b8b781e2e6251748d0d7e/contracts/Comptroller.sol#LL187C4-L236C1), the [assert(assetIndex < len)](h"
code4rena,2023-05-venus,326,WhitePaperInterestRateModel#blocksPerYear constant is incorrect ,bug; 3 (High Risk); satisfactory; upgraded by judge; duplicate-320,"Interest Rate, Borrow Logic",# Lines of code  https://github.com/code-423n4/2023-05-venus/blob/main/contracts/WhitePaperInterestRateModel.sol#L17   # Vulnerability details  Rate model contracts `BaseJumpRateModelV2` and `WhitePaperInterestRateModel` both include a `blocksPerYear` constant that corresponds to the number of blocks produced on the chain during 1 year. This constant is used to calculate immutables variables that influence borrow and supply rates: ```solidity File: WhitePaperInterestRateModel.sol 31:     /** 32:
code4rena,2023-05-venus,320,Incorrect `blocksPerYear` constant in `WhitepaperInterestRateModel`,bug; 3 (High Risk); primary issue; satisfactory; selected for report; upgraded by judge; edited-by-warden; H-01,"Interest Rate, Borrow Logic, Collateral",# Lines of code  https://github.com/code-423n4/2023-05-venus/blob/8be784ed9752b80e6f1b8b781e2e6251748d0d7e/contracts/WhitePaperInterestRateModel.sol#L17   # Vulnerability details  # [M-02] Incorrect `blocksPerYear` constant in `WhitepaperInterestRateModel`  ## Location  https://github.com/code-423n4/2023-05-venus/blob/8be784ed9752b80e6f1b8b781e2e6251748d0d7e/contracts/WhitePaperInterestRateModel.sol#L17  ## Impact  The interest rate per block is **5x** greater than it's intended to be for market
code4rena,2023-05-venus,315,"Liquidity cannot be cleared due to removal list of vtoken, this can result in a critical loss of funds vulnerability for the Lender and/or the protocol.",bug; 3 (High Risk); unsatisfactory,"Liquidation, Oracle, Interest Rate","# Lines of code  https://github.com/code-423n4/2023-05-venus/blob/main/contracts/Comptroller.sol#L670   # Vulnerability details  ## Impact  This can result in a critical loss of funds vulnerability for the Lender and/or the protocol.  ## Proof of Concept  Some Lending & Borrowing platforms allow governance to disallow accepting previously allowed tokens, either repayment or collateral tokens. If this also stops existing loans using that token from being repaid or liquidated, this can result in a"
code4rena,2023-05-venus,313,blocksPerYear is incorrect. ,bug; 3 (High Risk); satisfactory; upgraded by judge; duplicate-320,Interest Rate,# Lines of code  https://github.com/code-423n4/2023-05-venus/blob/8be784ed9752b80e6f1b8b781e2e6251748d0d7e/contracts/WhitePaperInterestRateModel.sol#L17 https://github.com/code-423n4/2023-05-venus/blob/main/contracts/WhitePaperInterestRateModel.sol#L37 https://github.com/code-423n4/2023-05-venus/blob/8be784ed9752b80e6f1b8b781e2e6251748d0d7e/contracts/WhitePaperInterestRateModel.sol#L38 https://github.com/code-423n4/2023-05-venus/blob/main/contracts/BaseJumpRateModelV2.sol#L23   # Vulnerability d
code4rena,2023-05-venus,312,Shortfall is vulnerable to cross-function reentrancy,bug; 3 (High Risk); unsatisfactory; edited-by-warden,"Exchange Rate, Deposit, Reentrancy",# Lines of code  https://github.com/code-423n4/2023-05-venus/blob/8be784ed9752b80e6f1b8b781e2e6251748d0d7e/contracts/Shortfall/Shortfall.sol#L221-L248 https://github.com/code-423n4/2023-05-venus/blob/8be784ed9752b80e6f1b8b781e2e6251748d0d7e/contracts/Shortfall/Shortfall.sol#L364-L368 https://github.com/code-423n4/2023-05-venus/blob/8be784ed9752b80e6f1b8b781e2e6251748d0d7e/contracts/Shortfall/Shortfall.sol#L403-L420   # Vulnerability details  ## Impact An auction could be started when it is endin
code4rena,2023-05-venus,311,Adding `badDebt` in `_exchangeRateStored` function could cause loss of funds for the user,bug; 3 (High Risk); sponsor disputed; unsatisfactory,"Exchange Rate, Borrow Logic, Deposit",# Lines of code  https://github.com/code-423n4/2023-05-venus/blob/8be784ed9752b80e6f1b8b781e2e6251748d0d7e/contracts/VToken.sol#L1477   # Vulnerability details  ## Impact The ratio of underlying token and VToken is determined by `exchangeRate` which is calculated as follow ``` Solidity uint256 cashPlusBorrowsMinusReserves = totalCash + totalBorrows + badDebt - totalReserves;             uint256 exchangeRate = (cashPlusBorrowsMinusReserves * expScale) / _totalSupply; ``` but this implementation c
code4rena,2023-05-venus,310,Wrong value for yearly blocks used in WhitePaperInterestRateModel causes incorrect interest calculations and a potential loss,bug; 3 (High Risk); satisfactory; upgraded by judge; duplicate-320,"Interest Rate, Borrow Logic","# Lines of code  https://github.com/code-423n4/2023-05-venus/blob/main/contracts/WhitePaperInterestRateModel.sol#L17   # Vulnerability details  ## Impact Interest is accrued ""per block"" within the interest models used in Venus Protocol for supplier and borrower interest.  A chain dependent number representing the blocks happening per year on the chain is a relevant factor for the interest calculations.  For the WhitePaperInterestRateModel a wrong number of transactions/year leads to deviations i"
code4rena,2023-05-venus,300,Supply cap formula is wrong and and supply cap while in `preMintHook` will not be properly imposed,bug; 3 (High Risk); unsatisfactory; edited-by-warden,"Exchange Rate, Bad Debt","# Lines of code  https://github.com/code-423n4/2023-05-venus/blob/8be784ed9752b80e6f1b8b781e2e6251748d0d7e/contracts/Comptroller.sol#L262-L269   # Vulnerability details  ## Impact In the `preMintHook` supply cap is enforced by historical amount of token base amount underlying being supplied as `mintAmount` and `exchange rate` but the formula that calculates the `nextTotaSupply` is wrong a. Wrong calculation can have two possible scenerio depending upon the mintAmount, either do not let user mint"
code4rena,2023-05-venus,290,The constant `blocksPerYear` in `WhitePaperInterestRateModel.sol` is incorrect,bug; 3 (High Risk); satisfactory; upgraded by judge; duplicate-320,"Interest Rate, Borrow Logic","# Lines of code  https://github.com/code-423n4/2023-05-venus/blob/main/contracts/WhitePaperInterestRateModel.sol#L17   # Vulnerability details  The constant `blocksPerYear` in `WhitePaperInterestRateModel.sol` is set to `2102400` which is the number of blocks in a year for a block time of 15 seconds, but the protocol will be deployed on BSC which has a block time of ~3 seconds.  ## Impact  The borrow rate of pools using the `WhitePaperInterestRateModel.sol` interest rate strategy will be ~5 time"
code4rena,2023-05-venus,288,## [H-05] **Timestamp Manipulation Attack**,bug; 3 (High Risk); unsatisfactory,"Oracle, Withdraw, Fund Drain","# Lines of code  https://github.com/code-423n4/2023-05-venus/blob/8be784ed9752b80e6f1b8b781e2e6251748d0d7e/contracts/Rewards/RewardsDistributor.sol#L241-L243   # Vulnerability details  ## Impact If an attacker successfully exploits this vulnerability, they can drain all the rewardTokens from the contract, causing a significant loss to the contract owner and the contributors. The impact can be severe, as the contract may not have sufficient rewardTokens to distribute among the contributors. ## Pr"
code4rena,2023-05-venus,286,## [H-O4] Access Control `placeBid`,bug; 3 (High Risk); unsatisfactory,Fund Loss,# Lines of code  https://github.com/code-423n4/2023-05-venus/blob/8be784ed9752b80e6f1b8b781e2e6251748d0d7e/contracts/Shortfall/Shortfall.sol#L158-L202   # Vulnerability details  ## Impact The impact of this vulnerability is that an attacker can manipulate the auction process and win the auction at a lower price than other participants. This can result in a loss of funds for the other participants in the auction and can damage the reputation of the contract and the platform it runs on.  ### Descr
code4rena,2023-05-venus,285,"## [H-03] Reentrancy Attacks  `preMintHook()`, `preRedeemHook()`, and `preBorrowHook()`",bug; 3 (High Risk); unsatisfactory,"Reentrancy, Fund Loss","# Lines of code  https://github.com/code-423n4/2023-05-venus/blob/8be784ed9752b80e6f1b8b781e2e6251748d0d7e/contracts/Comptroller.sol#L249-L380   # Vulnerability details  ## Impact A successful reentrancy attack can lead to the loss of funds in the `RewardsDistributor` contract, potentially affecting the suppliers who are supposed to receive the reward tokens. The impact of such an attack can be severe, as it can lead to a loss of trust in the contract and a decrease in the value of the token. ##"
code4rena,2023-05-venus,284,"## [H-03] Reentrancy Attacks  `preMintHook()`, `preRedeemHook()`, and `preBorrowHook()`",bug; 3 (High Risk); unsatisfactory,"Borrow Logic, Reentrancy, Fund Loss","# Lines of code  https://github.com/code-423n4/2023-05-venus/blob/8be784ed9752b80e6f1b8b781e2e6251748d0d7e/contracts/Comptroller.sol#L249-L380   # Vulnerability details  ## Impact A successful reentrancy attack can lead to the loss of funds in the `RewardsDistributor` contract, potentially affecting the suppliers who are supposed to receive the reward tokens. The impact of such an attack can be severe, as it can lead to a loss of trust in the contract and a decrease in the value of the token. ##"
code4rena,2023-05-venus,281,## [H-02] Integer Overflow/Underflow `preMintHook()` and `preBorrowHook()`,bug; 3 (High Risk); unsatisfactory,"Borrow Logic, Collateral, Fund Loss","# Lines of code  https://github.com/code-423n4/2023-05-venus/blob/8be784ed9752b80e6f1b8b781e2e6251748d0d7e/contracts/Comptroller.sol#L249-L278   # Vulnerability details  ## `preMintHook()` ## Impact If an attacker exploits this vulnerability, they can mint an unlimited number of tokens without having sufficient collateral, which can lead to a severe loss of funds for the users and the platform. The attacker can then proceed to sell the tokens for a profit or use them to manipulate the market. ##"
code4rena,2023-05-venus,279,## [H-01] Oracle Manipulation in `preRedeemHook()` and `preBorrowHook()`,bug; 3 (High Risk); unsatisfactory,"Oracle, Borrow Logic","# Lines of code  https://github.com/code-423n4/2023-05-venus/blob/8be784ed9752b80e6f1b8b781e2e6251748d0d7e/contracts/Comptroller.sol#L292-L380   # Vulnerability details  ## Impact If the oracle is manipulated, the impact could be severe, and may include:  - Funds being locked out of the system, preventing users from redeeming or borrowing as intended - Excessive borrowing or redemption activity, causing the system to become insolvent or resulting in losses for users - Reduced trust in the system"
code4rena,2023-05-venus,275,reduceReserves lacks permission check,bug; 3 (High Risk); unsatisfactory; edited-by-warden,"Interest Rate, Borrow Logic","# Lines of code  https://github.com/code-423n4/2023-05-venus/blob/8be784ed9752b80e6f1b8b781e2e6251748d0d7e/contracts/VToken.sol#L345 https://github.com/code-423n4/2023-05-venus/blob/8be784ed9752b80e6f1b8b781e2e6251748d0d7e/contracts/VToken.sol#L1200-L1226   # Vulnerability details  ## Impact `reduceReserves` lacks permission checks, allowing the `exchangeRate` to be manipulated by attackers.  ## Proof of Concept https://github.com/code-423n4/2023-05-venus/blob/8be784ed9752b80e6f1b8b781e2e6251748"
code4rena,2023-05-venus,270,ClaimRewardsToken() is susceiptible to a re-entrance attack,bug; 3 (High Risk); unsatisfactory,Reentrancy,# Lines of code  https://github.com/code-423n4/2023-05-venus/blob/8be784ed9752b80e6f1b8b781e2e6251748d0d7e/contracts/Rewards/RewardsDistributor.sol#L241-L292   # Vulnerability details  ## Impact Could allow a malicious user to claim more funds than deserved.   ## Proof of Concept https://github.com/code-423n4/2023-05-venus/blob/8be784ed9752b80e6f1b8b781e2e6251748d0d7e/contracts/Rewards/RewardsDistributor.sol#L241-L292  ## Tools Used  ## Recommended Mitigation Steps Add a Re-Entrance guard for Cl
code4rena,2023-05-venus,260,"`WhitePaperInterestRateModel.blocksPerYear` is incorrect, which causes the interest rate to be calculated incorrectly",bug; 3 (High Risk); satisfactory; upgraded by judge; duplicate-320,Interest Rate,# Lines of code  https://github.com/code-423n4/2023-05-venus/blob/723001cf7bc0f37aba26fb385ec1a60135f24fe3/contracts/WhitePaperInterestRateModel.sol#L17   # Vulnerability details  ## Impact `blockPerYear` value in `WhitePaperInterestRateModel.sol` contract is incorrect for protocol since Venus will deploy these contracts to Binance Smart Chain.  ## Proof of Concept In `WhitePaperInterestRateModel.sol` contract `blockPerYear` constant value is 2102400. ```solidity     /**      * @notice The appro
code4rena,2023-05-venus,259,A newly added market would be subject to immediately exploitation due to the default liquidation threshold set to 0,bug; 3 (High Risk); unsatisfactory,"Liquidation, Borrow Logic, Collateral","# Lines of code  https://github.com/code-423n4/2023-05-venus/blob/main/contracts/Comptroller.sol#L801-L824   # Vulnerability details  ## Impact Since the default liquidation threshold of a newly added market is 0, a borrower would have a collateral requirement of 0 (token price X * quantity * liquidation threshold(0) = 0). The borrower can then immediately snap all the inventory supplied by having any non-zero collateral, creating bad debt for the protocol.  ## Proof of Concept ```solidity     f"
code4rena,2023-05-venus,252,`setActionsPaused` may lead to a DOS attack due to the lack of proper limitation on the number of loops,bug; 3 (High Risk); unsatisfactory,DoS,# Lines of code  https://github.com/code-423n4/2023-05-venus/blob/main/contracts/Comptroller.sol#L885#L902   # Vulnerability details  ## Impact An attacker may launch a DoS attack that could cause the entire service to become unavailable.  ## Proof of Concept ```solidity function test_MaxLoopTimes() public {   uint256 marketsCount = 2;   uint256 actionsCount = 5;   uint256 ActualLoopsLimit = marketsCount * actionsCount;   uint256 loop;    for (uint256 marketIdx; marketIdx < marketsCount; ++marke
code4rena,2023-05-venus,247,Inaccurate specified array index would store wrong swap output amount and disrupt pool reserves,bug; 3 (High Risk); unsatisfactory,Other,"# Lines of code  https://github.com/code-423n4/2023-05-venus/blob/main/contracts/RiskFund/RiskFund.sol#L267   # Vulnerability details  ## Impact Inaccurate specified array index would store wrong swap output amount and disrupt pool reserves  ## Proof of Concept When **swapPoolsAssets** is called, **poolReserves** are updated with the **pancakeSwap output_amount**, this refers to the last index of the returned `amounts` array as it is what is checked by the pancakeSwap contract; **require(amounts"
code4rena,2023-05-venus,229,Slippage control can be incorrectly performed,bug; 3 (High Risk); sponsor disputed; unsatisfactory,"Oracle, DoS","# Lines of code  https://github.com/code-423n4/2023-05-venus/blob/main/contracts/RiskFund/RiskFund.sol#L260-L266   # Vulnerability details  ## Vulnerability Details  ### Description One of the [Publicly Known Issues](https://github.com/code-423n4/2023-05-venus/tree/main) of the protocol, says that one of the function parameters is supossed to be expressed in USD but as this can not be the case, it should be implemented an USD calculation using an oracle inside the function. This convertion from "
code4rena,2023-05-venus,225,Incorrect blocksPerYear in WhitePaperInterestRateModel ,bug; 3 (High Risk); satisfactory; upgraded by judge; duplicate-320,"Interest Rate, Borrow Logic","# Lines of code  https://github.com/code-423n4/2023-05-venus/blob/main/contracts/WhitePaperInterestRateModel.sol#L17   # Vulnerability details  ### Impact  Incorrect blocksPerYear might lead to wrong borrow and supply rate.  ### Details  In `WhitePaperInterestRateModel` the blocksPerYear is defined as 2102400 which is incorrect.   This value was true for Ethereum chain before the merge, and as the protocol will be deployed on BSC this value is wrong.   > Even if the protocol is supposed to be de"
code4rena,2023-05-venus,217,Borrower can be liquidated before defaulting,bug; 3 (High Risk); unsatisfactory,"Liquidation, Borrow Logic, Collateral","# Lines of code  https://github.com/code-423n4/2023-05-venus/blob/main/contracts/VToken.sol#L449-#L460   # Vulnerability details  ## Impact It allows a Borrower's collateral to be forcefully liquidated.  ## Proof of Concept In `VTokenInterfaces.sol`,where ` ComptrollerInterface public comptroller; ` is used,is in turn used in `VToken.sol` for comparing as ` if (msg.sender != address(comptroller))` . In the same way if we can find a way to call `forceLiquidateBorrow` with address as comptroller a"
code4rena,2023-05-venus,215, Missing Collateral Threshold Check in preLiquidateHook Function,bug; 3 (High Risk); unsatisfactory,"Liquidation, Borrow Logic, Collateral","# Lines of code  https://github.com/code-423n4/2023-05-venus/blob/8be784ed9752b80e6f1b8b781e2e6251748d0d7e/contracts/Comptroller.sol#L449   # Vulnerability details  ## Impact Users may face unfair liquidations and risk losing their funds if their account is liquidated despite having insufficient collateral, even if it doesn't fall below the required collateral threshold.  ## Proof of Concept lets create a borrower account with a low collateral value, which is below the minimum threshold set by t"
code4rena,2023-05-venus,209,[High - 2] Whitepaper blocks per year miscalculation lead to asset over interesting,bug; 3 (High Risk); satisfactory; upgraded by judge; duplicate-320,"Interest Rate, Borrow Logic","# Lines of code  https://github.com/code-423n4/2023-05-venus/blob/main/contracts/WhitePaperInterestRateModel.sol#L17   # Vulnerability details  ## Impact  For getting the interest rate related calculations in the `VToken`, two contracts may be used: - `BaseJumpRateModelV2` - `WhitePaperInterestRateModel`  Both are similar and serve the same purpose, but the `BaseJumpRateModelV2` has a more unique feature, it supports non-linear borrow rates thanks to the setting of the `kink` variable.  For calc"
code4rena,2023-05-venus,208,[High - 1] DOS of the Shortfall auction house,bug; 3 (High Risk); unsatisfactory; edited-by-warden,"Bad Debt, DoS","# Lines of code  https://github.com/code-423n4/2023-05-venus/blob/main/contracts/VToken.sol#L488-L497   # Vulnerability details  ## Impact  There are multiple ways to DOS the auction of the Shortfall contract. One is because of the fact that some `VToken` may use fee-on-transfer / hooks tokens. The other one is because of an underflow check related to the badDebt reducing thanks to the auction. The main issue is that once an auction is in a ""close-able"" state, the only option is to call the `clo"
code4rena,2023-05-venus,207,Risk of Permanent Token Locking without Receiver Address Validation,bug; 3 (High Risk); unsatisfactory; edited-by-warden,Other,# Lines of code  https://github.com/code-423n4/2023-05-venus/blob/8be784ed9752b80e6f1b8b781e2e6251748d0d7e/contracts/Rewards/RewardsDistributor.sol#L181-L185 https://github.com/code-423n4/2023-05-venus/blob/8be784ed9752b80e6f1b8b781e2e6251748d0d7e/contracts/Rewards/RewardsDistributor.sol#L291 https://github.com/code-423n4/2023-05-venus/blob/8be784ed9752b80e6f1b8b781e2e6251748d0d7e/contracts/Rewards/RewardsDistributor.sol#L416-L423 https://github.com/OpenZeppelin/openzeppelin-contracts-upgradeabl
code4rena,2023-05-venus,192,Reentrancy Vulnerability in VToken.healBorrow Function,bug; 3 (High Risk); unsatisfactory,"Interest Rate, Borrow Logic, Reentrancy","# Lines of code  https://github.com/code-423n4/2023-05-venus/blob/8be784ed9752b80e6f1b8b781e2e6251748d0d7e/contracts/VToken.sol#LL390-#L429   # Vulnerability details  ## Impact  This reentrancy vulnerability allows an attacker to potentially manipulate the state of the contract and perform unintended actions, such as stealing funds or causing unexpected behavior in the contract.  ## Proof of Concept  The reentrancy vulnerability in the `VToken.healBorrow` function can be exploited by an attacker"
code4rena,2023-05-venus,191,During exitMarket vTokens of msg.sender is lost forever. ,bug; 3 (High Risk); unsatisfactory,Borrow Logic,"# Lines of code  https://github.com/code-423n4/2023-05-venus/blob/8be784ed9752b80e6f1b8b781e2e6251748d0d7e/contracts/Comptroller.sol#L187-L201   # Vulnerability details  ## Impact During exitMarket vTokens of msg.sender is lost forever.  ## Proof of Concept File: Comptroller.sol Function: exitMarket()  Inside exitMarket() , if msg.sender has valid vTokens then he is entitled for redemption before exiting. _checkRedeemAllowed() is called but tokensHeld is not redeemed and then market is exited.  "
code4rena,2023-05-venus,190,A reentrancy vulnerability is found in the _repayBorrowFresh function of the VToken contract.,bug; 3 (High Risk); unsatisfactory,"Interest Rate, Borrow Logic, Reentrancy","# Lines of code  https://github.com/code-423n4/2023-05-venus/blob/8be784ed9752b80e6f1b8b781e2e6251748d0d7e/contracts/VToken.sol#LL930-#L967   # Vulnerability details  ## Impact  An attacker could exploit this vulnerability to perform reentrancy attacks, potentially leading to unexpected behavior, loss of funds, or other security issues.  ## Expanded Proof of Concept  The reentrancy vulnerability in the `_repayBorrowFresh` function can be better understood by analyzing the code execution flow and"
code4rena,2023-05-venus,189,time manipulation attack in VToken.sol,bug; 3 (High Risk); unsatisfactory,Fund Theft,"# Lines of code  https://github.com/code-423n4/2023-05-venus/blob/main/contracts/VToken.sol#L180   # Vulnerability details  ## Impact A time manipulation attack is a type of attack where an attacker tries to change the time on their computer in order to exploit a vulnerability in a smart contract. For example, an attacker could change the time on their computer to a time in the future, and then call a function that is only supposed to be called in the future. This could allow the attacker to exp"
code4rena,2023-05-venus,188,The priceOracle function is vulnerable to price oracle attacks in Comptroller.sol,bug; 3 (High Risk); unsatisfactory,"Oracle, Borrow Logic, Fund Drain","# Lines of code  https://github.com/code-423n4/2023-05-venus/blob/main/contracts/Comptroller.sol#L961   # Vulnerability details  ## Impact The priceOracle function is vulnerable to price oracle attacks. This function gets the price of an asset from an external price oracle. However, the external price oracle could be manipulated by an attacker to provide a false price. This could allow an attacker to exploit the Comptroller contract by borrowing or minting assets at an inflated or deflated price"
code4rena,2023-05-venus,186,enterMarkets() and exitMarket() functions are vulnerable to reentrancy attacks in Comptroller.sol,bug; 3 (High Risk); unsatisfactory,"Liquidation, Oracle, Collateral","# Lines of code  https://github.com/code-423n4/2023-05-venus/blob/main/contracts/Comptroller.sol#L154 https://github.com/code-423n4/2023-05-venus/blob/main/contracts/Comptroller.sol#L187   # Vulnerability details  ## Impact Reentrancy attack: The enterMarkets() and exitMarket() functions are vulnerable to reentrancy attacks. These functions call external contracts, which could potentially call back into the Comptroller contract before the Comptroller contract has finished executing. This could a"
code4rena,2023-05-venus,185,Reentrancy Vulnerability in VToken._mintFresh Function,bug; 3 (High Risk); unsatisfactory,"Reentrancy, Fund Loss","# Lines of code  https://github.com/code-423n4/2023-05-venus/blob/8be784ed9752b80e6f1b8b781e2e6251748d0d7e/contracts/VToken.sol#L743-#L791 https://github.com/code-423n4/2023-05-venus/blob/8be784ed9752b80e6f1b8b781e2e6251748d0d7e/contracts/VToken.sol#L1275   # Vulnerability details  ## Impact  This reentrancy vulnerability allows an attacker to potentially manipulate the state of the contract and perform unintended actions, leading to loss of funds or other undesired consequences.  ## Proof of Co"
code4rena,2023-05-venus,183,castVoteInternal  can be called by anyone even those without votes,bug; 3 (High Risk); unsatisfactory,"Vault, Fund Drain","# Lines of code  https://github.com/VenusProtocol/governance-contracts/blob/19b431d32fab44cadd49accd429a709e552febce/contracts/Governance/GovernorBravoDelegate.sol#L390-L411   # Vulnerability details   The castVoteInternal function can be called by anyone, even users that don't have any votes. This means that an attacker could create a large number of addresses and vote with zero votes. Since the voting refund is per address, the attacker could drain the vault by voting with zero votes on a larg"
code4rena,2023-05-venus,174,WhitePaperInterestRateModel.sol: Inaccurate assumption of the interest rate model since blocksPerYear is wrongly set to 2102400,bug; 3 (High Risk); satisfactory; upgraded by judge; duplicate-320,Interest Rate,# Lines of code  https://github.com/code-423n4/2023-05-venus/blob/8be784ed9752b80e6f1b8b781e2e6251748d0d7e/contracts/WhitePaperInterestRateModel.sol#L36-L40 https://github.com/code-423n4/2023-05-venus/blob/8be784ed9752b80e6f1b8b781e2e6251748d0d7e/contracts/WhitePaperInterestRateModel.sol#L14-L17 https://github.com/code-423n4/2023-05-venus/blob/8be784ed9752b80e6f1b8b781e2e6251748d0d7e/contracts/BaseJumpRateModelV2.sol#L23   # Vulnerability details    ## Impact  The base interest rate when utiliza
code4rena,2023-05-venus,172,Accumulated bad debt may lead to a run,bug; 3 (High Risk); unsatisfactory,"Borrow Logic, Deposit, Withdraw","# Lines of code  https://github.com/code-423n4/2023-05-venus/blob/8be784ed9752b80e6f1b8b781e2e6251748d0d7e/contracts/VToken.sol#L1476-L1478   # Vulnerability details  ## Impact If the risk fund is unable to cover bad debt, the amount of bad debt will continue to accumulate. The protocol does not have a proper mechanism to allocate and share the losses, which may eventually lead to a squeeze.  ## Proof of Concept When redeeming, **exchangeRate** is calculated by      uint256 totalCash = _getCashP"
code4rena,2023-05-venus,165,Wrong reentrancy modifier `nonReentrant()` defined in `VToken.sol`,bug; 3 (High Risk); unsatisfactory,Borrow Logic,"# Lines of code  https://github.com/code-423n4/2023-05-venus/blob/main/contracts/VToken.sol#L33-L38   # Vulnerability details  ## Impact `nonReentrant` modifier is incorrectly defined, resulting in all functions using modifier to always revert  ## Proof of Concept [VToken.sol#L33-L38](https://github.com/code-423n4/2023-05-venus/blob/main/contracts/VToken.sol#L33-L38) ```solidity modifier nonReentrant() {     require(_notEntered, ""re-entered"");     _notEntered = false;     _;     _notEntered = tr"
code4rena,2023-05-venus,164, Owner of isolated pool can DOS user from claiming accrued rewards ,bug; 3 (High Risk); unsatisfactory,Borrow Logic,"# Lines of code  https://github.com/code-423n4/2023-05-venus/blob/main/contracts/Rewards/RewardsDistributor.sol#L280   # Vulnerability details  ## Impact Owner of isolated pools can prevent users from claiming rewards  ## Proof of Concept [RewardsDistributor.sol#L280](https://github.com/code-423n4/2023-05-venus/blob/main/contracts/Rewards/RewardsDistributor.sol#L280) ```solidity function claimRewardToken(address holder, VToken[] memory vTokens) public {     uint256 vTokensCount = vTokens.length;"
code4rena,2023-05-venus,157,First minter can manipulate `exchangeRate` to affect small minters.,invalid; 3 (High Risk); withdrawn by warden,"Deposit, Precision, Fund Theft","# Lines of code  https://github.com/code-423n4/2023-05-venus/blob/8be784ed9752b80e6f1b8b781e2e6251748d0d7e/contracts/VToken.sol#L743-L791   # Vulnerability details  ## Impact First minter on a new market can artificially inflate the `exchangeRate`, enabling him to steal funds from future small size mints.  ## Proof of Concept An attacker can mint 1 vToken of new market, then proceed to transfer the underlying token directly to the vToken contract address, increasing the `totalCash` and thus arti"
code4rena,2023-05-venus,155,Incorrect `blocksPerYear` in `WhitePaperInterestRateModel`,bug; 3 (High Risk); satisfactory; upgraded by judge; duplicate-320,"Interest Rate, Borrow Logic","# Lines of code  https://github.com/code-423n4/2023-05-venus/blob/8be784ed9752b80e6f1b8b781e2e6251748d0d7e/contracts/WhitePaperInterestRateModel.sol#L17   # Vulnerability details  ## Impact In `WhitePaperInterestRateModel`, the code is using `2102400` as its value of `blocksPerYear`. This is equivalent to a block every 15 seconds (a.k.a. 4 times a minute), since `4 * 60 * 24 * 365 == 2102400`. However, Venus protocol is deployed on BSC, which produces a block every 3 seconds, so `blocksPerYear` "
code4rena,2023-05-venus,149,front run attack can happen in increaseAllowance and decreaseAllowance,bug; 3 (High Risk); unsatisfactory,Other,"# Lines of code  https://github.com/code-423n4/2023-05-venus/blob/8be784ed9752b80e6f1b8b781e2e6251748d0d7e/contracts/VToken.sol#L625-L635 https://github.com/code-423n4/2023-05-venus/blob/8be784ed9752b80e6f1b8b781e2e6251748d0d7e/contracts/VToken.sol#L645-L659   # Vulnerability details  ## Impact front run attack can happen in increaseAllowance() and decreaseAllowance () cuz of  lack of setting to allowance to zero first .  ## Proof of Concept if allowance is not set to zero ,when decreaseallownce"
code4rena,2023-05-venus,135,Attacker can drain protocol by manipulating exchangeRateStored price by calling reduceReserves,bug; 3 (High Risk); unsatisfactory,Fund Drain,"# Lines of code  https://github.com/code-423n4/2023-05-venus/blob/9853f6f4fe906b635e214b22de9f627c6a17ba5b/contracts/VToken.sol#L1200   # Vulnerability details  ## Impact Detailed description of the impact of this finding. Attacker can drain protocol by manipulating exchangeRateStored price by calling reduceReserves ## Proof of Concept Provide direct links to all referenced code in GitHub. Add screenshots, logs, or any other relevant proof that illustrates the concept.  In compound's code there "
code4rena,2023-05-venus,130,Reentrancy vulnerability in VToken.sol,bug; 3 (High Risk); unsatisfactory,"Reentrancy, Fund Drain",# Lines of code  https://github.com/code-423n4/2023-05-venus/blob/8be784ed9752b80e6f1b8b781e2e6251748d0d7e/contracts/VToken.sol#L213 https://github.com/code-423n4/2023-05-venus/blob/8be784ed9752b80e6f1b8b781e2e6251748d0d7e/contracts/VToken.sol#L180   # Vulnerability details  ## Impact The mint and redeem functions in VToken.sol are vulnerable to reentrancy attacks. This is because the functions do not call require() after they have made a state change. This means that an attacker could call the 
code4rena,2023-05-venus,129,Integer overflow vulnerability in Comptroller.sol,bug; 3 (High Risk); unsatisfactory; edited-by-warden,Borrow Logic,"# Lines of code  https://github.com/code-423n4/2023-05-venus/blob/8be784ed9752b80e6f1b8b781e2e6251748d0d7e/contracts/Comptroller.sol#L124   # Vulnerability details  ## Impact The borrow function in Comptroller.sol does not perform sufficient input validation on the amount being borrowed. This means that an attacker could pass in an integer that is too large, which could cause the function to overflow and return an incorrect value.  An attacker could exploit this vulnerability to borrow more than"
code4rena,2023-05-venus,109,Reentrancy Vulnerability in Pool/PoolRegistry.sol,bug; 3 (High Risk); unsatisfactory,"Reentrancy, Fund Drain, Fund Loss","# Lines of code  https://github.com/code-423n4/2023-05-venus/blob/main/contracts/Pool/PoolRegistry.sol#L410   # Vulnerability details  ## Impact Reentrancy Vulnerability: The _transferIn function performs an external contract call to token.safeTransferFrom. If the called contract is malicious and performs reentrant calls back into the PoolRegistry contract, it could manipulate the contract state or cause unexpected behavior. The _transferIn function in the provided code is susceptible to a reent"
code4rena,2023-05-venus,105,blocksPerYear hardcoded to 10512000 in the BaseJumpRateModelV2 contract,bug; 3 (High Risk); satisfactory; upgraded by judge; duplicate-320,"Interest Rate, Borrow Logic",# Lines of code  https://github.com/code-423n4/2023-05-venus/blob/8be784ed9752b80e6f1b8b781e2e6251748d0d7e/contracts/BaseJumpRateModelV2.sol#L23 https://github.com/code-423n4/2023-05-venus/blob/8be784ed9752b80e6f1b8b781e2e6251748d0d7e/contracts/BaseJumpRateModelV2.sol#L172 https://github.com/code-423n4/2023-05-venus/blob/8be784ed9752b80e6f1b8b781e2e6251748d0d7e/contracts/BaseJumpRateModelV2.sol#L112   # Vulnerability details  ## Impact The variables baseRatePerBlock and multiplierPerBlock and ju
code4rena,2023-05-venus,96,Users can borrow money more than they can repay,bug; 3 (High Risk); unsatisfactory; edited-by-warden,"Liquidation, Borrow Logic, Collateral","# Lines of code  https://github.com/code-423n4/2023-05-venus/blob/main/contracts/VToken.sol#L241   # Vulnerability details  ## Impact The borrow function checks if the contract has enough cash to cover the borrow request, but it doesn't check anything about the borrower, such as their outstanding loans or collateral.  ## Proof of Concept The function borrow() allowed everyone call directly. Although there is a function (e.g liquidateBorrow() etc) to force user put some collateral before borrow m"
code4rena,2023-05-venus,92,Miscalculation in _startAuction can lead to precision loss and break the protocol auction logic,bug; 3 (High Risk); unsatisfactory; edited-by-warden,"Oracle, Bad Debt",# Lines of code  https://github.com/code-423n4/2023-05-venus/blob/main/contracts/Shortfall/Shortfall.sol#L393 https://github.com/VenusProtocol/oracle/blob/develop/contracts/oracles/BinanceOracle.sol#L83 https://github.com/VenusProtocol/oracle/blob/develop/contracts/oracles/ChainlinkOracle.sol#L159 https://github.com/VenusProtocol/oracle/blob/develop/contracts/oracles/TwapOracle.sol#L129   # Vulnerability details  ## Impact Miscalculation of a `poolBadDebt` in `_startAuction` function can break t
code4rena,2023-05-venus,84,Missing Input Validation: Lack of comprehensive input validation on ongetBorrowRate and getSupplyRate functions in WhitePaperInterestRateModel.sol,bug; 3 (High Risk); unsatisfactory,"Interest Rate, Borrow Logic, Reentrancy","# Lines of code  https://github.com/code-423n4/2023-05-venus/blob/main/contracts/WhitePaperInterestRateModel.sol#L50 https://github.com/code-423n4/2023-05-venus/blob/main/contracts/WhitePaperInterestRateModel.sol#L67   # Vulnerability details  ## Impact The impact of the missing input validation in the `getBorrowRate` and `getSupplyRate` functions can lead to various security vulnerabilities and contract failures, including:  1. Integer Overflow or Underflow: Without proper input validation, if "
code4rena,2023-05-venus,80,Lack of Access Control: Anyone can deploy a VToken proxy. Can lead to unauthorized deployments and potential misuse of the contract due to deployVTokenProxy function is externally accessible in VTokenProxyFactory.sol,bug; 3 (High Risk); unsatisfactory,Fund Theft,"# Lines of code  https://github.com/code-423n4/2023-05-venus/blob/main/contracts/Factories/VTokenProxyFactory.sol#L28   # Vulnerability details  ## Impact Lack of Access Control: The deployVTokenProxy function is externally accessible, meaning anyone can deploy a VToken proxy. This can lead to unauthorized deployments and potential misuse of the contract. It is crucial to implement proper access control mechanisms to restrict the deployment to authorized entities only. The impact of having the `"
code4rena,2023-05-venus,75,"integer division: div_ function performs division using unsigned integers, which can result in truncation and the loss of fractional values in ExponentialNoError.sol",bug; 3 (High Risk); unsatisfactory,"Interest Rate, Rounding, Precision","# Lines of code  https://github.com/code-423n4/2023-05-venus/blob/main/contracts/ExponentialNoError.sol#L125   # Vulnerability details  ## Impact The impact of the integer division vulnerability in the `div_` function is primarily related to precision errors and unexpected results. When performing integer division in Solidity, the fractional part of the division result is discarded, resulting in potential loss of precision.  Here are some potential impacts of this vulnerability:  1. Loss of Deci"
code4rena,2023-05-venus,73,Lack of input validation: mint() function does not perform explicit validation on the mintAmount parameter in VTokenInterfaces.sol and VToken.sol,bug; 3 (High Risk); unsatisfactory,"Exchange Rate, Share Inflation","# Lines of code  https://github.com/code-423n4/2023-05-venus/blob/main/contracts/VTokenInterfaces.sol#L271 https://github.com/code-423n4/2023-05-venus/blob/8be784ed9752b80e6f1b8b781e2e6251748d0d7e/contracts/VToken.sol#L180   # Vulnerability details  ## Impact Lack of input validation: Without proper input validation, the contract is susceptible to various vulnerabilities. For example, if the mint() function does not validate the mintAmount parameter, an attacker could pass a large value, leading"
code4rena,2023-05-venus,51,When LARGE_RISK_FUND sender transfer same fund can place a bid greater than the previous in an ongoing auction,bug; 3 (High Risk); unsatisfactory,Other,"# Lines of code  https://github.com/code-423n4/2023-05-venus/blob/main/contracts/Shortfall/Shortfall.sol#L190 https://github.com/code-423n4/2023-05-venus/blob/main/contracts/Shortfall/Shortfall.sol#L193   # Vulnerability details  ## Impact  Attacker just give 0 bidBps then can get the greater bid ,does not need to transfer more fund.  ## Proof of Concept  https://github.com/code-423n4/2023-05-venus/blob/main/contracts/Shortfall/Shortfall.sol#L190  https://github.com/code-423n4/2023-05-venus/blob"
code4rena,2023-05-venus,50,updateAssetsState() function has reentrancy vulnerability,bug; 3 (High Risk); unsatisfactory,"Reentrancy, DoS",# Lines of code  https://github.com/code-423n4/2023-05-venus/blob/main/contracts/RiskFund/ReserveHelpers.sol#L59   # Vulnerability details  ## Impact  Reentrancy vulnerability cause DoS  ## Proof of Concept  https://github.com/code-423n4/2023-05-venus/blob/main/contracts/RiskFund/ReserveHelpers.sol#L59  The asset parameters is controlled by the attacker，attacker can use a fake contract and cause reentrancy vulnerability.  ## Tools Used  sublimed  ## Recommended Mitigation Steps  Add modifier Nor
code4rena,2023-05-venus,49,RiskFund/ReserveHelpers.sol has not constructor and the poolRegistry is undefined,bug; 3 (High Risk); unsatisfactory; edited-by-warden,Share Manipulation,"# Lines of code  https://github.com/code-423n4/2023-05-venus/blob/main/contracts/RiskFund/ReserveHelpers.sol#L20 https://github.com/code-423n4/2023-05-venus/blob/main/contracts/RiskFund/ReserveHelpers.sol#L53   # Vulnerability details  ## Impact  Cause the updateAssetsState() function useless.  ## Proof of Concept  https://github.com/code-423n4/2023-05-venus/blob/main/contracts/RiskFund/ReserveHelpers.sol#L20  We can see the poolRegistry is undefined, and not find the constructor  ```solidity ad"
code4rena,2023-05-venus,35,A malicious Actor can use healAccount() function in comptroller.sol to seize users tokens ,bug; 3 (High Risk); unsatisfactory; edited-by-warden,"Liquidation, Borrow Logic, Fund Theft",# Lines of code  https://github.com/code-423n4/2023-05-venus/blob/8be784ed9752b80e6f1b8b781e2e6251748d0d7e/contracts/Comptroller.sol#L578-L626 https://github.com/code-423n4/2023-05-venus/blob/8be784ed9752b80e6f1b8b781e2e6251748d0d7e/contracts/VToken.sol#L473 https://github.com/code-423n4/2023-05-venus/blob/8be784ed9752b80e6f1b8b781e2e6251748d0d7e/contracts/VToken.sol#L1097-L1136   # Vulnerability details  ## Impact The healAccount() function in comptroller.sol can be used by a malicious actor to
code4rena,2023-05-venus,32,WhitePaperInterestRateModel.sol Inflates Interest Rate,bug; 3 (High Risk); satisfactory; upgraded by judge; duplicate-320,"Interest Rate, Borrow Logic","# Lines of code  https://github.com/code-423n4/2023-05-venus/blob/main/contracts/WhitePaperInterestRateModel.sol#L17   # Vulnerability details  The interest model created by WhitePaperInterestRateModel.sol incorrectly inflates the intended interest rate due to an incorrect hardcoding of the `blocksPerYear` variable. This will result in borrowers paying higher than intended interest, as this variable is used to calculate a vToken’s borrow rate.  BNB and Ethereum have different block rates, with B"
code4rena,2023-05-venus,7,"VToken.mint(), mintBehalf() & redeem() expose users to unlimited slippage",bug; 3 (High Risk); unsatisfactory; edited-by-warden,"Exchange Rate, Borrow Logic",# Lines of code  https://github.com/code-423n4/2023-05-venus/blob/main/contracts/VToken.sol#L180-L183 https://github.com/code-423n4/2023-05-venus/blob/main/contracts/VToken.sol#L195-L200 https://github.com/code-423n4/2023-05-venus/blob/main/contracts/VToken.sol#L743-L791 https://github.com/code-423n4/2023-05-venus/blob/main/contracts/VToken.sol#L1463-L1482   # Vulnerability details  ## Impact [VToken.mint()](https://github.com/code-423n4/2023-05-venus/blob/main/contracts/VToken.sol#L180-L183) & 
code4rena,2023-05-venus,6,blocksPerYear is not sync like it supposed to in bsc chain,bug; 3 (High Risk); satisfactory; upgraded by judge; edited-by-warden; duplicate-320,Interest Rate,"# Lines of code  https://github.com/code-423n4/2023-05-venus/blob/9853f6f4fe906b635e214b22de9f627c6a17ba5b/contracts/WhitePaperInterestRateModel.sol#L17   # Vulnerability details  ## Impact Detailed description of the impact of this finding. The variable calculations in WhitePaperInterestRateModel are incorrect compared to BaseJumpRateModelV2 due to a lack of synchronization in blocksPerYear. ## Proof of Concept Provide direct links to all referenced code in GitHub. Add screenshots, logs, or any"
code4rena,2024-02-spectra,306,An Attacker can manipulate the IBTRate on PrincpleToken Contract resulting bad PTRate ,bug; 3 (High Risk); insufficient quality report; primary issue; sponsor disputed; unsatisfactory; edited-by-warden; :robot:_248_group,"Deposit, Rounding, Vault",# Lines of code  https://github.com/code-423n4/2024-02-spectra/blob/383202d0b84985122fe1ba53cfbbb68f18ba3986/src/tokens/PrincipalToken.sol#L912-L916   # Vulnerability details  ## Impact An attacker can decrease PTRate drastically and cause users loss of funds  ## Proof of Concept [ibtRate](https://github.com/code-423n4/2024-02-spectra/blob/383202d0b84985122fe1ba53cfbbb68f18ba3986/src/tokens/PrincipalToken.sol#L152) is being calculated relying on `previewRedeem()` of the Vault.  Let's say we have
code4rena,2024-02-spectra,305,YieldToken holders are able to effectively steal collateral from PrincipalToken holders when there is a temporary down-rebase in the ERC4626 token's yield,bug; 3 (High Risk); high quality report; primary issue; sponsor disputed; unsatisfactory; :robot:_108_group,"Collateral, Deposit, Withdraw","# Lines of code  https://github.com/code-423n4/2024-02-spectra/blob/main/src/libraries/PrincipalTokenUtil.sol#L55-L130   # Vulnerability details  ## Impact  For Spectra's system to work as intended, the PrincipalToken holders are supposed to be able to withdraw their deposited collateral in full in the following cases: value of the ERC4626 collateral increases, or value of the collateral remains the same. However, this is not the case when there is a temporary down-rebase (ERC4626 collateral los"
code4rena,2024-02-spectra,304,"Asymmetry in calculating yield, when IBTRate has first dropped and then increased",bug; 3 (High Risk); sufficient quality report; unsatisfactory; :robot:_187_group; duplicate-53,"Deposit, Withdraw, Rounding",# Lines of code  https://github.com/code-423n4/2024-02-spectra/blob/main/src/libraries/PrincipalTokenUtil.sol#L55-L129   # Vulnerability details  ## Impact The [_computeYield()](https://github.com/code-423n4/2024-02-spectra/blob/main/src/libraries/PrincipalTokenUtil.sol#L55-L129) function is responsible for calculating the yield that a certain user has generated since depositing IBT tokens into the ``PrincipaToken.sol`` contract. In the begging the ``PTRate`` = 1 and ``IBTRAte`` = 1. The the ``I
code4rena,2024-02-spectra,291,Yield token holders can drain value from principal token holders,bug; 3 (High Risk); sufficient quality report; unsatisfactory; :robot:_108_group; duplicate-305,"Exchange Rate, Deposit, Vault",# Lines of code  https://github.com/code-423n4/2024-02-spectra/blob/383202d0b84985122fe1ba53cfbbb68f18ba3986/src/tokens/PrincipalToken.sol#L906-L912   # Vulnerability details  ## Impact  Yield token holders can drain value from principal token holders by manipulating ibt token exchange rate.  ## Proof of Concept  Exchange rate of ERC-4626 [can be manipulated](https://www.euler.finance/blog/exchange-rate-manipulation-in-erc4626-vaults) and it can be done for profit by yt token holders.  On each y
code4rena,2024-02-spectra,289,The ratesAtExpiryStored flag is not protected by access control. Anyone can call storeRatesAtExpiry() after expiry ,bug; 3 (High Risk); insufficient quality report; unsatisfactory; :robot:_103_group; duplicate-282,Other,# Lines of code  https://github.com/code-423n4/2024-02-spectra/blob/383202d0b84985122fe1ba53cfbbb68f18ba3986/src/tokens/PrincipalToken.sol#L409-L417   # Vulnerability details  ## Impact Anyone can lock in potentially arbitrary rates for redeeming principal tokens after expiry by calling storeRatesAtExpiry(). This could allow attackers to manipulate redemptions to their advantage. The severity is high because it impacts a critical part of the contract's functionality for redeeming tokens after ex
code4rena,2024-02-spectra,286,Initial Deposit Rate Exploitation can Lead to Unfair Advantage and Future Deposit Dilution,bug; 3 (High Risk); insufficient quality report; primary issue; unsatisfactory; :robot:_248_group,"Deposit, Share Manipulation, First Depositor",# Lines of code  https://github.com/code-423n4/2024-02-spectra/blob/main/src/tokens/PrincipalToken.sol#L750   # Vulnerability details  ## Impact  The PrincipalToken allows the first depositor to arbitrarily set the initial PT and IBT rates by making the first deposit. This could be exploited to dilute future depositors.   ## Proof of Concept  The `ibtRate` and `ptRate` state variables are initialized to some defaults. But the first depositor can arbitrarily set them by choosing the deposit amoun
code4rena,2024-02-spectra,284,"There is no reentrancy protection for principal token flashloan function, allowing attackers to drain IBT",bug; 3 (High Risk); insufficient quality report; unsatisfactory; :robot:_32_group,"Flash Loan, Interest Rate, Borrow Logic",# Lines of code  https://github.com/code-423n4/2024-02-spectra/blob/383202d0b84985122fe1ba53cfbbb68f18ba3986/src/tokens/PrincipalToken.sol#L609 https://github.com/code-423n4/2024-02-spectra/blob/383202d0b84985122fe1ba53cfbbb68f18ba3986/src/tokens/PrincipalToken.sol#L624   # Vulnerability details  ## Impact The main impact is that a malicious user can drain all interest bearing token locked in the principal token contract.  ## Proof of Concept  In order to reproduce a malicious user has to deploy
code4rena,2024-02-spectra,282,Post-Expiry Rate Manipulation in PrincipalToken due to Lack of Access Control,bug; 3 (High Risk); insufficient quality report; primary issue; unsatisfactory; :robot:_103_group,Oracle,# Lines of code  https://github.com/code-423n4/2024-02-spectra/blob/main/src/tokens/PrincipalToken.sol#L409   # Vulnerability details  ## Impact  Attackers can exploit the reliance on calling `storeRatesAtExpiry()` to lock rates after expiry to extract additional value or manipulate user redemptions.  ## Proof of Concept  ``` File: PrincipalToken.sol 409:     function storeRatesAtExpiry() public override afterExpiry { 410:         if (ratesAtExpiryStored) { 411:             revert RatesAtExpiryA
code4rena,2024-02-spectra,279,Rounding in favour of the user in the _convertIBTsToShares() function,bug; 3 (High Risk); sufficient quality report; unsatisfactory; :robot:_05_group; duplicate-201,"Deposit, Withdraw, Rounding","# Lines of code  https://github.com/code-423n4/2024-02-spectra/blob/383202d0b84985122fe1ba53cfbbb68f18ba3986/src/tokens/PrincipalToken.sol#L684   # Vulnerability details  ## Impact Rounding in favour of the user in the `_convertIBTsToShares()` function may lead to minting more shares than it was intended by the protocol. Minted amount of shares may exceed the amount that was supposed to be minted in case of rounding down in favour of the protocol, thus leading to loss of funds for the protocol w"
code4rena,2024-02-spectra,278,The owner of shares is not verified in the withdraw functions. This could allow anyone to burn someone else's shares via withdraw.,bug; 3 (High Risk); insufficient quality report; unsatisfactory; :robot:_244_group,"Withdraw, Vault, Share Manipulation",# Lines of code  https://github.com/code-423n4/2024-02-spectra/blob/383202d0b84985122fe1ba53cfbbb68f18ba3986/src/tokens/PrincipalToken.sol#L290-L300   # Vulnerability details  ## Impact It allows anyone to maliciously burn someone else's shares by calling the withdraw functions. Specifically:  The withdraw and withdrawIBT functions allow burning an arbitrary amount of shares belonging to any user by simply specifying their address as the owner parameter. This could drain all the value from unsus
code4rena,2024-02-spectra,267,Arbitrary `from` passed to `transferFrom` (or `safeTransferFrom`),bug; 3 (High Risk); insufficient quality report; unsatisfactory; :robot:_28_group,Fund Loss,"# Lines of code  https://github.com/code-423n4/2024-02-spectra/blob/main/src/tokens/PrincipalToken.sol#L628 https://github.com/code-423n4/2024-02-spectra/blob/main/src/tokens/YieldToken.sol#L101   # Vulnerability details  ## Impact  Passing an arbitrary `from` address to `transferFrom` (or `safeTransferFrom`) can lead to loss of funds, because anyone can transfer tokens from the `from` address if an approval is made.  ## Vulnerability Details - Found in src/tokens/PrincipalToken.sol [Line: 628]("
code4rena,2024-02-spectra,262,"When storing rates at expiry, there is no check that totalAssets > 0. This could allow rates to be stored when the vault is empty",bug; 3 (High Risk); insufficient quality report; primary issue; unsatisfactory,"Withdraw, Vault","# Lines of code  https://github.com/code-423n4/2024-02-spectra/blob/383202d0b84985122fe1ba53cfbbb68f18ba3986/src/tokens/PrincipalToken.sol#L409-L417 https://github.com/code-423n4/2024-02-spectra/blob/383202d0b84985122fe1ba53cfbbb68f18ba3986/src/tokens/PrincipalToken.sol#L901-L905   # Vulnerability details  ## Impact it would set the PT and IBT rates to 0 in the contract state. This would make the PT and IBT tokens worthless and irredeemable, since redeeming them later would attempt to divide by "
code4rena,2024-02-spectra,259,Relying on `balanceOf` can lead to Price Manupulation Attack,bug; 3 (High Risk); insufficient quality report; unsatisfactory,Flash Loan,# Lines of code  https://github.com/code-423n4/2024-02-spectra/blob/main/src/tokens/PrincipalToken.sol#L499 https://github.com/code-423n4/2024-02-spectra/blob/main/src/tokens/PrincipalToken.sol#L588 https://github.com/code-423n4/2024-02-spectra/blob/main/src/tokens/PrincipalToken.sol#L868 https://github.com/code-423n4/2024-02-spectra/blob/main/src/tokens/PrincipalToken.sol#L870 https://github.com/code-423n4/2024-02-spectra/blob/main/src/tokens/PrincipalToken.sol#L871 https://github.com/code-423n
code4rena,2024-02-spectra,258,`block.timestamp` does not correspond to the same values on multi chains,bug; 3 (High Risk); insufficient quality report; unsatisfactory,Other,"# Lines of code  https://github.com/code-423n4/2024-02-spectra/blob/383202d0b84985122fe1ba53cfbbb68f18ba3986/src/tokens/YieldToken.sol#L124 https://github.com/code-423n4/2024-02-spectra/blob/383202d0b84985122fe1ba53cfbbb68f18ba3986/src/tokens/PrincipalToken.sol#L86   # Vulnerability details  ## Impact Block time refers to the time separating blocks. The average block time in Ethereum is 12 seconds, but this value is different on different chains on Polygon and in Arbitrum chains.  ## Proof of Co"
code4rena,2024-02-spectra,257,"The rewardsProxy code is executed via delegatecall, which is dangerous",bug; 3 (High Risk); insufficient quality report; unsatisfactory; :robot:_09_group,"Deposit, Vault, Fund Drain","# Lines of code  https://github.com/code-423n4/2024-02-spectra/blob/383202d0b84985122fe1ba53cfbbb68f18ba3986/src/tokens/PrincipalToken.sol#L394-L403   # Vulnerability details  ## Impact The main risk with using delegatecall for the rewardsProxy is that it gives the rewardsProxy contract full access to the state and logic of the PrincipalToken contract. This could allow a malicious rewardsProxy contract to drain funds, manipulate state like balances or rates, pause the contract, etc. Some major i"
code4rena,2024-02-spectra,254,The user's yield is updated in beforeYtTransfer. This means yield will not be updated if only PT is transferred. ,bug; 3 (High Risk); sufficient quality report; unsatisfactory; :robot:_126_group; duplicate-109,Deposit,"# Lines of code  https://github.com/code-423n4/2024-02-spectra/blob/383202d0b84985122fe1ba53cfbbb68f18ba3986/src/tokens/PrincipalToken.sol#L385-L391   # Vulnerability details  ## Impact User's yield will not be updated if they transfer PT tokens without also transferring YT tokens. This means that if a user earns yield through their YT tokens, and then transfers PT tokens, their yield will not be incorporated into the Principal Token contract until they also transfer YT tokens. For users who onl"
code4rena,2024-02-spectra,246,`Principal::depositIBT` @ line 201 invokes the function without slippage protection,bug; 3 (High Risk); insufficient quality report; primary issue; unsatisfactory; edited-by-warden; :robot:_152_group,"Deposit, Share Manipulation",# Lines of code  https://github.com/code-423n4/2024-02-spectra/blob/383202d0b84985122fe1ba53cfbbb68f18ba3986/src/tokens/PrincipalToken.sol#L201-L202   # Vulnerability details  ## Impact The external function [`Principal::depositIBT @ line 201`](https://github.com/code-423n4/2024-02-spectra/blob/383202d0b84985122fe1ba53cfbbb68f18ba3986/src/tokens/PrincipalToken.sol#L201) invokes a function with the same name [`depositIBT() @ line 206`](https://github.com/code-423n4/2024-02-spectra/blob/383202d0b8
code4rena,2024-02-spectra,245,The convertToPrincipal and convertToUnderlying functions can potentially allow manipulation of rates after expiry.,bug; 3 (High Risk); primary issue; sponsor disputed; sufficient quality report; unsatisfactory; :robot:_103_group,"Flash Loan, Deposit, Share Manipulation","# Lines of code  https://github.com/code-423n4/2024-02-spectra/blob/383202d0b84985122fe1ba53cfbbb68f18ba3986/src/tokens/PrincipalToken.sol#L488-L490 https://github.com/code-423n4/2024-02-spectra/blob/383202d0b84985122fe1ba53cfbbb68f18ba3986/src/tokens/PrincipalToken.sol#L493-L495   # Vulnerability details  ## Impact After expiry, users can manipulate rates to get more or less principal tokens for their underlying assets or vice versa when converting between the two. This could benefit certain us"
code4rena,2024-02-spectra,244,"Owner can be attacked by a malicious contract when the owner calls withdraw, thereby draining the users assets.",bug; 3 (High Risk); insufficient quality report; unsatisfactory; :robot:_244_group,"Withdraw, Share Manipulation, Reentrancy","# Lines of code  https://github.com/code-423n4/2024-02-spectra/blob/383202d0b84985122fe1ba53cfbbb68f18ba3986/src/tokens/PrincipalToken.sol#L285-L286   # Vulnerability details  ## Impact  ## Report Details:  In the `withdraw` function, there is a potential vulnerability related to reentrancy. The `IERC4626(ibt).withdraw` call is executed before an essential state is set, potentially exposing the contract to reentrancy attacks. To mitigate this risk and enhance security, consider introducing a ree"
code4rena,2024-02-spectra,243,Wrong decimals utilized in computingYield if underlying asset has less decimals than Yield Token,bug; 3 (High Risk); primary issue; sponsor disputed; sufficient quality report; unsatisfactory; :robot:_187_group,Rounding,"# Lines of code  https://github.com/code-423n4/2024-02-spectra/blob/main/src/libraries/PrincipalTokenUtil.sol#L113   # Vulnerability details  ## Impact In the [_computeYield()](https://github.com/code-423n4/2024-02-spectra/blob/main/src/libraries/PrincipalTokenUtil.sol#L55-L130) function if there was more negative yield that happened the function will try and calculate the yield in the following way: ```solidity else {                     // either both negative and positive yield happened, more"
code4rena,2024-02-spectra,239,Incorrect calculation of `newYieldInIBTRay` in function `_computeYield`.,bug; 3 (High Risk); sufficient quality report; unsatisfactory; :robot:_187_group; duplicate-53,Other,"# Lines of code  https://github.com/code-423n4/2024-02-spectra/blob/main/src/libraries/PrincipalTokenUtil.sol#L71-L76   # Vulnerability details  ## Impact The calculation of `newYieldInIBTRay` in function `_computeYield` is incorrect, causing less new yield.  ## Proof of Concept As shown in [_computeYield#L71-L76](https://github.com/code-423n4/2024-02-spectra/blob/main/src/libraries/PrincipalTokenUtil.sol#L71-L76), the calculation of `newYieldInIBTRay` can be described as `newYield = oldYield * "
code4rena,2024-02-spectra,238,`Principal::deposit` @ line 171 invokes the function without slippage protection,bug; 3 (High Risk); insufficient quality report; unsatisfactory; edited-by-warden; :robot:_152_group; duplicate-246,"Deposit, Share Manipulation",# Lines of code  https://github.com/code-423n4/2024-02-spectra/blob/383202d0b84985122fe1ba53cfbbb68f18ba3986/src/tokens/PrincipalToken.sol#L171-L173   # Vulnerability details  ## Impact The external function [`Principal::deposit @ line 171`](https://github.com/code-423n4/2024-02-spectra/blob/383202d0b84985122fe1ba53cfbbb68f18ba3986/src/tokens/PrincipalToken.sol#L171) invokes a function with the same name [`deposit() @ line 176`](https://github.com/code-423n4/2024-02-spectra/blob/383202d0b8498512
code4rena,2024-02-spectra,228,"In line 303, `PrincipalToken::withdrawIBT` allows users to withdraw without slippage protection",bug; 3 (High Risk); insufficient quality report; unsatisfactory; :robot:_152_group; duplicate-246,"Withdraw, Share Manipulation","# Lines of code  https://github.com/code-423n4/2024-02-spectra/blob/383202d0b84985122fe1ba53cfbbb68f18ba3986/src/tokens/PrincipalToken.sol#L303-L313   # Vulnerability details  ## Impact Since the function [PrincipalToken::withdrawIBT @ line 303](https://github.com/code-423n4/2024-02-spectra/blob/383202d0b84985122fe1ba53cfbbb68f18ba3986/src/tokens/PrincipalToken.sol#L303) is exposed `public`, the users can call / withdraw. Unfortunately, that function has no slippage protection as shown below. ``"
code4rena,2024-02-spectra,226,"In line 278, `PrincipalToken::withdraw` allows users to withdraw without slippage protection",bug; 3 (High Risk); insufficient quality report; unsatisfactory; :robot:_152_group; duplicate-246,"Withdraw, Share Manipulation","# Lines of code  https://github.com/code-423n4/2024-02-spectra/blob/383202d0b84985122fe1ba53cfbbb68f18ba3986/src/tokens/PrincipalToken.sol#L278   # Vulnerability details  ## Impact In [PrincipalToken::withdraw @ line 278](https://github.com/code-423n4/2024-02-spectra/blob/383202d0b84985122fe1ba53cfbbb68f18ba3986/src/tokens/PrincipalToken.sol#L278) since the function is exposed `public`, the users can call / withdraw. Unfortunately, that function has no slippage protection as shown below. ```soli"
code4rena,2024-02-spectra,216,"In line 253, `PrincipalToken::redeemForIBT` allows users to redeem without slippage protection",bug; 3 (High Risk); insufficient quality report; unsatisfactory; edited-by-warden; :robot:_152_group; duplicate-246,Share Manipulation,# Lines of code  https://github.com/code-423n4/2024-02-spectra/blob/383202d0b84985122fe1ba53cfbbb68f18ba3986/src/tokens/PrincipalToken.sol#L253-L262   # Vulnerability details  ## Impact In [PrincipalToken::redeemForIBT @ line 253](https://github.com/code-423n4/2024-02-spectra/blob/383202d0b84985122fe1ba53cfbbb68f18ba3986/src/tokens/PrincipalToken.sol#L253-L262) users are allowed to redeem `ibts` without slippage protection because the function is exposed `public` as shown below.  ```solidity fun
code4rena,2024-02-spectra,209,A misbehaving IBT can cause the protocol to lose all accumulated fees.,bug; 3 (High Risk); high quality report; unsatisfactory; :robot:_208_group; duplicate-158,Fund Drain,"# Lines of code  https://github.com/code-423n4/2024-02-spectra/blob/383202d0b84985122fe1ba53cfbbb68f18ba3986/src/tokens/PrincipalToken.sol#L329-L337 https://github.com/code-423n4/2024-02-spectra/blob/383202d0b84985122fe1ba53cfbbb68f18ba3986/src/tokens/PrincipalToken.sol#L368-L382   # Vulnerability details   ## Impact  NOTE: Negative effects from a ""bad"" IBT should be out of scope since it is the responsibility of the users to check the quality of the IBT. However, **I checked this with Yanis fro"
code4rena,2024-02-spectra,208,Users can freely set ibtRate without depositing ibt or buying YT. They are assured of a risk-free instant yield when the ibtrate rises and they can potentially drain the entire contract balance with the use of flash loans.,bug; 3 (High Risk); high quality report; primary issue; sponsor disputed; unsatisfactory; edited-by-warden; :robot:_208_group,"Deposit, Fund Drain",# Lines of code  https://github.com/code-423n4/2024-02-spectra/blob/383202d0b84985122fe1ba53cfbbb68f18ba3986/src/tokens/PrincipalToken.sol#L340-L366 https://github.com/code-423n4/2024-02-spectra/blob/383202d0b84985122fe1ba53cfbbb68f18ba3986/src/tokens/PrincipalToken.sol#L385-L391 https://github.com/code-423n4/2024-02-spectra/blob/383202d0b84985122fe1ba53cfbbb68f18ba3986/src/tokens/PrincipalToken.sol#L609-L631 https://github.com/code-423n4/2024-02-spectra/blob/383202d0b84985122fe1ba53cfbbb68f18ba
code4rena,2024-02-spectra,204,"In line 229, `PrincipalToken::redeem` allows users to redeem assets without slippage protection",bug; 3 (High Risk); insufficient quality report; unsatisfactory; :robot:_152_group; duplicate-246,Share Manipulation,# Lines of code  https://github.com/code-423n4/2024-02-spectra/blob/383202d0b84985122fe1ba53cfbbb68f18ba3986/src/tokens/PrincipalToken.sol#L229-L237   # Vulnerability details  ## Impact In [PrincipalToken::redeem @ line 229](https://github.com/code-423n4/2024-02-spectra/blob/383202d0b84985122fe1ba53cfbbb68f18ba3986/src/tokens/PrincipalToken.sol#L229-L237) users are allowed to redeem `assets` without slippage protection because the function is exposed `public` as shown below.  ```solidity functio
code4rena,2024-02-spectra,201,"Incorrect rounding in `_convertIBTsToShares()`/`_convertSharesToIBTs()`, leading to minting more shares for the user than intended",bug; 3 (High Risk); primary issue; sponsor disputed; sufficient quality report; unsatisfactory; :robot:_05_group,"Deposit, Rounding, Share Manipulation","# Lines of code  https://github.com/code-423n4/2024-02-spectra/blob/main/src/tokens/PrincipalToken.sol#L680-L693 https://github.com/code-423n4/2024-02-spectra/blob/main/src/tokens/PrincipalToken.sol#L659-L672   # Vulnerability details   ## Impact  The rounding of `_convertIBTsToShares()` and `_convertSharesToIBTs()` function is incorrect, and does not always benefit the protocol. This could result in the minting of more shares for the user than intended, disadvantaging the protocol.  ## Bug Desc"
code4rena,2024-02-spectra,199,Invariant Violation: Discrepancy in PT and YT Token Supplies,bug; 3 (High Risk); sufficient quality report; unsatisfactory; edited-by-warden; :robot:_24_group; duplicate-114,"Deposit, Withdraw, Share Manipulation","# Lines of code  https://github.com/code-423n4/2024-02-spectra/blob/383202d0b84985122fe1ba53cfbbb68f18ba3986/src/tokens/PrincipalToken.sol#L793-L796 https://github.com/code-423n4/2024-02-spectra/blob/383202d0b84985122fe1ba53cfbbb68f18ba3986/src/tokens/PrincipalToken.sol#L816-L820   # Vulnerability details  ## Summary In the `_withdrawShares` and `_beforeRedeem` functions of the `PrincipalToken` contract, the burning process fails to properly account for both PT and YT tokens, leading to unequal "
code4rena,2024-02-spectra,186,_getCurrentPTandIBTRates return err value of currentPTRate,invalid; 3 (High Risk); withdrawn by warden,Rounding,"# Lines of code  https://github.com/code-423n4/2024-02-spectra/blob/main/src/tokens/PrincipalToken.sol#L906-L912   # Vulnerability details  ## Impact `currentIBTRate < ibtRate` should be `currentIBTRate > ibtRate` if current IBT Rate is bigger than old IBT rate, then need calculate the new ptRate  ## Recommended Mitigation Steps     uint256 currentPTRate = currentIBTRate > ibtRate             ? ptRate.mulDiv(                 currentIBTRate,                 ibtRate,                 roundUpPTRate "
code4rena,2024-02-spectra,181,Duration Paramter in Principle token can be exploited to cause IBT Rate Maniplulation and Gas Griefing ,bug; 3 (High Risk); insufficient quality report; unsatisfactory,"Interest Rate, Deposit, Withdraw","# Lines of code  https://github.com/code-423n4/2024-02-spectra/blob/383202d0b84985122fe1ba53cfbbb68f18ba3986/src/tokens/PrincipalToken.sol#L132   # Vulnerability details  ## Impact  The Spectra protocol allows users to deposit an Interest-Bearing Token (IBT) which is split into Principle Token (PT) and Yield Token (YT) pairs in a 1:1 ratio. However, the protocol lacks proper validation for the duration parameter provided during initialization. An attacker can exploit this by setting the duration"
code4rena,2024-02-spectra,180,"In line 206, `PrincipalToken::depositIBT` allows users to deposit without slippage protection",bug; 3 (High Risk); insufficient quality report; unsatisfactory; :robot:_152_group; duplicate-246,"Deposit, Share Manipulation",# Lines of code  https://github.com/code-423n4/2024-02-spectra/blob/383202d0b84985122fe1ba53cfbbb68f18ba3986/src/tokens/PrincipalToken.sol#L206-L213   # Vulnerability details  ## Impact In [PrincipalToken::depositIBT @ line 206](https://github.com/code-423n4/2024-02-spectra/blob/383202d0b84985122fe1ba53cfbbb68f18ba3986/src/tokens/PrincipalToken.sol#L206-L213) users are allowed to deposit `ibts` without slippage protection because the function is exposed `public` as shown below.  ```solidity func
code4rena,2024-02-spectra,161,`PrincipalToken::claimYield()` will allow users to claim yield before `expiry/maturity`.,bug; 3 (High Risk); primary issue; sponsor disputed; sufficient quality report; unsatisfactory; edited-by-warden; :robot:_52_group,Other,"# Lines of code  https://github.com/code-423n4/2024-02-spectra/blob/main/src/tokens/PrincipalToken.sol#L369-L374 https://github.com/code-423n4/2024-02-spectra/blob/main/src/tokens/PrincipalToken.sol#L377-L382   # Vulnerability details  **Description:** In practical scenarios, claiming earnings should only be possible after `expiry/maturity` when calling `claimYield()`. However, in the current situation, users can call `claimYield()` before `expiry/maturity`.  **Impact:** 1. Users can prematurely"
code4rena,2024-02-spectra,154,Exchange rate can be manipulated with Flashloans,bug; 3 (High Risk); sufficient quality report; unsatisfactory; :robot:_62_group; duplicate-45,"Flash Loan, Exchange Rate, Vault","# Lines of code  https://github.com/code-423n4/2024-02-spectra/blob/383202d0b84985122fe1ba53cfbbb68f18ba3986/src/tokens/PrincipalToken.sol#L609   # Vulnerability details  ## Impact  During flashloans, the vault will lend ibts(asset) without changing the number of shares issued which could lead to the exchange rate fluctuating as flash loans are served.  Read more here: https://www.euler.finance/blog/exchange-rate-manipulation-in-erc4626-vaults  ## Proof of Concept  https://github.com/code-423n4/"
code4rena,2024-02-spectra,153,No check for Flashlender sending back the tokens,bug; 3 (High Risk); insufficient quality report; unsatisfactory; :robot:_32_group,Fund Loss,# Lines of code  https://github.com/code-423n4/2024-02-spectra/blob/383202d0b84985122fe1ba53cfbbb68f18ba3986/src/tokens/PrincipalToken.sol#L628   # Vulnerability details  ## Impact  There is no check to see if the flashlender actually transfers back the funds which could lead to loss of funds if there no return of tokens  ## Proof of Concept  https://github.com/code-423n4/2024-02-spectra/blob/383202d0b84985122fe1ba53cfbbb68f18ba3986/src/tokens/PrincipalToken.sol#L628  ## Tools Used  Manual Revie
code4rena,2024-02-spectra,152,"In line 176, `PrincipalToken::deposit` allows users to deposit without slippage protection",bug; 3 (High Risk); insufficient quality report; unsatisfactory; edited-by-warden; :robot:_152_group; duplicate-246,"Deposit, Share Manipulation",# Lines of code  https://github.com/code-423n4/2024-02-spectra/blob/383202d0b84985122fe1ba53cfbbb68f18ba3986/src/tokens/PrincipalToken.sol#L176   # Vulnerability details  ## Impact In [PrincipalToken::deposit @ line 176](https://github.com/code-423n4/2024-02-spectra/blob/383202d0b84985122fe1ba53cfbbb68f18ba3986/src/tokens/PrincipalToken.sol#L176) users are allowed to deposit `assets` without slippage protection because the function is exposed `public` as shown below. ```solidity function deposit
code4rena,2024-02-spectra,148,"The `PrincipalToken::updateYield` function lacks access control, which could result in arbitrary users being able to update their IBT yield.",bug; 3 (High Risk); sufficient quality report; unsatisfactory; edited-by-warden; :robot:_31_group; duplicate-208,Deposit,# Lines of code  https://github.com/code-423n4/2024-02-spectra/blob/383202d0b84985122fe1ba53cfbbb68f18ba3986/src/tokens/PrincipalToken.sol#L340-L366 https://github.com/code-423n4/2024-02-spectra/blob/383202d0b84985122fe1ba53cfbbb68f18ba3986/src/tokens/PrincipalToken.sol#L369-L374 https://github.com/code-423n4/2024-02-spectra/blob/383202d0b84985122fe1ba53cfbbb68f18ba3986/src/tokens/PrincipalToken.sol#L848-L859 https://github.com/code-423n4/2024-02-spectra/blob/383202d0b84985122fe1ba53cfbbb68f18ba
code4rena,2024-02-spectra,143,Malicious Users Can Drain The Assets Of Vault. (Due to not being ERC4626 Complaint),bug; 3 (High Risk); insufficient quality report; unsatisfactory; duplicate-136,"Deposit, Withdraw, Rounding",# Lines of code  https://github.com/code-423n4/2024-02-spectra/blob/383202d0b84985122fe1ba53cfbbb68f18ba3986/src/tokens/PrincipalToken.sol#L278   # Vulnerability details  ## Impact Malicious users can drain the `assets(ibts)` of the vault.  ## Proof of Concept The withdraw function users convertToShares to convert the assets to the amount of shares. These shares are burned from the users account and the assets(ibt) are returned to the user. Here is the `withdraw` function  ```     function withd
code4rena,2024-02-spectra,131,`withdraw()` does not decrease the allowance,bug; 3 (High Risk); insufficient quality report; unsatisfactory,"Deposit, Withdraw, Vault","# Lines of code  https://github.com/code-423n4/2024-02-spectra/blob/383202d0b84985122fe1ba53cfbbb68f18ba3986/src/tokens/PrincipalToken.sol#L278-L287 https://github.com/code-423n4/2024-02-spectra/blob/383202d0b84985122fe1ba53cfbbb68f18ba3986/src/tokens/PrincipalToken.sol#L828-L841   # Vulnerability details  ## Impact  The inverse of the `deposit()` function is a `withdraw()` function. Function `deposit()` deposits amount of assets in the PT vault, while function `withdraw()` burns owner's shares "
code4rena,2024-02-spectra,129,Incorrect burning mechanism in `_beforeRedeem()`,bug; 3 (High Risk); insufficient quality report; primary issue; unsatisfactory; :robot:_85_group,Share Manipulation,# Lines of code  https://github.com/code-423n4/2024-02-spectra/blob/383202d0b84985122fe1ba53cfbbb68f18ba3986/src/tokens/PrincipalToken.sol#L812-L820   # Vulnerability details  ## Impact  Function `_beforeRedeem()` burns shares twice  ## Proof of Concept  [File: PrincipalToken.sol](https://github.com/code-423n4/2024-02-spectra/blob/383202d0b84985122fe1ba53cfbbb68f18ba3986/src/tokens/PrincipalToken.sol#L812-L820) ``` if (block.timestamp >= expiry) {             if (!ratesAtExpiryStored) {         
code4rena,2024-02-spectra,125,Function `updateYield()` can be called by anyone,bug; 3 (High Risk); sufficient quality report; unsatisfactory; :robot:_31_group; duplicate-208,Other,"# Lines of code  https://github.com/code-423n4/2024-02-spectra/blob/383202d0b84985122fe1ba53cfbbb68f18ba3986/src/tokens/PrincipalToken.sol#L340-L365   # Vulnerability details  ## Impact  Function `updateYield()` is public and does not implement any check which verifies the caller. This implies, that anyone can update yield of any user.  ## Proof of Concept  [File: PrincipalToken.sol](https://github.com/code-423n4/2024-02-spectra/blob/383202d0b84985122fe1ba53cfbbb68f18ba3986/src/tokens/PrincipalT"
code4rena,2024-02-spectra,124,TokenizedFee is not applied as expected with the user's discount fee.,bug; 3 (High Risk); insufficient quality report; primary issue; unsatisfactory; :robot:_14_group,"Deposit, Rounding",# Lines of code  https://github.com/code-423n4/2024-02-spectra/blob/main/src/tokens/PrincipalToken.sol#L756-L760 https://github.com/code-423n4/2024-02-spectra/blob/main/src/libraries/PrincipalTokenUtil.sol#L166 https://github.com/code-423n4/2024-02-spectra/blob/main/src/Registry.sol#L115   # Vulnerability details  ## Impact TokenizedFee is not applied as expected with the user's discount fee.  ## Proof of Concept [PrincipalToken.sol::_depositIBT()](https://github.com/code-423n4/2024-02-spectra/b
code4rena,2024-02-spectra,122,PrincipalToken.sol:: deposit() with any asset does not account fee-on-transfer token,bug; 3 (High Risk); insufficient quality report; unsatisfactory; :robot:_67_group,"Interest Rate, Deposit, Vault","# Lines of code  https://github.com/code-423n4/2024-02-spectra/blob/main/src/tokens/PrincipalToken.sol#L176-L185   # Vulnerability details  ## Impact PrincipalToken.sol:: deposit() with any asset does not account fee-on-transfer token like USDT, it causes loss of asset of Principal Token contract.  ## Proof of Concept https://github.com/code-423n4/2024-02-spectra/blob/main/src/tokens/PrincipalToken.sol#L176-L185  example: IBT: aUSDT(Aave Interest bearing USDT token) -- asset: USDT  User can depo"
code4rena,2024-02-spectra,120,Potential incorrect and inconsistent yield computation,bug; 3 (High Risk); sufficient quality report; unsatisfactory; :robot:_108_group; duplicate-109,Deposit,"# Lines of code  https://github.com/code-423n4/2024-02-spectra/blob/383202d0b84985122fe1ba53cfbbb68f18ba3986/src/tokens/PrincipalToken.sol#L369   # Vulnerability details  ## Impact  `PrincipalToken` updates rates of ibt and pt, whenever a user interacts with the contract, which impacts other user's claimed yield. In other words, a user's claimed yield can be different depending on other user's activity even for the same market status. The yield computation should be deterministic when a market s"
code4rena,2024-02-spectra,109,The claimed yield of a user is impacted by other users' activity and the yield computation could be inconsistent.,bug; 3 (High Risk); high quality report; primary issue; sponsor disputed; unsatisfactory; :robot:_108_group,Other,"# Lines of code  https://github.com/code-423n4/2024-02-spectra/blob/383202d0b84985122fe1ba53cfbbb68f18ba3986/src/libraries/PrincipalTokenUtil.sol#L55   # Vulnerability details  ## Summary  The yield generated for YT holders is supposed to be influenced by market rates, but the current yield computation algorithm is also impacted by other users' activity, allowing a user to receive a positive yield even if the effective rate remains the same.  ## Vulnerability Details  The `PrincipalToken` contra"
code4rena,2024-02-spectra,107,"A momentary de-pegging can result in a loss for all PT holders, although the market recovers while the protocol could ""earn"" from the de-pegging.",bug; 3 (High Risk); sufficient quality report; unsatisfactory; edited-by-warden; duplicate-305,Other,"# Lines of code  https://github.com/code-423n4/2024-02-spectra/blob/383202d0b84985122fe1ba53cfbbb68f18ba3986/src/tokens/PrincipalToken.sol#L901   # Vulnerability details  ## Summary  The `ptRate` and `ibtRate` are maintained and updated at the PT contract level, and they are updated not systematically but rather only when any user interacts with the contract. Furthermore, ptRate is only allowed to decrease, which makes it unfavorable for all users in the event of any (momentary) past de-pegging "
code4rena,2024-02-spectra,101,Inconsistent ERC-4626 asset() Function Response,bug; 3 (High Risk); insufficient quality report; unsatisfactory; :robot:_39_group; duplicate-39,"Deposit, Withdraw, Vault","# Lines of code  https://github.com/code-423n4/2024-02-spectra/blob/383202d0b84985122fe1ba53cfbbb68f18ba3986/src/tokens/PrincipalToken.sol#L131   # Vulnerability details  ## Impact The `PrincipalToken` contract is designed to interact with any ERC-4626 compliant vault and expects the `asset()` function in `ERC4626` to return an address, but instead the function returns an ERC-20 token contract, this can lead to integration failures. Approximately 20% of vaults may be vulnerable to this issue, po"
code4rena,2024-02-spectra,75,Yield Computation Reverts When There is Enough Yield,bug; 3 (High Risk); primary issue; sponsor disputed; sufficient quality report; unsatisfactory; :robot:_75_group,Rounding,"# Lines of code  https://github.com/code-423n4/2024-02-spectra/blob/main/src/libraries/PrincipalTokenUtil.sol#L126   # Vulnerability details  ## Impact Yield Computation Reverts When There is Enough IBT Rate Positive Yield to cover for PT rate negative yield in the PrincipalTokenUtil.sol contract ## Proof of Concept ```solidity  function _computeYield(         address _user,         uint256 _userYieldIBT,         uint256 _oldIBTRate,         uint256 _ibtRate,         uint256 _oldPTRate,         "
code4rena,2024-02-spectra,73,Some errors appear in the `PrincipalToken.sol#initialize` function because the previous ptRate is not kept after expiry.,bug; 3 (High Risk); insufficient quality report; unsatisfactory,Reentrancy,"# Lines of code  https://github.com/code-423n4/2024-02-spectra/blob/main/src/tokens/PrincipalToken.sol#L120-L158   # Vulnerability details  ## Impact When the PT Contract expires, the Protocol initializer can reset state variables by calling the initialize function. However, PT and YT holders may suffer losses by not storing the ptRate before expiration.  ## Proof of Concept Provide direct links to all referenced code in GitHub. Add screenshots, logs, or any other relevant proof that illustrates"
code4rena,2024-02-spectra,72,"Since users receive a accumulated fee, the protocol suffers a loss. ",bug; 3 (High Risk); insufficient quality report; primary issue; unsatisfactory; edited-by-warden; :robot:_10_group,"Deposit, Share Manipulation","# Lines of code  https://github.com/code-423n4/2024-02-spectra/blob/main/src/tokens/PrincipalToken.sol#L176-L185 https://github.com/code-423n4/2024-02-spectra/blob/main/src/tokens/PrincipalToken.sol#L750-L769 https://github.com/code-423n4/2024-02-spectra/blob/main/src/tokens/PrincipalToken.sol#L340-L366   # Vulnerability details  ## Impact As you can see, If a malicious user redeems 100 tokens one by one 100 times and calls the `PrincipalToken.sol#claimYield` function each time, he will receive "
code4rena,2024-02-spectra,67,Depositing asset does not work because the IBT is the asset and not the share,bug; 3 (High Risk); insufficient quality report; unsatisfactory; :robot:_67_group,"Deposit, Vault, Share Manipulation","# Lines of code  https://github.com/code-423n4/2024-02-spectra/blob/383202d0b84985122fe1ba53cfbbb68f18ba3986/src/tokens/PrincipalToken.sol#L176-L185   # Vulnerability details  ## Impact  The family of `deposit()` functions will not work. Users who deposit via those functions will have their asset tokens stuck in the ERC4626 contract.   ## Proof of Concept  Spectra protocol interacts with ERC4626 vaults.  The ERC4626 vaults has an asset token and a share token.  In this case, the asset token in t"
code4rena,2024-02-spectra,53,PrincipalTokenUtil.sol::_computeYield,bug; 3 (High Risk); high quality report; primary issue; sponsor disputed; unsatisfactory; :robot:_53_group,Precision,"# Lines of code  https://github.com/code-423n4/2024-02-spectra/blob/383202d0b84985122fe1ba53cfbbb68f18ba3986/src/libraries/PrincipalTokenUtil.sol#L75   # Vulnerability details  ## Impact `if (_oldPTRate == _ptRate && _ibtRate > _oldIBTRate) {     // only positive yield happened     newYieldInIBTRay = ibtOfPTInRay.mulDiv(_ibtRate - _oldIBTRate, _ibtRate); }`  The condition checks if the PT rate (_ptRate) has not changed from its old rate (_oldPTRate) and if the IBT rate (_ibtRate) is greater than"
code4rena,2024-02-spectra,52,Inconsistent Yield Update Handling for Redemptions Post-Expiry,bug; 3 (High Risk); primary issue; sponsor disputed; sufficient quality report; unsatisfactory; :robot:_52_group,"Interest Rate, Deposit, Share Manipulation",# Lines of code  https://github.com/code-423n4/2024-02-spectra/blob/383202d0b84985122fe1ba53cfbbb68f18ba3986/src/tokens/PrincipalToken.sol#L341 https://github.com/code-423n4/2024-02-spectra/blob/383202d0b84985122fe1ba53cfbbb68f18ba3986/src/tokens/PrincipalToken.sol#L253-L262 https://github.com/code-423n4/2024-02-spectra/blob/383202d0b84985122fe1ba53cfbbb68f18ba3986/src/tokens/PrincipalToken.sol#L812-L819   # Vulnerability details  ## Impact Users who deposit before the expiry but redeem after th
code4rena,2024-02-spectra,47,minShares Slippage Does Not Stop ERC4626 Inflation,bug; 3 (High Risk); primary issue; sponsor disputed; sufficient quality report; unsatisfactory; edited-by-warden; :robot:_47_group,"Deposit, Withdraw, Rounding",# Lines of code  https://github.com/code-423n4/2024-02-spectra/blob/383202d0b84985122fe1ba53cfbbb68f18ba3986/src/tokens/PrincipalToken.sol#L188-L198   # Vulnerability details  ## Impact  On first deposit shares can be inflated such that there is a large rounding error on every subsequent withdrawal and deposit. This basically breaks/DOS's the Prinicpal Token contract due to extreme rounding loss.  Cost for attacker == max amount of rounding loss they want to cause for each subsequent transaction
code4rena,2024-02-spectra,46,Flashloan SafeTransferFrom Allows Approval Frontrunning Attack,bug; 3 (High Risk); disagree with severity; primary issue; sponsor disputed; sufficient quality report; unsatisfactory; :robot:_32_group,"Deposit, Vault, Share Manipulation",# Lines of code  https://github.com/code-423n4/2024-02-spectra/blob/383202d0b84985122fe1ba53cfbbb68f18ba3986/src/tokens/PrincipalToken.sol#L628   # Vulnerability details  ## Impact  Flashloaner contracts that approve tokens to the `PrincipalToken` can have their approved tokens drained by an external attacker.  ## Proof of Concept  The difference in the `flashloan` function in `PrincipalToken.sol` from standard flashloan implementations is that it calls `safeTransferFrom` from the `receiver` rat
code4rena,2024-02-spectra,45,Flashloan Re-entrancy Attack,bug; 3 (High Risk); insufficient quality report; primary issue; unsatisfactory; :robot:_32_group,"Deposit, Vault, Share Manipulation","# Lines of code  https://github.com/code-423n4/2024-02-spectra/blob/383202d0b84985122fe1ba53cfbbb68f18ba3986/src/tokens/PrincipalToken.sol#L609-L631   # Vulnerability details  ## Impact  Discounted shares can be minted during a flashloan callback re-entrancy which can drain the protocol.  ## Proof of Concept  During a flashloan, the `ibt` is transferred out before the flashloan callback, which decreases the `totalAssets` of the PrincipalToken vault:  ```solidity     function totalAssets() public"
code4rena,2024-02-spectra,44,Reversed Logic in the ` notExpired `  and ` afterExpiry `  Modifiers,bug; 3 (High Risk); insufficient quality report; unsatisfactory; edited-by-warden,Other,"# Lines of code  https://github.com/code-423n4/2024-02-spectra/blob/main/src/tokens/PrincipalToken.sol#L84-L98   # Vulnerability details  ## Impact The vulnerability found in the modifiers `notExpired` and `afterExpiry` within the `PrincipalToken` smart contract results in a reversal of the expected logic for expiry checks. Specifically, the `notExpired` modifier checks if the current block timestamp is after expiry, while the `afterExpiry` modifier verifies if the current block timestamp is bef"
code4rena,2024-02-spectra,37,User Tokens will be stuck forever,bug; 3 (High Risk); disagree with severity; high quality report; primary issue; sponsor disputed; unsatisfactory,"Deposit, Withdraw, Vault",# Lines of code  https://github.com/code-423n4/2024-02-spectra/blob/main/src/tokens/PrincipalToken.sol#L278-L287   # Vulnerability details  ## Impact User deposit will be stuck forever in the PrincipalToken contract if the contract need Approval before withdrawal from the Vault the contract (standard EIP4626)  ## Proof of Concept According to the [EIP4626 standard](https://eips.ethereum.org/EIPS/eip-4626) it's possible that some Vault may implement a pre-requesting withdraw or redeem check in th
code4rena,2024-02-spectra,35,ETH Deposit Handling Failure in `PrincipalToken.sol`,bug; 3 (High Risk); insufficient quality report; unsatisfactory; :robot:_12_group,"Deposit, Withdraw, Share Manipulation","# Lines of code  https://github.com/code-423n4/2024-02-spectra/blob/383202d0b84985122fe1ba53cfbbb68f18ba3986/src/tokens/PrincipalToken.sol#L176-L185   # Vulnerability details  ## Impact The `PrincipalToken` contract's `deposit` function is intended to handle `ERC-20` token transactions but does not support the deposit of native `ETH`. Users attempting to deposit native ETH will experience transaction failures, leading to a poor user experience and potential loss of gas fees. Additionally, the in"
code4rena,2024-02-spectra,26,PrincipalToken vaults can be shutdown/disrupted,bug; 3 (High Risk); insufficient quality report; primary issue; unsatisfactory; :robot:_26_group,Other,"# Lines of code  https://github.com/code-423n4/2024-02-spectra/blob/383202d0b84985122fe1ba53cfbbb68f18ba3986/src/tokens/PrincipalToken.sol#L394-L403   # Vulnerability details  ## Impact The `PrincipalToken.sol` contract contains a function `claimRewards()` where `delegatecall()` is used. By creating a fake `IRewardsProxy` and providing properly-formatted calldata to the implementation contract, an attacker can gain control via the delegatecall() in order to selfdestruct() each implementation.  T"
code4rena,2024-02-spectra,24,YT burn function breaks invariant,bug; 3 (High Risk); sufficient quality report; unsatisfactory; :robot:_24_group; duplicate-114,"Deposit, Withdraw","# Lines of code  https://github.com/code-423n4/2024-02-spectra/blob/383202d0b84985122fe1ba53cfbbb68f18ba3986/src/tokens/YieldToken.sol#L58   # Vulnerability details  ## Impact Users can burn yield tokens, and break the following invariant - ""PT and its YT should have an equal supply at all times."" As a result if a user burns tokens they cannot redeem IBS until maturity. It breaks an invariant stated by the team - High severity.  ## Proof of Concept ```solidity  // SPDX-License-Identifier: BUSL-1"
code4rena,2024-02-spectra,19,Improper Asset Transfer in Withdrawal Process,invalid; 3 (High Risk); withdrawn by warden,"Withdraw, Share Manipulation","# Lines of code  https://github.com/code-423n4/2024-02-spectra/blob/383202d0b84985122fe1ba53cfbbb68f18ba3986/src/tokens/PrincipalToken.sol#L303-L313   # Vulnerability details   ## Impact The impact of this finding is that the `withdrawIBT` function in the contract has a potential issue in the final step where IBTs are transferred to the receiver. Instead of transferring an amount in assets, it directly transfers the `ibts` quantity, potentially leading to incorrect transfer values.  ## Proof of "
code4rena,2024-02-spectra,11,Unrestricted Token Burning Functionality leading to Market Manipulation,bug; 3 (High Risk); insufficient quality report; unsatisfactory; duplicate-114,Other,"# Lines of code  https://github.com/code-423n4/2024-02-spectra/blob/383202d0b84985122fe1ba53cfbbb68f18ba3986/src/tokens/YieldToken.sol#L58-L61   # Vulnerability details  ## Impact The `burn()` function in `YieldToken.sol` is used to `burn (destroy)` a certain `amount` of tokens held by the `caller` while also updating yield information associated with the token holder.  Since the `burn()` function is marked as `public`, it means that anyone, including `malicious actors`, can call this function a"
code4rena,2024-02-spectra,10,PrincipalToken.sol::,bug; 3 (High Risk); insufficient quality report; unsatisfactory; :robot:_10_group,"Interest Rate, Rounding, Share Manipulation","# Lines of code  https://github.com/code-423n4/2024-02-spectra/blob/383202d0b84985122fe1ba53cfbbb68f18ba3986/src/tokens/PrincipalToken.sol#L791   # Vulnerability details  ## Impact shares = _ibts.mulDiv(_ibtRate, _ptRate, Math.Rounding.Ceil); This line converts the amount of IBTs to shares using the provided interest-bearing token rate (_ibtRate) and principal token rate (_ptRate), rounding up to the nearest whole share. The use of Math.Rounding.Ceil ensures that any fractional shares result in "
code4rena,2024-02-spectra,8,Dos in `PrincipalToken.sol::redeemForIBT,bug; 3 (High Risk); insufficient quality report; unsatisfactory; edited-by-warden; :robot:_08_group,"Share Manipulation, DoS","# Lines of code  https://github.com/code-423n4/2024-02-spectra/blob/383202d0b84985122fe1ba53cfbbb68f18ba3986/src/tokens/PrincipalToken.sol#L271   # Vulnerability details  ## Impact Adding minIbts as a parameter suggests the intention to implement slippage protection by ensuring the minimum amount of IBTs received from redeeming shares is met. The line ibts = redeemForIBT(shares, receiver, owner); attempts to call the function itself with the same parameters, minus minIbts. This is a recursive ca"
code4rena,2022-01-trader-joe,199,Users can lose value in emergency state,bug; 3 (High Risk); sponsor confirmed,"Deposit, Withdraw","# Handle  cmichel   # Vulnerability details  Imagine the following sequence of events:  - `LaunchEvent.createPair()` is called which sets `wavaxReserve = 0`, adds liquidity to the pair and receives `lpSupply` LP tokens. - `LaunchEvent.allowEmergencyWithdraw()` is called which enters emergency / paused mode and disallows normal withdrawals. - Users can only call `LaunchEvent.emergencyWithdraw` which reverts as the WAVAX reserve was already used to provide liquidity and cannot be paid out. Users d"
code4rena,2022-01-trader-joe,193,Wrong token allocation computation for token decimals != 18 if floor price not reached,bug; 3 (High Risk); resolved; sponsor confirmed,Precision,"# Handle  cmichel   # Vulnerability details  In `LaunchEvent.createPair`, when the floor price is not reached (`floorPrice > wavaxReserve * 1e18 / tokenAllocated`), the tokens to be sent to the pool are lowered to match the raised WAVAX at the floor price.  Note that the `floorPrice` is supposed to have a precision of 18:  > /// @param _floorPrice Price of each token in AVAX, scaled to 1e18  The `floorPrice > (wavaxReserve * 1e18) / tokenAllocated` check is correct but the `tokenAllocated` compu"
code4rena,2022-01-trader-joe,90,Denial-of-service condition: emergency shutdown after pair creation loses contract funds,bug; duplicate; 3 (High Risk),Withdraw,"# Handle  static   # Vulnerability details  ## Impact If the owner of the contract set (specifically the Factory owner), executes `allowEmergencyWithdraw` after the pair is created, then the withdraw functions including the `emergencyWithdraw` will not function and the funds (including the liquidity tokens), will be stuck in the contract.  ## Proof of Concept N/A  ## Tools Used N/A  ## Recommended Mitigation Steps There are a few possible solutions, you could technically do any of the following:"
code4rena,2023-07-moonwell,401,"The _rescueFunds function allows sweeping any tokens, when it should only allow sweeping of the underlying asset",bug; 3 (High Risk); low quality report; sponsor disputed; unsatisfactory,Other,"# Lines of code  https://github.com/code-423n4/2023-07-moonwell/blob/fced18035107a345c31c9ay9497d0da09105df4df/src/core/MultiRewardDistributor/MultiRewardDistributor.sol#L471-L487   # Vulnerability details  ## Impact abuse of sweeping arbitrary tokens.  ## Proof of Concept The _rescueFunds function allows sweeping any tokens, when it should only allow sweeping of the underlying asset  ## Tools Used Manual ## Recommended Mitigation Steps  - Remove the _tokenAddress parameter - no need to specify "
code4rena,2023-07-moonwell,386,Overflow/underflow when creating the exchange rate Exp.,bug; 3 (High Risk); low quality report; unsatisfactory,"Exchange Rate, Borrow Logic",# Lines of code  https://github.com/code-423n4/2023-07-moonwell/blob/fced18035107a345c31c9a9497d0da09105df4df/src/core/MToken.sol#L363   # Vulnerability details  ## Impact Incorrect exchange rate values  ## Proof of Concept the exchangeRateStoredInternal function is missing validation on the Exp mantissa size before creating the exchange rate Exp. This could lead to overflow. This would make the mantissa of exchangeRate equal to 2^128 * 1 which overflows the int128 range and causes incorrect sta
code4rena,2023-07-moonwell,370,Any user can claim rewards infinitely from the market without respecting the accrued rewards time,bug; 3 (High Risk); primary issue; sponsor disputed; unsatisfactory,"Borrow Logic, Collateral, Deposit",# Lines of code  https://github.com/code-423n4/2023-07-moonwell/blob/fced18035107a345c31c9a9497d0da09105df4df/src/core/Comptroller.sol#L998-L1000 https://github.com/code-423n4/2023-07-moonwell/blob/fced18035107a345c31c9a9497d0da09105df4df/src/core/Comptroller.sol#L1015-L1019 https://github.com/code-423n4/2023-07-moonwell/blob/fced18035107a345c31c9a9497d0da09105df4df/src/core/Comptroller.sol#L1028-L1053   # Vulnerability details  ## Impact - `calculateSupplyRewardsForUser` updates the user accrue
code4rena,2023-07-moonwell,366,`setDirectPrice` is vulnerable to sandwich attack,bug; 3 (High Risk); low quality report; unsatisfactory,Oracle,"# Lines of code  https://github.com/code-423n4/2023-07-moonwell/blob/main/src/core/Oracles/ChainlinkOracle.sol#L115-L138   # Vulnerability details  ## Impact  In `ChainlinkOracle.sol` we have `setDirectPrice()`: ```solidity function setDirectPrice(address asset, uint256 price) external onlyAdmin {         emit PricePosted(asset, prices[asset], price, price);         prices[asset] = price;     } ```  This function `setDirectPrice()` allows the admin of the contract to manually set the price of a "
code4rena,2023-07-moonwell,365,function `_queueProposal` not checking if the required time is passed to allow proposal to set to the queue list,bug; 3 (High Risk); low quality report; unsatisfactory,Other,# Lines of code  https://github.com/code-423n4/2023-07-moonwell/blob/fced18035107a345c31c9a9497d0da09105df4df/src/core/Governance/TemporalGovernor.sol#L225-L231 https://github.com/code-423n4/2023-07-moonwell/blob/fced18035107a345c31c9a9497d0da09105df4df/src/core/Governance/TemporalGovernor.sol#L295-L342   # Vulnerability details  ## Impact  in the `_queueProposal` function there is no check for if the requested time is passed to allow queue the proposal. in this case any proposal after creating 
code4rena,2023-07-moonwell,352," Liquidator can seize more tokens than the borrower has as collateral, leading to an arithmetic underflow and locking collateral.",bug; 3 (High Risk); low quality report; unsatisfactory,"Liquidation, Borrow Logic, Collateral",# Lines of code  https://github.com/code-423n4/2023-07-moonwell/blob/fced18035107a345c31c9a9497d0da09105df4df/src/core/MToken.sol#L1023 https://github.com/code-423n4/2023-07-moonwell/blob/fced18035107a345c31c9a9497d0da09105df4df/src/core/MToken.sol#L1012   # Vulnerability details  ## Impact Lack of validation on seizeTokens could allow collateral locking by underflow.   ## Proof of Concept The liquidateBorrowFresh function does not explicitly validate that seizeTokens is less than or equal to ac
code4rena,2023-07-moonwell,342,Current `setUnderlyingPrice` and `setDirectPrice` open to incorrect liquidation of users' positions and result in financial losses for users,bug; 3 (High Risk); low quality report; unsatisfactory,"Liquidation, Oracle","# Lines of code  https://github.com/code-423n4/2023-07-moonwell/blob/main/src/core/Oracles/ChainlinkOracle.sol#L118-L138   # Vulnerability details  ## Impact  Price feeds can be affected by network congestion, causing transactions with outdated prices to be treated as current prices. As price feeds are crucial to the protocol's functioning, this situation can lead to incorrect liquidation of users' positions and result in financial losses for users.  ## Proof of Concept  In `ChainlinkOracle.sol`"
code4rena,2023-07-moonwell,334,the unbounded approve function allows a front-running vulnerability due to setting unlimited allowance.,bug; 3 (High Risk); low quality report; unsatisfactory,Fund Drain,"# Lines of code  https://github.com/code-423n4/2023-07-moonwell/blob/fced18035107a345c31c9a9497d0da09105df4df/src/core/MToken.sol#L159-L161   # Vulnerability details  ## Impact  if approve() is called with a very high allowance, the spender can drain the owner's entire balance.  ## Proof of Concept  approve() allows setting an allowance to any arbitrary uint256 value, including type(uint).max. This effectively gives unlimited approval to the spender address.  A malicious actor could exploit this"
code4rena,2023-07-moonwell,302," if _rescueFunds was called with the address of a mToken, the admin would currently be able to sweep those tokens,",bug; 3 (High Risk); low quality report; unsatisfactory,"Borrow Logic, Collateral, Deposit","# Lines of code  https://github.com/code-423n4/2023-07-moonwell/blob/fced18035107a345c31c9a9497d0da09105df4df/src/core/Comptroller.sol#L959-L969   # Vulnerability details  ## Impact It allows the admin to steal deposited funds from users It removes mTokens used as collateral to back borrows  ## Proof of Concept Assume there is a mToken at address 0x123 that has issued some tokens. The admin calls _rescueFunds(0x123, uint.max). This will transfer ALL the tokens at 0x123 to the admin. Now the admi"
code4rena,2023-07-moonwell,289,[ H ] Infinite loop in calculateNewIndex prevents tokens from being minted and rewards from being distributed,bug; 3 (High Risk); low quality report; unsatisfactory,Other,"# Lines of code  https://github.com/code-423n4/2023-07-moonwell/blob/fced18035107a345c31c9a9497d0da09105df4df/src/core/MultiRewardDistributor/MultiRewardDistributor.sol#L912   # Vulnerability details  ## Impact Recursive calls from ```calculateNewIndex``` in ```MultiRewardDistributor``` will result in an infinite loop and out of gas errors, preventing tokens from being minted and rewards being sent to some users as ```disburseSupplierRewardsInternal``` will not be called.  ## Proof of Concept Su"
code4rena,2023-07-moonwell,281,Missing check of how recent the price is can lead to stale price being used in the protocol,bug; 3 (High Risk); low quality report; unsatisfactory,"Liquidation, Oracle, Borrow Logic","# Lines of code  https://github.com/code-423n4/2023-07-moonwell/blob/main/src/core/Oracles/ChainlinkOracle.sol#L97-L113   # Vulnerability details  ## Impact In the ChainlinkOracle.sol file, in the function getChainlinkPrice(AggregatorV3Interface feed), there is the check require(updatedAt != 0, ""Round is in incompleted state"");. However, there is no check to see that the price is recent and acceptable. If there is a problem with the oracle, that will result in outdated pricing data being returne"
code4rena,2023-07-moonwell,278,Attacker can Steal all eths of WETHRouter.sol through redeem function ,bug; 3 (High Risk); low quality report; unsatisfactory,"Deposit, Withdraw, Fund Drain","# Lines of code  https://github.com/code-423n4/2023-07-moonwell/blob/fced18035107a345c31c9a9497d0da09105df4df/src/core/router/WETHRouter.sol#L45-L63   # Vulnerability details  ## Impact An attacker can Steal eths through redeem function in `WETHRouter.sol` as you know the contract does the redeem process and redeem user **mTokens** to **ETHs**, and as you know we have the function of mint which is the opposite of this and users deposit **ETH** in order to get **Mtoken** but the problem is there "
code4rena,2023-07-moonwell,277,Race condition in approve function can lead to more funds than intended being transferred,bug; 3 (High Risk); low quality report; unsatisfactory,Front-running,"# Lines of code  https://github.com/code-423n4/2023-07-moonwell/blob/main/src/core/MToken.sol#L159-L164   # Vulnerability details  ## Impact The approve() function from MToken.sol contains a front-running vulnerability that allows a user to spend more tokens than he should.  ## Proof of Concept Lets take the following scenario: 1. Alice calls approve(Eve, 10). This permits Eve to spend 10 tokens from Alice. 2. Alice changes her mind and calls approve(Eve, 5) to only allow Eve to spend 5 of her t"
code4rena,2023-07-moonwell,271, Incorrect liquidity calculations if snapshot errors occur,bug; 3 (High Risk); low quality report; unsatisfactory,"Exchange Rate, Borrow Logic","# Lines of code  https://github.com/code-423n4/2023-07-moonwell/blob/fced18035107a345c31c9a9497d0da09105df4df/src/core/Comptroller.sol#L579-L580   # Vulnerability details  ## Impact incorrect liquidity values that undermine the risk checks and constraints of the protocol  ## Proof of Concept getHypotheticalAccountLiquidityInternal does not handle snapshot errors properly. Specifically:  It calls MToken.getAccountSnapshot() to get the account's token balance, borrow balance, and exchange rate. If"
code4rena,2023-07-moonwell,267,Users positions can be directly liquidated when the admin changes the `collateralFactorMantissa` from a higher value to a lower value,bug; 3 (High Risk); disagree with severity; high quality report; primary issue; sponsor disputed; unsatisfactory,"Liquidation, Borrow Logic, Collateral","# Lines of code  https://github.com/code-423n4/2023-07-moonwell/blob/fced18035107a345c31c9a9497d0da09105df4df/src/core/Comptroller.sol#L707-L740   # Vulnerability details  ## Impact - In `Comptroller` contract : `Market.collateralFactorMantissa` mltiplier represents the maximum underlying asset amount the depositors can borrow against their collateral in a market,for example:if it is set to 0.9;then 90% of collateral value is allowed to be borrowed. - This value is also used to calculate the amo"
code4rena,2023-07-moonwell,266,Any extra reward tokens that accumulate in the contract remain locked there permanently.,bug; 3 (High Risk); low quality report; unsatisfactory,Withdraw,"# Lines of code  https://github.com/code-423n4/2023-07-moonwell/blob/fced18035107a345c31c9a9497d0da09105df4df/src/core/MultiRewardDistributor/MultiRewardDistributor.sol#L2-L1248   # Vulnerability details  ## Impact Funds get locked in contract resulting to Loss of asset control, funds and increased costs to recover fund  ## Proof of Concept Reviewing the list of external and public functions, there is no withdraw() or reclaim() function: 2.  Scanning the contract code, there are no internal or p"
code4rena,2023-07-moonwell,264,First Depositor Attack is possible by front-running mip00 script execution,bug; 3 (High Risk); sponsor disputed; unsatisfactory; edited-by-warden,"Exchange Rate, Deposit, First Depositor","# Lines of code  https://github.com/code-423n4/2023-07-moonwell/blob/main/test/proposals/mips/mip00.sol#L341-L367 https://github.com/code-423n4/2023-07-moonwell/blob/main/test/proposals/mips/mip00.sol#L285-L294   # Vulnerability details  ## Overview ### The First Depositor Attack Within the context of Compound v2, a First Depositor Attack occurs when an attacker becomes the inaugural minter of a cToken. This enables them to establish the first exchange rate between the underlying asset and the c"
code4rena,2023-07-moonwell,250,More collateral is seized than approved,bug; 3 (High Risk); low quality report; unsatisfactory,"Liquidation, Exchange Rate, Borrow Logic",# Lines of code  https://github.com/code-423n4/2023-07-moonwell/blob/fced18035107a345c31c9a9497d0da09105df4df/src/core/MToken.sol#L970-L973 https://github.com/code-423n4/2023-07-moonwell/blob/fced18035107a345c31c9a9497d0da09105df4df/src/core/MToken.sol#L1012   # Vulnerability details  ## Impact More collateral is  seized outside of the comptroller's approved liquidation amount which means excess seizeTokens are transferred from the borrower to the liquidator leading to loss of funds   ## Proof o
code4rena,2023-07-moonwell,242, Integer overflow in getDerivedPrice(),bug; 3 (High Risk); low quality report; unsatisfactory,Oracle,"# Lines of code  https://github.com/code-423n4/2023-07-moonwell/blob/fced18035107a345c31c9a9497d0da09105df4df/src/core/Oracles/ChainlinkCompositeOracle.sol#L103-L120   # Vulnerability details  ## Impact An integer overflow could cause the getDerivedPrice() function to return an incorrect price. This could lead to financial losses for users of the contract.  ## Proof of Concept  Sure, I can generate a report with this information for all the bugs in the smart contract you provided. Here is an exa"
code4rena,2023-07-moonwell,241, Users repay more than the approved amount.,bug; 3 (High Risk); low quality report; unsatisfactory,"Borrow Logic, Fund Loss",# Lines of code  https://github.com/code-423n4/2023-07-moonwell/blob/fced18035107a345c31c9a9497d0da09105df4df/src/core/MToken.sol#L865-L932 https://github.com/code-423n4/2023-07-moonwell/blob/fced18035107a345c31c9a9497d0da09105df4df/src/core/MToken.sol#L889-L893   # Vulnerability details  ## Impact More tokens can be repaid than were approved leading to loss of funds   ## Proof of Concept The repayBorrowFresh function does the following:  1. Checks if repay is allowed by calling comptroller.repa
code4rena,2023-07-moonwell,238,User can bypass their approved redeem allowance,bug; 3 (High Risk); low quality report; unsatisfactory,"Exchange Rate, Fund Drain","# Lines of code  https://github.com/code-423n4/2023-07-moonwell/blob/fced18035107a345c31c9a9497d0da09105df4df/src/core/MToken.sol#L615-L721   # Vulnerability details  ## Impact The caller can bypass the allowance check by exploiting the exchange rate calculation and drain funds from the contract up to the full balance owned by msg.sender, not just the amount approved in the allowance.  ## Proof of Concept The issue is that redeemAmount is calculated after the allowance check. This means if the e"
code4rena,2023-07-moonwell,230, Unauthorized Admin Transfer Vulnerability ,bug; 3 (High Risk); low quality report; unsatisfactory,Withdraw,"# Lines of code  https://github.com/code-423n4/2023-07-moonwell/blob/main/src/core/Unitroller.sol#L109   # Vulnerability details  ## Description   The bug in this contract is that it doesn't handle the case when the pendingAdmin is set to the zero address (address(0)). As per the condition msg.sender == address(0), the if statement can be bypassed if an attacker sets pendingAdmin to the zero address.   This is because the condition in the if statement is incorrect:  if (msg.sender != pendingAdmi"
code4rena,2023-07-moonwell,229,Reentrancy Vulnerability in MErc20Delegate.sol,bug; 3 (High Risk); low quality report; unsatisfactory,"Withdraw, Reentrancy, Fund Theft","# Lines of code  https://github.com/code-423n4/2023-07-moonwell/blob/fced18035107a345c31c9a9497d0da09105df4df/src/core/MErc20Delegate.sol#L21-L31   # Vulnerability details  ## Impact The fallback function delegates calls to the implementation contract using delegatecall. This allows the implementation contract to call back into MErc20Delegate before the original delegatecall completes. An attacker could exploit this vulnerability to perform reentrant calls, potentially leading to malicious actio"
code4rena,2023-07-moonwell,227,liquidateBorrow() mTokens that do not enter the market can still be liquidated as collateral,bug; 3 (High Risk); primary issue; sponsor disputed; unsatisfactory,"Liquidation, Borrow Logic, Collateral","# Lines of code  https://github.com/code-423n4/2023-07-moonwell/blob/fced18035107a345c31c9a9497d0da09105df4df/src/core/Comptroller.sol#L394-L424   # Vulnerability details  ## Impact borrower's mTokens that do not join the market, but it still be Liquidation as collateral  ## Proof of Concept If user wants to use mToken as collateral, the user needs to enter market with enterMarket() function. ```solidity /**      * @notice Add assets to be included in account liquidity calculation      * @param "
code4rena,2023-07-moonwell,199,High - TemporalGovernor.sol - Malicious Governance Propsoals can interact with Metamorphic Contracts resulting in Business Critical Risk to the Protocol,bug; 3 (High Risk); low quality report; unsatisfactory,Oracle,"# Lines of code  https://github.com/code-423n4/2023-07-moonwell/blob/main/src/core/Governance/TemporalGovernor.sol#L229 https://github.com/code-423n4/2023-07-moonwell/blob/main/src/core/Governance/TemporalGovernor.sol#L237   # Vulnerability details  High - TemporalGovernor.sol - Malicious Governance Propsoals can interact with Metamorphic Contracts resulting in Business Critical Risk to the Protocol  ## Impact  - Due to the permisionless governance execution method, with no ascribed or implement"
code4rena,2023-07-moonwell,194,Potential Arbitrary Code Execution in Temporal Governor Contract,bug; 3 (High Risk); low quality report; unsatisfactory; edited-by-warden,"Reentrancy, Fund Drain","# Lines of code  https://github.com/code-423n4/2023-07-moonwell/blob/main/src/core/Governance/TemporalGovernor.sol#L400 https://github.com/code-423n4/2023-07-moonwell/blob/main/src/core/Governance/TemporalGovernor.sol#L237   # Vulnerability details  ## Impact the function executeProposal calls _executeProposal which allows the execution of proposals on target contracts using delegate calls without proper validation. This could lead to unauthorized access, token drain, reentrancy attacks, and pot"
code4rena,2023-07-moonwell,184,Possible reentrancy Vulnerability in WETHRouter Contract,bug; 3 (High Risk); low quality report; unsatisfactory,"Withdraw, Reentrancy, Fund Drain","# Lines of code  https://github.com/code-423n4/2023-07-moonwell/blob/fced18035107a345c31c9a9497d0da09105df4df/src/core/router/WETHRouter.sol#L45-L46   # Vulnerability details  The redeem function has an external call that is user-controlled. Here is the specific line:      IERC20(address(mToken)).safeTransferFrom(        msg.sender,        address(this),       mTokenRedeemAmount    );  The `safeTransferFrom` function from the `IERC20` interface is used to transfer` mToken` from the caller's addr"
code4rena,2023-07-moonwell,176,Lack of check for the specific `mToken` market being liquidated. ,bug; 3 (High Risk); low quality report; unsatisfactory,"Liquidation, Borrow Logic, Collateral","# Lines of code  https://github.com/code-423n4/2023-07-moonwell/blob/fced18035107a345c31c9a9497d0da09105df4df/src/core/MToken.sol#L942-L943   # Vulnerability details  `addToMarketInternal` ensure that borrowers are added to the necessary markets so that their assets can be included in liquidity calculations. Without verifying the `accountAsset` mapping against the borrower to ensure the correct `mToken` market is being targeted for liquidation, it may result in an improper liquidation.  ## Impac"
code4rena,2023-07-moonwell,167,Potentially sensitive disclosure - disclosed privately,bug; 3 (High Risk); low quality report; nullified,Other,# Lines of code  https://github.com/code-423n4/2023-07-moonwell/blob/fced18035107a345c31c9a9497d0da09105df4df/src/core/MToken.sol#L1   # Vulnerability details  see private gist   ## Assessed type  Other
code4rena,2023-07-moonwell,166,ChainlinkOracle will return the wrong price for asset if underlying aggregator hits minAnswer,bug; 3 (High Risk); low quality report; unsatisfactory,"Oracle, Borrow Logic, Collateral","# Lines of code  https://github.com/code-423n4/2023-07-moonwell/blob/main/src/core/Oracles/ChainlinkOracle.sol#L97-L113   # Vulnerability details  ## Impact  Due to an insecure implementation of ChainlinkOracle, in cases of adverse market conditions, users may be able to borrow loans far greater than the intended allowed value. This may result in a business critical risk materialising, collapsing the continued viability of the Moonwell Protocol operations.  Chainlink aggregators have a built-in "
code4rena,2023-07-moonwell,165,Exchange Rate Manipulation for New and Empty Pools,bug; 3 (High Risk); unsatisfactory; edited-by-warden; duplicate-92,"Exchange Rate, Borrow Logic, Deposit","# Lines of code  https://github.com/code-423n4/2023-07-moonwell/blob/fced18035107a345c31c9a9497d0da09105df4df/src/core/MToken.sol#L340-L370   # Vulnerability details  ## Impact  mToken is a yield-bearing asset that users can obtain by depositing underlying tokens. The number of mTokens minted for a user depends on the amount of underlying tokens they deposit and the current exchange rate.  However, there is a critical bug in the MToken::mintFresh function that can be exploited to steal funds fro"
code4rena,2023-07-moonwell,158,`WETHRouter.redeem()` : Users only need to mint a little token to redeem all funds in the contract,bug; 3 (High Risk); low quality report; unsatisfactory,"Withdraw, Fund Theft","# Lines of code  https://github.com/code-423n4/2023-07-moonwell/blob/main/src/core/router/WETHRouter.sol#L46   # Vulnerability details  ## Impact  Users only need to mint a little token to redeem all funds in the contract  ## Proof of Concept  user just need to transfer `mTokenRedeemAmount` mToken, and then it can redeem the `weth.balanceOf(address(this)` ETH. So, user just mint a litte mToken ,then call the `redeem()` function, and steal the all funds. ```solidity     function redeem(uint256 mT"
code4rena,2023-07-moonwell,150,Reentrancy Vulnerability,bug; 3 (High Risk); low quality report; unsatisfactory,"Reentrancy, Fund Theft","# Lines of code  https://github.com/code-423n4/2023-07-moonwell/blob/fced18035107a345c31c9a9497d0da09105df4df/src/core/MErc20Delegator.sol#L496-L511   # Vulnerability details  ## Impact The impact of the reentrancy vulnerability in MErc20Delegator could be severe. An attacker could exploit it to perform actions repeatedly, potentially manipulating internal states, balances, or even stealing funds from other users of the contract. This type of vulnerability can have severe consequences and lead t"
code4rena,2023-07-moonwell,149,"_Admin variable is not properly initialized or can be changed arbitrarily, which could lead to unauthorized access to the _becomeImplementation() and resignImplementation() functions.",bug; 3 (High Risk); low quality report; unsatisfactory,Withdraw,"# Lines of code  https://github.com/code-423n4/2023-07-moonwell/blob/fced18035107a345c31c9a9497d0da09105df4df/src/core/MErc20Delegate.sol#L20-L24   # Vulnerability details  ## Impact  If an attacker were to change the admin variable to their own address, they would be able to call the _becomeImplementation() function and set the implementation address to their own contract. This would give them control over the MErc20Delegate contract and allow them to perform unauthorized actions, such as trans"
code4rena,2023-07-moonwell,136,Delegation Vulnerability,bug; 3 (High Risk); low quality report; unsatisfactory; edited-by-warden,Fund Theft,# Lines of code  https://github.com/code-423n4/2023-07-moonwell/blob/main/src/core/MErc20Delegator.sol#L456   # Vulnerability details  ## Impact delegate call needs to be carefully used. This function can be called in another function as it is an internal function  ## Proof of Concept ``` solidity /**      * @notice Internal method to delegate execution to another contract      * @dev It returns to the external caller whatever the implementation returns or forwards reverts      * @param callee T
code4rena,2023-07-moonwell,126,First Deposit Bug,bug; 3 (High Risk); unsatisfactory; duplicate-92,"Exchange Rate, Deposit, Fund Theft",# Lines of code  https://github.com/code-423n4/2023-07-moonwell/blob/main/src/core/MToken.sol#L340-L370   # Vulnerability details  ## Impact  The affected implementation contains a critical bug which can be exploited to steal funds of initial depositors of a freshly deployed MToken market.  What happens if exchange rate can be increased to a value greater than the user's deposit? (https://github.com/code-423n4/2023-07-moonwell/blob/main/src/core/MToken.sol#L363)  A sophisticated attack can impac
code4rena,2023-07-moonwell,117,"Wrongly setting borrower's index, allows first time borrowers to receive rewards they are not entitled to",invalid; 3 (High Risk); withdrawn by warden,Borrow Logic,"# Lines of code  https://github.com/code-423n4/2023-07-moonwell/blob/fced18035107a345c31c9a9497d0da09105df4df/src/core/MultiRewardDistributor/MultiRewardDistributor.sol#L865-L899   # Vulnerability details  ## Impact When a user borrow assets from the protocol for the first time,  MultiRewardDistributor::calculateBorrowRewardsForUser is called after some series of calls from MToken::borrowInternal function, calculateBorrowRewardsForUser function calculates the total owed borrower rewards for the "
code4rena,2023-07-moonwell,116,On first deposit suppliers will recieve more rewards than they are entitled to,invalid; 3 (High Risk); withdrawn by warden,Share Manipulation,"# Lines of code  https://github.com/code-423n4/2023-07-moonwell/blob/fced18035107a345c31c9a9497d0da09105df4df/src/core/MultiRewardDistributor/MultiRewardDistributor.sol#L827   # Vulnerability details  ## Impact When a user supplies tokens into any of moonwell protocol markets for the first time, the user supply index will be zero. Inorder to keep the fly wheel moving, when a user calls MErc20::mint function, the function makes an external call to Comptroller::mintAllowed, this function carry out"
code4rena,2023-07-moonwell,90,Incorrect getDerivedPriceThreeOracles() function per documentation,bug; 3 (High Risk); primary issue; sponsor disputed; unsatisfactory,Oracle,"# Lines of code  https://github.com/code-423n4/2023-07-moonwell/blob/fced18035107a345c31c9a9497d0da09105df4df/src/core/Oracles/ChainlinkCompositeOracle.sol#L133-L160   # Vulnerability details  ## Impact In ChainlinkCompositeOracle.sol, getDerivedPriceThreeOracles() is used to fetch ETH price. The issue here is the formula used in current implementation is not correct per documentation which states as below,  ```This function retrieves the price of the base asset and the two quote assets from the"
code4rena,2023-07-moonwell,84,Unitroller -> Function selctor clashing,bug; 3 (High Risk); low quality report; unsatisfactory,Other,"# Lines of code  https://github.com/code-423n4/2023-07-moonwell/blob/fced18035107a345c31c9a9497d0da09105df4df/src/core/Unitroller.sol#L11   # Vulnerability details  ## Impact `Unitroller.sol` which is a proxy contract, Has some admin functions and fallback for delegating the calls to implementation contract in this case `Comptroller`. But there is a problem, in solidity each function is known by its 4 bytes signature and when we want to call a function in real we are calling this signature not t"
code4rena,2023-07-moonwell,83,Lack of newOracle validation when setting a price oracle,bug; 3 (High Risk); low quality report; unsatisfactory,Oracle,"# Lines of code  https://github.com/code-423n4/2023-07-moonwell/blob/main/src/core/Comptroller.sol#L665-L681   # Vulnerability details  ## Impact  The validation of newOracle does not exist. It can be exploited as follows: A contract that does not adhere to the PriceOracle interface is supplied as the newOracle parameter. Because _setPriceOracle does not properly validate that the supplied oracle is a price oracle beyond interface adherence, the wrong oracle could be set by mistake.   ## Tools U"
code4rena,2023-07-moonwell,60,`Permit` function is vulnerable to signature replay attack,invalid; 3 (High Risk); withdrawn by warden,Other,"# Lines of code  https://github.com/code-423n4/2023-07-moonwell/blob/fced18035107a345c31c9a9497d0da09105df4df/src/core/Governance/Well.sol#L113-L114   # Vulnerability details  There seems to be a missing nonce check, which could potentially allow an attacker to intercept a valid signature and replay it, granting themselves permission to spend the tokens.  ## Impact There is a lack of nonce check in the `permit` function. This absence of a nonce check can potentially make the signature susceptibl"
code4rena,2023-07-moonwell,55,State variables: MultiRewardDistributor.marketConfigs  is never initialized,bug; 3 (High Risk); low quality report; unsatisfactory,Borrow Logic,# Lines of code  https://github.com/code-423n4/2023-07-moonwell/blob/fced18035107a345c31c9a9497d0da09105df4df/src/core/MultiRewardDistributor/MultiRewardDistributor.sol#L54   # Vulnerability details  ## Impact src/core/MultiRewardDistributor/MultiRewardDistributor.sol#54 is never initialized  ## Proof of Concept  links to effected code: https://github.com/code-423n4/2023-07-moonwell/blob/fced18035107a345c31c9a9497d0da09105df4df/src/core/MultiRewardDistributor/MultiRewardDistributor.sol#L54  Mult
code4rena,2023-07-moonwell,51,"Malicious users can inflate their shares by minting, borrowing, and using borrowed funds to mint in a loop w/o increasing the underlying token balance of the mToken contract",bug; 3 (High Risk); primary issue; sponsor disputed; unsatisfactory; edited-by-warden,"Liquidation, Exchange Rate, Borrow Logic","# Lines of code  https://github.com/code-423n4/2023-07-moonwell/blob/fced18035107a345c31c9a9497d0da09105df4df/src/core/MErc20.sol#L173   # Vulnerability details  ## Impact This share inflation and manipulation of the exchangeRate via direct token transfer allows a malicious user to force liquidations and steal funds from the mToken contract. I believe this vector to be similiar to the hundred finance and midas hacks (both compound forks)  Per hundredFinance, this vulnerability is general to the "
code4rena,2023-07-moonwell,32,Single-step process for critical ownership transfer/renounce is risky,bug; 3 (High Risk); low quality report; unsatisfactory,Other,"# Lines of code  https://github.com/code-423n4/2023-07-moonwell/blob/fced18035107a345c31c9a9497d0da09105df4df/src/core/Governance/TemporalGovernor.sol#L188   # Vulnerability details  ## Impact  The revokeGuardian() function in the protocol allows either the current guardian or the contract itself to revoke the guardian's control over the protocol. Although the function includes checks to ensure that the caller is either the current guardian or the protocol itself, it performs the guardian revoca"
code4rena,2023-07-moonwell,21,supply/borrowIndex in rewardDistributor is not updated when mToken balance of a user is changed; user can easily front-run a reward accrual by depositing a lot of token to get more than his share of reward,bug; 3 (High Risk); primary issue; sponsor disputed; unsatisfactory; edited-by-warden,"Borrow Logic, Deposit, Withdraw",# Lines of code  https://github.com/code-423n4/2023-07-moonwell/blob/main/src/core/MultiRewardDistributor/MultiRewardDistributor.sol#L1050   # Vulnerability details  ## Impact supply/borrowIndex in rewardDistributor is not updated when mToken balance of a user is changed; user can easily front-run a reward accrual by depositing a lot of token to get more than his share of reward  Consider the following: 1. Bob supplies 100 token X and get 100 mTokenX which is eligible for receiving token Y for r
code4rena,2023-07-moonwell,11,Denial of Service (DoS) Vulnerability in WETHRouter.sol Redeem Function,bug; 3 (High Risk); low quality report; unsatisfactory; edited-by-warden,DoS,"# Lines of code  https://github.com/code-423n4/2023-07-moonwell/blob/4aaa7d6767da3bc42e31c18ea2e75736a4ea53d4/src/core/router/WETHRouter.sol#L52-L62   # Vulnerability details  ## Impact A Denial of Service (DoS) attack can occur when an attacker is able to prevent the contract from functioning correctly, often by causing transactions to fail. In the context of your smart contract, a potential DoS attack could occur in the redeem function. If the payable(recipient).call{value: address(this).balan"
code4rena,2023-07-moonwell,10,Approval Race Condition,bug; 3 (High Risk); low quality report; unsatisfactory,Other,"# Lines of code  https://github.com/code-423n4/2023-07-moonwell/blob/4aaa7d6767da3bc42e31c18ea2e75736a4ea53d4/src/core/router/WETHRouter.sol#L26   # Vulnerability details  ## Impact An approval race condition can occur when a malicious contract uses up the approved amount before the intended contract.  ## Proof of Concept In the constructor, you have `_weth.approve(address(_mToken), type(uint256).max)`. This could potentially lead to an approval race condition. ``` constructor(WETH9 _weth, MErc2"
code4rena,2023-07-moonwell,7,Function initialize of MErc20.sol can be called by anyone without any check.,bug; 3 (High Risk); low quality report; unsatisfactory,Interest Rate,"# Lines of code  https://github.com/code-423n4/2023-07-moonwell/blob/4aaa7d6767da3bc42e31c18ea2e75736a4ea53d4/src/core/MErc20.sol#L23-L36   # Vulnerability details  ## Impact Function initialize can be called by anyone and set with any name and symbol.   ## Proof of Concept ```` function initialize(address underlying_,                         ComptrollerInterface comptroller_,                         InterestRateModel interestRateModel_,                         uint initialExchangeRateMantissa_,"
code4rena,2023-07-moonwell,6,"Functions handle logic, resulting in DOS easily occurring",bug; 3 (High Risk); low quality report; unsatisfactory,"Borrow Logic, DoS","# Lines of code  https://github.com/code-423n4/2023-07-moonwell/blob/4aaa7d6767da3bc42e31c18ea2e75736a4ea53d4/src/core/Comptroller.sol#L1028-L1055 https://github.com/code-423n4/2023-07-moonwell/blob/4aaa7d6767da3bc42e31c18ea2e75736a4ea53d4/src/core/Comptroller.sol#L998-L1028   # Vulnerability details  ## Impact Functions handle logic, resulting in DOS easily occurring  ## Proof of Concept see this link code: https://github.com/code-423n4/2023-07-moonwell/blob/4aaa7d6767da3bc42e31c18ea2e75736a4ea"
code4rena,2023-07-moonwell,5,MAX_SUPPLY can be bypassed due to missing check in USDA.sol,bug; 3 (High Risk); low quality report; nullified,Other,"# Lines of code  https://github.com/code-423n4/2023-07-amphora/blob/main/core/solidity/contracts/core/USDA.sol#L172   # Vulnerability details  ## Impact  In UFragments.sol, MAX_SUPPLY variable is initialized which means that the token supply can't go higher. However, in USDA.sol, it's not forced so that the _totalSupply variable must be less than MAX_SUPPLY. For example, in _mint() function, _totalSupply is just increased and there is no appropriate check to make sure that it's below MAX_SUPPLY."
