contest_id,contest_title,issue_number,title,author,labels,pattern,body_preview
59,Notional V3,216,TokenHandler's _redeemMoneyMarketIfRequired can fail valid withdrawal requests,iglyx,High; Duplicate; Reward,"Oracle, Withdraw, Precision","iglyx  high  # TokenHandler's _redeemMoneyMarketIfRequired can fail valid withdrawal requests  ## Summary  _redeemMoneyMarketIfRequired() tries to redeem extra funds from Compound, which leads to fund freeze on every lending market liquidity shortage. I.e. in the situation when the funds needed are available, there will be withdrawal denial just because more funds than needed are requested, and such a call denied by lending pool.  ## Vulnerability Detail  Compound either withdraws the whole `wit"
59,Notional V3,207,Vault accounts with excess cash can avoid being settled,xiaoming90,High; Sponsor Confirmed; Will Fix; Escalation Resolved; Reward,"Liquidation, Borrow Logic, Collateral","xiaoming90  high  # Vault accounts with excess cash can avoid being settled  ## Summary  If excess cash was transferred out from an account during account settlement, then the protocol will check the account's collateral ratio and revert if the position is unhealthy. Because it may not be possible to settle a vault account, liquidators cannot reduce account debt by purchasing vault shares because `_authenticateDeleverage()` will check to see if a vault has matured.  ## Vulnerability Detail  Cons"
59,Notional V3,204,Partial liquidations are not possible,xiaoming90,High; Sponsor Confirmed; Will Fix; Escalation Resolved; Reward,"Liquidation, Borrow Logic, Collateral","xiaoming90  high  # Partial liquidations are not possible  ## Summary  Due to an incorrect implementation of `VaultValuation.getLiquidationFactors()`, Notional requires that a liquidator reduces an account's debt below `minBorrowSize`. This does not allow liquidators to partially liquidate a vault account into a healthy position and opens up the protocol to an edge case where an account is always ineligible for liquidation.   ## Vulnerability Detail  While `VaultValuation.getLiquidationFactors()"
59,Notional V3,202,Possible to create vault positions ineligible for liquidation,xiaoming90,High; Sponsor Confirmed; Will Fix; Escalation Resolved; Reward,"Liquidation, Borrow Logic, Deposit","xiaoming90  high  # Possible to create vault positions ineligible for liquidation  ## Summary  Users can self-liquidate their secondary debt holdings in such a way that it is no longer possible to deleverage their vault account as `checkMinBorrow` will fail post-maturity.  ## Vulnerability Detail  When deleveraging a vault account, the liquidator will pay down account debt directly and the account will not accrue any cash. Under most circumstances, it is not possible to put an account's debt bel"
59,Notional V3,200,Users can deny the treasury manager contract from claiming `COMP` incentives,xiaoming90,High; Duplicate; Reward,"Front-running, Reentrancy",xiaoming90  high  # Users can deny the treasury manager contract from claiming `COMP` incentives  ## Summary  Users can deny the treasury manager contract from claiming `COMP` incentives by front-running the `Comptroller.claimComp()` function.  ## Vulnerability Detail  The treasury manager is appointed by the Notional DAO and is tasked with harvesting rewards (e.g. `COMP` incentives). The `TreasuryManager.harvestCOMPFromNotional` function will call `TreasuryAction.claimCOMPAndTransfer` to claim 
59,Notional V3,199,Vaults can avoid liquidations by not letting their vault account be settled,xiaoming90,High; Has Duplicates; Sponsor Confirmed; Will Fix; Reward,"Liquidation, Interest Rate, Borrow Logic","xiaoming90  high  # Vaults can avoid liquidations by not letting their vault account be settled  ## Summary  Vault liquidations will leave un-matured accounts with cash holdings which are then used to offset account debt during vault account settlements. As it stands, any excess cash received via interest accrual will be transferred back to the vault account directly. If a primary or secondary borrow currency is `ETH`, then this excess cash will be transferred natively. Consequently, the recipie"
59,Notional V3,197,Residual amount is not refunded,xiaoming90,High; Duplicate; Sponsor Confirmed; Reward,"Withdraw, Vault","xiaoming90  high  # Residual amount is not refunded  ## Summary  The residual amount will not be refunded back to the account.  ## Vulnerability Detail  https://github.com/sherlock-audit/2023-03-notional/blob/main/contracts-v2/contracts/internal/vaults/VaultAccount.sol#L571  ```solidity File: VaultAccount.sol 567:             if (netPrimeDebtRepaid < accountPrimeStorageValue) { 568:                 // If the net debt change is greater than the debt held by the account, then only 569:            "
59,Notional V3,194,Possible to liquidate past the debt outstanding above the min borrow without liquidating the entire debt outstanding,xiaoming90,High; Sponsor Confirmed; Will Fix; Reward,"Liquidation, Borrow Logic, Collateral","xiaoming90  high  # Possible to liquidate past the debt outstanding above the min borrow without liquidating the entire debt outstanding  ## Summary  It is possible to liquidate past the debt outstanding above the min borrow without liquidating the entire debt outstanding. Thus, leaving accounts with small debt that are not profitable to unwind if it needs to liquidate.  ## Vulnerability Detail  https://github.com/sherlock-audit/2023-03-notional/blob/main/contracts-v2/contracts/internal/vaults/V"
59,Notional V3,193,Excess funds withdrawn from the money market,xiaoming90,High; Has Duplicates; Sponsor Confirmed; Will Fix; Reward,"Oracle, Interest Rate, Withdraw","xiaoming90  high  # Excess funds withdrawn from the money market  ## Summary  Excessive amounts of assets are being withdrawn from the money market.  ## Vulnerability Detail  https://github.com/sherlock-audit/2023-03-notional/blob/main/contracts-v2/contracts/internal/balances/TokenHandler.sol#L270  ```solidity File: TokenHandler.sol 256:     function _redeemMoneyMarketIfRequired( 257:         uint16 currencyId, 258:         Token memory underlying, 259:         uint256 withdrawAmountExternal 260"
59,Notional V3,190,Unable to transfer fee reserve assets to treasury,xiaoming90,High; Sponsor Confirmed; Will Fix; Reward,Withdraw,"xiaoming90  high  # Unable to transfer fee reserve assets to treasury  ## Summary  Transferring fee reserve assets to the treasury manager contract will result in a revert, leading to a loss of rewards for NOTE stakers.  ## Vulnerability Detail  https://github.com/sherlock-audit/2023-03-notional/blob/main/contracts-v2/contracts/external/actions/TreasuryAction.sol#L135  ```solidity File: TreasuryAction.sol 132:     /// @notice redeems and transfers tokens to the treasury manager contract 133:    "
59,Notional V3,185,Account Collateral Ratio check is skipped even though there might be residual secondary debt,xiaoming90,High; Duplicate; Reward,"Borrow Logic, Collateral, Bad Debt",xiaoming90  high  # Account Collateral Ratio check is skipped even though there might be residual secondary debt  ## Summary  Account Collateral Ratio check is skipped even though there might be residual secondary debt. This allows vault accounts with some residual debt in secondary currencies to fully exited  ## Vulnerability Detail  https://github.com/sherlock-audit/2023-03-notional/blob/main/contracts-v2/contracts/external/actions/VaultAccountAction.sol#L271  ```solidity File: VaultAccountAct
59,Notional V3,184,StrategyVault can perform a full exit without repaying all secondary debt,xiaoming90,High; Has Duplicates; Sponsor Confirmed; Won't Fix; Reward,"Borrow Logic, Collateral, Bad Debt","xiaoming90  high  # StrategyVault can perform a full exit without repaying all secondary debt  ## Summary  StrategyVault can perform a full exit without repaying all secondary debt, leaving bad debt with the protocol.  ## Vulnerability Detail  Noted from the [codebase's comment](https://github.com/notional-finance/contracts-v2/blob/63eb0b46ec37e5fc5447bdde3d951dd90f245741/contracts/external/actions/VaultAction.sol#L61) that:  > Vaults can borrow up to the capacity using the `borrowSecondaryCurre"
59,Notional V3,183,`VaultAccountSecondaryDebtShareStorage.maturity` will be cleared prematurely,xiaoming90,High; Sponsor Confirmed; Will Fix; Reward,"Liquidation, Borrow Logic, Deposit","xiaoming90  high  # `VaultAccountSecondaryDebtShareStorage.maturity` will be cleared prematurely  ## Summary  `VaultAccountSecondaryDebtShareStorage.maturity` will be cleared prematurely during liquidation  ## Vulnerability Detail  If both the `accountDebtOne` and `accountDebtTwo` of secondary currencies are zero, Notional will consider both debt shares to be cleared to zero, and the maturity will be cleared as well as shown below.  https://github.com/sherlock-audit/2023-03-notional/blob/main/co"
59,Notional V3,172,repayAccountPrimeDebtAtSettlement() user lost residual cash,bin2chen,High; Has Duplicates; Sponsor Confirmed; Will Fix; Reward,"Withdraw, Vault",bin2chen  high  # repayAccountPrimeDebtAtSettlement() user lost residual cash  ## Summary  in `repayAccountPrimeDebtAtSettlement() ` Incorrect calculation of `primeCashRefund` value (always == 0) Resulting in the loss of the user's residual  cash  ## Vulnerability Detail  when settle Vault Account  will execute `settleVaultAccount()`->`repayAccountPrimeDebtAtSettlement()` In the `repayAccountPrimeDebtAtSettlement()` method the residual amount will be refunded to the user The code is as follows. 
59,Notional V3,170,_redeemMoneyMarketIfRequired()  redeem too much money from market,bin2chen,High; Duplicate; Reward,"Oracle, Withdraw","bin2chen  medium  # _redeemMoneyMarketIfRequired()  redeem too much money from market  ## Summary in `_redeemMoneyMarketIfRequired()`  Wrong amount of money specified for redemption from the market (use `withdrawAmountExternal`) It makes more sense to use `withdrawAmountExternal-currentBalance` Avoid too many redemptions and revert  ## Vulnerability Detail  `_redeemMoneyMarketIfRequired()` If the current balance is insufficient, an attempt will be made to redeem the amount from the market The co"
59,Notional V3,168,claimCOMPAndTransfer() COMP may be locked into the contract,bin2chen,High; Has Duplicates; Sponsor Confirmed; Won't Fix; Escalation Resolved; Reward,"Front-running, Reentrancy","bin2chen  high  # claimCOMPAndTransfer() COMP may be locked into the contract  ## Summary Malicious users can keep front-run `claimCOMPAndTransfer() ` to trigger `COMPTROLLER.claimComp() ` first, causing `netBalance` in `claimCOMPAndTransfer() ` to be 0 all the time, resulting in `COMP` not being transferred out and locked in the contract ## Vulnerability Detail `claimCOMPAndTransfer()` use for ""Claims COMP incentives earned and transfers to the treasury manager contract"" The code is as follows:"
59,Notional V3,154,User can reject Vault account settlement easily,ShadowForce,High; Duplicate; Sponsor Confirmed; Reward,"Liquidation, Borrow Logic, Collateral","ShadowForce  high  # User can reject Vault account settlement easily  ## Summary  User can reject Vault settlement  ## Vulnerability Detail  In VaultAccoutnAction.sol, one of the critical function is   ```solidity     /// @notice Settles a matured vault account by transforming it from an fCash maturity into     /// a prime cash account. This method is not authenticated, anyone can settle a vault account     /// without permission. Generally speaking, this action is economically equivalent no mat"
59,Notional V3,146,COMP tokens can get lost in Treasury,lemonmon,High; Duplicate; Reward,Other,"lemonmon  high  # COMP tokens can get lost in Treasury  ## Summary  COMP tokens can get lost in Treasury. COMP tokens cannot be claimed by the treasury manager contract  ## Vulnerability Detail  Inside the function `TreasuryAction.claimCOMPAndTransfer`, compound is claimed by calling the function `Comptroller.claimComp`.  https://github.com/sherlock-audit/2023-03-notional/blob/main/contracts-v2/contracts/external/actions/TreasuryAction.sol#L119  Then the `netBalance` of the COMP token is calcula"
59,Notional V3,73,"_redeemMoneyMarketIfRequired() will always overwithdraw from money market tokens, leading to losing some opportunities to earn from  the money markets (losing of funds).",chaduke,High; Duplicate; Reward,"Oracle, Withdraw","chaduke  medium  # _redeemMoneyMarketIfRequired() will always overwithdraw from money market tokens, leading to losing some opportunities to earn from  the money markets (losing of funds).  ## Summary ``_redeemMoneyMarketIfRequired()`` will always overwithdraw from money market tokens, leading to losing some opportunities to earn from  the money markets (losing of funds).  ## Vulnerability Detail ``_redeemMoneyMarketIfRequired()`` is used to redeem money market tokens in order to gain sufficient"
59,Notional V3,26,Incorrect accounting for idle funds during prime cash withdrawals,mstpr-brainbot,High; Duplicate; Reward,"Liquidation, Oracle, Interest Rate","mstpr-brainbot  high  # Incorrect accounting for idle funds during prime cash withdrawals  ## Summary When users withdraw prime cash for underlying, the protocol may liquidate external money market tokens to satisfy the withdrawal request. However, the current accounting process does not correctly account for idle funds during withdrawals. This can lead to incorrect redemption amounts, causing withdrawal failures for users when there are insufficient funds in the external money markets. ## Vulne"
2,Notional,110,`TradingUtils._executeTrade()` doesn't check `preTradeBalance` properly.,hansfriese,High; Has Duplicates; Sponsor Confirmed; Will Fix,"Deposit, Withdraw, Vault","hansfriese  high  # `TradingUtils._executeTrade()` doesn't check `preTradeBalance` properly.  ## Summary `TradingUtils._executeTrade()` doesn't check `preTradeBalance` properly.  ## Vulnerability Detail `TradingUtils._executeTrade()` doesn't check `preTradeBalance` properly.  ```solidity function _executeTrade(     address target,     uint256 msgValue,     bytes memory params,     address spender,     Trade memory trade ) private {     uint256 preTradeBalance;      if (trade.sellToken == address"
2,Notional,99,`StrategyUtils::_executeDynamicTradeExactIn` does not wrap steth,lemonmon,High; Has Duplicates; Sponsor Confirmed; Will Fix,"Oracle, Vault","lemonmon  high  # `StrategyUtils::_executeDynamicTradeExactIn` does not wrap steth  ## Summary  `StrategyUtils::_executeDynamicTradeExactIn` will return bought steth value instead of wrapped steth. Also, steth is not wrapped as it is supposed to be.  ## Vulnerability Detail  In the `StrategyUtils::_executeDynamicTradeExactIn`, if `params.tradeUnwrapped` is true, and `buyToken` is `WRAPPED_STETH`, the `buyToken` will be updated to be `WRAPPED_STETH.stETH()`, which is basically `STHETH` (not wrapp"
2,Notional,12,`ALLOW_REENTRANCY` logic is dangerous and should be carefully considered,Arbitrary-Execution,High; Has Duplicates; Sponsor Disputed,"Reentrancy, Reentrancy, Vault","Arbitrary-Execution  medium  # `ALLOW_REENTRANCY` logic is dangerous and should be carefully considered  ## Summary `ALLOW_REENTRANCY` logic is dangerous and should be carefully considered  ## Vulnerability Detail Strategy vaults are designed to earn profit by interacting with other market makers/protocols. Notional also allows vaults to interact with other components of the Notional protocol. To accomplish this, Notional added an `ALLOW_REENTRANCY` flag and logic that resets the `reentrancyStat"
466,ZeroLend One ,516,Incorrect Calculation of Assets in `getSupplyBalance()` and `getDebtBalance()` inside `PositionBalanceConfiguration.sol`,denzi_,Duplicate; Reward; High,"Interest Rate, Borrow Logic, Collateral","denzi_  High  # Incorrect Calculation of Assets in `getSupplyBalance()` and `getDebtBalance()` inside `PositionBalanceConfiguration.sol`  ## Summary  The protocol uses liquidityIndex and borrowIndex to keep track of the current indexes for both categories.  For more information on how indexes work, give this [rareskills.io post](https://www.rareskills.io/post/defi-interest-rate-indexes) a read.  The issue occurs when the code tries to access the supplyShares or debtShares of a user. Both functio"
466,ZeroLend One ,515,wrong logic lead to wrong calculation of  interest rate,jah,Duplicate; Reward; High,"Liquidation, Interest Rate, Borrow Logic","jah  High  # wrong logic lead to wrong calculation of  interest rate  ### Summary  in LiquidationLogic function _repayDebtTokens line 245   `    uint256 burnt = balances[params.position].repayDebt(totalSupplies, vars.actualDebtToLiquidate, vars.debtReserveCache.nextBorrowIndex);` in **PositionBalanceConfiguration.repayDebt**  it will try to first change actualDebtToLiquidate in to share amount and subtract and return the subtracted  amount  which means burnt is the subtracted share amount  but t"
466,ZeroLend One ,513,"Due to an error in the logic when trying to withdraw, a lender who deposits after interest rate has already gone up won't be able to withdraw their whole balance.",joshuajee,Duplicate; Reward; High,"Interest Rate, Borrow Logic, Collateral","joshuajee  High  # Due to an error in the logic when trying to withdraw, a lender who deposits after interest rate has already gone up won't be able to withdraw their whole balance.  ### Summary  Lenders who deposit into the pool at a later time will receive fewer shares but at a higher liquidity index, the problem here is that during withdrawal the liquidity index is not taken into account so the lender cannot withdraw their whole balance.  ### Root Cause  The root cause of this bug lies inside"
466,ZeroLend One ,506,Incorrect balance calculation affects protocol users,perseus,Duplicate; Reward; High,"Interest Rate, Borrow Logic, Collateral","perseus  High  # Incorrect balance calculation affects protocol users  ### Summary  The smart contract has a critical vulnerability in its balance calculation logic, for both supply and debt balances, which, therefore affects both, suppliers and borrowers.  For suppliers, the incorrect calculation can result in a loss of funds by underestimating the amount they are entitled to upon withdrawal. Furthermore, in a specific scenario, the `PositionBalance::supplyShares` could never be burnt to 0 valu"
466,ZeroLend One ,504,Incorrect Calculation of Assets in `getSupplyBalance()` and `getDebtBalance()` inside `PositionBalanceConfiguration.sol`,denzi_,Duplicate; Reward; High,"Interest Rate, Borrow Logic, Collateral","denzi_  High  # Incorrect Calculation of Assets in `getSupplyBalance()` and `getDebtBalance()` inside `PositionBalanceConfiguration.sol`  ## Summary  The protocol uses liquidityIndex and borrowIndex to keep track of the current indexes for both categories.  For more information on how indexes work, give this [rareskills.io post](https://www.rareskills.io/post/defi-interest-rate-indexes) a read.  The issue occurs when the code tries to access the supplyShares or debtShares of a user. Both functio"
466,ZeroLend One ,503,"PoolGetter's Calculation of User or Pool Balance and Debt is Not Real-Time, it may lead to severe and dangerous situations",neon2835,Duplicate; Reward; High,"Liquidation, Interest Rate, Borrow Logic","neon2835  High  # PoolGetter's Calculation of User or Pool Balance and Debt is Not Real-Time, it may lead to severe and dangerous situations  ## Summary In `PoolGetter`, the `balance` and `debt` calculations for users or pools in the following functions are not real-time values: 1. function getBalanceByPosition(address asset, bytes32 positionId) external view returns (uint256 balance) 2. function getBalance(address asset, address who, uint256 index) external view returns (uint256 balance) 3. fun"
466,ZeroLend One ,499,Pool.sol:liquidate()::LiquidityTaken is not considering the liquidationProtocolFeeAmount while calling updateInterestRate(),dhank,Duplicate; Reward; High,"Liquidation, Interest Rate, Collateral","dhank  High  # Pool.sol:liquidate()::LiquidityTaken is not considering the liquidationProtocolFeeAmount while calling updateInterestRate()  ### Summary  when a liquidator liquidates a position using a collateral , some amount of the collaterals is transferred to `treasury` as `liquidationProtocolFeeAmount`.  Even though `liquidationProtocolFeeAmount` is taken from the collateral assets reserve there is no attempt made to update the `interestRate` of the same reserve for the `liquidationProtocolF"
466,ZeroLend One ,497,Pool.sol:liquidate()::Since cache.nextDebtShares is not  updated prior wrong interest rate is calculated.,dhank,Duplicate; Escalation Resolved; Reward; High,"Liquidation, Interest Rate, Borrow Logic","dhank  High  # Pool.sol:liquidate()::Since cache.nextDebtShares is not  updated prior wrong interest rate is calculated.  ### Summary   [function](https://github.com/sherlock-audit/2024-06-new-scope/blob/c8300e73f4d751796daad3dadbae4d11072b3d79/zerolend-one/contracts/core/pool/logic/LiquidationLogic.sol#L239) `_repayDebtTokens()` is used to calculate the `nextDebtShares` for the `debtReserve` that the liquidator is liquidating.    After that , [function](https://github.com/sherlock-audi"
466,ZeroLend One ,495,"actualDebtToLiquidate is incorrectly calculated by assigning the share amount instead of the underlying assets , affecting the liquidator.",dhank,Duplicate; Reward; High,"Liquidation, Collateral, Share Manipulation","dhank  High  # actualDebtToLiquidate is incorrectly calculated by assigning the share amount instead of the underlying assets , affecting the liquidator.  ### Summary  The [function](https://github.com/sherlock-audit/2024-06-new-scope/blob/c8300e73f4d751796daad3dadbae4d11072b3d79/zerolend-one/contracts/core/pool/logic/LiquidationLogic.sol#L259-L273) `_calculateDebt()` is calculating the `actualDebtToLiquidate` by considering the healthFactor of the position. If the amount `params.debtToCover` wh"
466,ZeroLend One ,491,"Pool.sol:: Wrongly Implemented getSupplyBalance() , not returning the correct supplied asseets.",dhank,Duplicate; Reward; High,"Interest Rate, Deposit, Withdraw","dhank  High  # Pool.sol:: Wrongly Implemented getSupplyBalance() , not returning the correct supplied asseets.  ### Summary  `getSupplyBalance() `is returning the incorrect value for totalSupply of a position.    ### Root Cause   The function getSupplyBalance is expected to return the total assets held by the position using the shares owned by that position.  The `total assets` held by the position is calculated using the equation , `sharesOwned` * `currentLiquidityIndex`.   But the function is "
466,ZeroLend One ,478,Missing fee shares update to totalSupplies.supplyShares will cause inconsistent state of protocol,Valy001,Duplicate; Reward; High,"Liquidation, Borrow Logic, Withdraw","Valy001  High  # Missing fee shares update to totalSupplies.supplyShares will cause inconsistent state of protocol  ### Summary  The reserve state is updated before each pool action (supply/borrow/repay/liquidate) execute.  Fee accuruing is performed in _accrueToTreasury() during state change in updateState() ([ReserveLogic.sol](https://github.com/sherlock-audit/2024-06-new-scope/blob/main/zerolend-one/contracts/core/pool/logic/ReserveLogic.sol#L87-L94)). However, the fee share accrued is only r"
466,ZeroLend One ,477,Attacker may manipulate borrow interest rates of the protocol,perseus,Duplicate; Reward; High,"Liquidation, Oracle, Interest Rate","perseus  High  # Attacker may manipulate borrow interest rates of the protocol  ### Summary  Incorrect state update during liquidation will cause loss of assets for lenders and protocol as attacker will open multiple positions, self liquidate on smaller position to trigger an incorrect state update, and subsequently repay debt with radically smaller interest rate.  ### Root Cause  In [`LiquidationLogic.sol:246`](https://github.com/sherlock-audit/2024-06-new-scope/blob/main/zerolend-one/contracts"
466,ZeroLend One ,474,"Incorrect deduction of `accruedToTreasuryShares` from totalSupply, causing loss of shares",KupiaSec,Duplicate; Reward; High,"Interest Rate, Borrow Logic, Share Manipulation","KupiaSec  Medium  # Incorrect deduction of `accruedToTreasuryShares` from totalSupply, causing loss of shares  ## Summary In `executeMintToTreasury`, `accruedToTreasuryShares` is set to zero and also deducted from `totalSupply.supplyShares`. This is wrong because it was never added to `totalSupply.supplyShares`.  ## Vulnerability Detail ZeroLend One accumulates `accruedToTreasuryShares` from supplies to cover pool operations. It grows whenever a supply/lend operation is executed towards the pool"
466,ZeroLend One ,473,"Wrong calculation of supply/debt balance of a position, disrupting core system functionalities",KupiaSec,Has Duplicates; Will Fix; Escalation Resolved; Reward; High,"Interest Rate, Borrow Logic, Withdraw","KupiaSec  High  # Wrong calculation of supply/debt balance of a position, disrupting core system functionalities  ## Summary There is an error in the calculation of the supply/debt balance of a position, impacting a wide range of operations across the system, including core lending features.  ## Vulnerability Detail `PositionBalanceConfiguration` library have 2 methods to provide supply/debt balance of a position as follows:  ```solidity   function getSupplyBalance(DataTypes.PositionBalance stor"
466,ZeroLend One ,472,"`_repayDebtTokens` wrongly sets `vars.debtReserveCache.nextDebtShares` to incorrect value, leading to false `liquidityRate`, `borrowRate`",KupiaSec,Duplicate; Reward; High,"Liquidation, Interest Rate, Borrow Logic","KupiaSec  High  # `_repayDebtTokens` wrongly sets `vars.debtReserveCache.nextDebtShares` to incorrect value, leading to false `liquidityRate`, `borrowRate`  ## Summary `_repayDebtTokens` wrongly sets `vars.debtReserveCache.nextDebtShares` to `burnt` shares instead of `remaining` shares and this contributes to setting false `liquidityRate` and `borrowRate` of debt reserve.  ## Vulnerability Detail In `LiquidiationLogic.executeLiquidationCall` function, `_repayDebtTokens` function is called to bur"
466,ZeroLend One ,470,"`executeLiquidationCall` utilizes wrong debt and collateral balance, disrupting whole liquidation process",KupiaSec,Duplicate; Reward; High,"Liquidation, Borrow Logic, Collateral","KupiaSec  High  # `executeLiquidationCall` utilizes wrong debt and collateral balance, disrupting whole liquidation process  ## Summary In `executeLiquidationCall` function, there's an error in calculation of the debt and collateral balance of a position, which would ultimately disrupt the whole liquidiation process.  ## Vulnerability Detail In `LiquidiationLogic.executeLiquidationCall` function, `userDebt` and `userCollateralBalance` are calculated in order to execute a successful liquidation. "
466,ZeroLend One ,469,in PositionBalanceConfiguration. getSupplyBalance and getDebtBalance return a wrong amount,jah,Duplicate; Reward; High,"Withdraw, Share Manipulation","jah  High  # in PositionBalanceConfiguration. getSupplyBalance and getDebtBalance return a wrong amount  ### Summary  the function **getDebtBalance** and   **getSupplyBalance** both function returns a wrong calculation    ```solidity  function getSupplyBalance(DataTypes.PositionBalance storage self, uint256 index) public view returns (uint256 supply) {     uint256 increase = self.supplyShares.rayMul(index) - self.supplyShares.rayMul(self.lastSupplyLiquidtyIndex);     return self.supplyShares + i"
466,ZeroLend One ,466,Incorrect accounting when executing mint to treasury in withdrawals,imsrybr0,Duplicate; Reward; High,"Oracle, Flash Loan, Interest Rate","imsrybr0  High  # Incorrect accounting when executing mint to treasury in withdrawals  ### Summary  `PoolLogic@executeMintToTreasury` incorrectly substract the accrued treasury shares from total supply shares when they were never added to it in the first place ultimately causing reverts in the withdrawals due to an arithmetic underflow.  ### Root Cause  * Treasury shares are accrued after flashloans are repaid or when debt is accrued and the reserve factor is non zero, but the total supply share"
466,ZeroLend One ,463,Missing a conversion step from shares to assets in the `executeLiquidationCall`,iamnmt,Duplicate; Reward; High,"Liquidation, Interest Rate, Borrow Logic",iamnmt  High  # Missing a conversion step from shares to assets in the `executeLiquidationCall`  ### Summary  Missing a conversion step from shares to assets in the `executeLiquidationCall` will cause unexpected behavior.  ### Root Cause  In the `executeLiquidationCall` function  https://github.com/sherlock-audit/2024-06-new-scope/blob/c8300e73f4d751796daad3dadbae4d11072b3d79/zerolend-one/contracts/core/pool/logic/LiquidationLogic.sol#L94C12-L94C34  ```solidity  function executeLiquidationCall( 
466,ZeroLend One ,459,getDebtBalance Function's Incorrect Formula for User's Debt Calculation,neon2835,Duplicate; Reward; High,"Borrow Logic, Share Manipulation","neon2835  High  # getDebtBalance Function's Incorrect Formula for User's Debt Calculation  ## Summary The `getDebtBalance` function's formula for calculating a user's debt is incorrect, resulting in the borrower needing to repay less debt than they actually owe.  ## Vulnerability Detail The code for the `getDebtBalance` function in the `PositionBalanceConfiguration` library is as follows: ```solidity   function getDebtBalance(DataTypes.PositionBalance storage self, uint256 index) internal view r"
466,ZeroLend One ,454,Underlying balance is not updated after mint to treasury,Honour,Duplicate; Reward; High,Share Manipulation,"Honour  Medium  # Underlying balance is not updated after mint to treasury  ### Summary  Underlying asset balance is not updated after mint to treasury, which leads inacurate internal accounting of the protocol's asset balance   ### Root Cause  In `PoolLogic::executeMintToTreasury`  https://github.com/sherlock-audit/2024-06-new-scope/blob/main/zerolend-one/contracts/core/pool/logic/PoolLogic.sol#L83-L103  ```solidity   function executeMintToTreasury(     DataTypes.ReserveSupplies storage totalSu"
466,ZeroLend One ,452,Use of incorrect NextDebtShares during liquidation will result in incorrect interest rate calculations,Honour,Duplicate; Reward; High,"Liquidation, Interest Rate, Borrow Logic","Honour  High  # Use of incorrect NextDebtShares during liquidation will result in incorrect interest rate calculations  ### Summary  During liquidation `_repayDebtTokens` sets the `nextDebtShares` to the shares burnt instead of decreasing it, this leads to incorrect interst rate calculations as the total debt (calculated as `nextDebtShares.rayMul(nextBorrowIndex)`) is actually the debt being liquidated not the total debt left.   ### Root Cause  In `LiquidationLogic::_repayDebtTokens`  https://gi"
466,ZeroLend One ,450,Liquidation fee is not taken from user's collateral balance & underlying balance,Honour,Duplicate; Reward; High,"Liquidation, Collateral, Deposit","Honour  High  # Liquidation fee is not taken from user's collateral balance & underlying balance  ### Summary  Liquidation fee is not taken from user's collateral balance during liquidation as a result the user can withdraw their remaining collateral (including the liquidation fee) , causing insolvency issues for other users yet to withdraw their deposit.   ### Root Cause  In `LiquidationLogic::executeLiquidationCall`  https://github.com/sherlock-audit/2024-06-new-scope/blob/main/zerolend-one/co"
466,ZeroLend One ,447,executeLiquidationCall uses user's collateral shares as total collateral instead of their collateral balance,Honour,Duplicate; Reward; High,"Liquidation, Borrow Logic, Collateral","Honour  High  # executeLiquidationCall uses user's collateral shares as total collateral instead of their collateral balance  ### Summary  `executeLiquidationCall` uses user's collateral shares as total collateral, this makes it difficult to completely liquidate an unhealthy position especially if all the user's collateral balance is required  ### Root Cause  In `LiquidationLogic::executeLiquidationCall`  https://github.com/sherlock-audit/2024-06-new-scope/blob/main/zerolend-one/contracts/core/p"
466,ZeroLend One ,445,`LiquidationLogic::_calculateDebt` returns user's debtShares instead of debt balance,Honour,Duplicate; Reward; High,"Liquidation, Borrow Logic, Collateral","Honour  High  # `LiquidationLogic::_calculateDebt` returns user's debtShares instead of debt balance  ### Summary  `LiquidationLogic::_calculateDebt` returns user's debtShares instead of their actual debt balance, this makes it impossible to completely liquidate an unhealthy position   ### Root Cause  In `LiquidationLogic::_calculateDebt` the  user's debt is calculated as,  https://github.com/sherlock-audit/2024-06-new-scope/blob/main/zerolend-one/contracts/core/pool/logic/LiquidationLogic.sol#L"
466,ZeroLend One ,444,getSupplyBalance and getDebtBalance calculates wrong balances affecting a bunch of functions,Honour,Duplicate; Reward; High,"Borrow Logic, Collateral, Deposit","Honour  High  # getSupplyBalance and getDebtBalance calculates wrong balances affecting a bunch of functions  ### Summary  `getSupplyBalance` and `getDebtBalance` wrongly calculates user's balances, this would affect several internal functionalities (like `withdraw` and `repay`) that rely on these functions to calculate balances as well as external contracts that query these balances from the pool.   ### Root Cause   The `getSupplyBalance` and `getDebtBalance` functions calculate the user's bala"
466,ZeroLend One ,443,PoolLogic::executeMintToTreasury decreases supplyShares which will lead to insolvency issues,Honour,Duplicate; Reward; High,"Deposit, Withdraw, Insolvency","Honour  High  # PoolLogic::executeMintToTreasury decreases supplyShares which will lead to insolvency issues  ### Summary  `PoolLogic::executeMintToTreasury` decreases the total supply shares by the the shares accrued to treasury, this can lead to insolvency issues as the sum of the individual shares of all the users will be greater than the total supply shares i.e. some users will be unable to withdraw their deposits   ### Root Cause  In `PoolLogic::executeMintToTreasury`  https://github.com/sh"
466,ZeroLend One ,440,getSupplyBalance Function's Incorrect Formula May Lead to Loss of Users' Funds or Earnings,neon2835,Duplicate; Reward; High,"Borrow Logic, Deposit, Withdraw","neon2835  High  # getSupplyBalance Function's Incorrect Formula May Lead to Loss of Users' Funds or Earnings  ## Summary The formula in the `getSupplyBalance` function within the `PositionBalanceConfiguration` library has a vulnerability, and referencing this function may cause users to incur a loss of funds. The `getSupplyBalance` function is as follows:  ```solidity   function getSupplyBalance(DataTypes.PositionBalance storage self, uint256 index) public view returns (uint256 supply) {     uin"
466,ZeroLend One ,438,Liquidated positions which is borrowed from NFT position manager can still earn rewards,TessKimy,Duplicate; Reward; High,"Liquidation, Interest Rate, Borrow Logic","TessKimy  High  # Liquidated positions which is borrowed from NFT position manager can still earn rewards  ### Summary  Users who supplied and borrowed from NFT position manager contract can still earn rewards even if their position liquidated.  ### Root Cause  NFT position managers allow users to earn reward while supplying, borrowing tokens. Due to missing implementation of liquidation, it's impossible to update their balance in NFT position manager after liquidation in Pool contract.  In [Liq"
466,ZeroLend One ,432,Users can receive additional shares in the curated vault,ether_sky,Duplicate; Reward; High,"Interest Rate, Deposit, Withdraw","ether_sky  Medium  # Users can receive additional shares in the curated vault  ## Summary The `curated vault` follows the `ERC4626` standard, where users receive `shares` when they `deposit` `assets` into `pools` through the `vault`.  Over time, the `assets` per `share` increase due to the accumulation of `interest` in the `pools`. When users `deposit`, the number of `shares` they receive is based on the `total assets` in the `vault`, making accurate asset calculations critical. Curren"
466,ZeroLend One ,425,"`LiquidationLogic::_repayDebtTokens()` incorrectly assigns burnt debt tokens to `nextDebtShares`, resulting in incorrect interest rate updates",Nihavent,Duplicate; Reward; High,"Liquidation, Oracle, Interest Rate","Nihavent  Medium  # `LiquidationLogic::_repayDebtTokens()` incorrectly assigns burnt debt tokens to `nextDebtShares`, resulting in incorrect interest rate updates  ### Summary  In the liquidation flow `_repayDebtTokens()` treats the burnt debt shares as the total remaining debt shares. This error is carried into the interest rate update calculations which depend on accurate total debt amount in order to calculate usage ratios (sometimes called utilization).  ### Root Cause  `LiquidationLogic::_r"
466,ZeroLend One ,424,"Bad debt is not handled by the protocol, resulting in withdrawal race conditions for suppliers",Nihavent,Duplicate; Reward; High,"Liquidation, Interest Rate, Borrow Logic","Nihavent  High  # Bad debt is not handled by the protocol, resulting in withdrawal race conditions for suppliers  ### Summary  Once bad debt is in the protocol there is no way to socialize it evenly across all suppliers, meaning the first suppliers to withdraw will retain all funds + interest earned, at the expense of suppliers who are unable to withdraw in time.   ### Root Cause  The root cause of bad debt is price fluctions in the collateral/debt making the debt worth more than the collateral."
466,ZeroLend One ,423,Vault's `totalAssets()` implementation causing wrong amount of share minting,TessKimy,Duplicate; Reward; High,"Liquidation, Borrow Logic, Deposit","TessKimy  High  # Vault's `totalAssets()` implementation causing wrong amount of share minting  ### Summary  In [CuratedVault.sol](https://github.com/sherlock-audit/2024-06-new-scope/blob/c8300e73f4d751796daad3dadbae4d11072b3d79/zerolend-one/contracts/core/vaults/CuratedVault.sol#L368), `totalAssets()` function is returning out-dated value because pool's state indexes should be updated before calling `getBalanceByPosition()`.   ### Root Cause  In CuratedVault.sol, `totalAssets()` is implemented "
466,ZeroLend One ,422,Treasury shares are 'burnt' upon but never 'minted' resulting in suppliers not being able to withdraw all of their assets,Nihavent,Duplicate; Reward; High,"Liquidation, Flash Loan, Interest Rate","Nihavent  High  # Treasury shares are 'burnt' upon but never 'minted' resulting in suppliers not being able to withdraw all of their assets  ### Summary  Treasury shares are a way of keeping track of treasury earnings which is a function of the interest paid on debt taken or the premium earned on flash loans. When they're 'minted' they're tracked in their own variable (separate from regular supplyShares), however when they're burnt they're subtracted from the regular reserve supplyShares which w"
466,ZeroLend One ,421,`PositionBalanceConfiguration::getDebtBalance()` adds interest in assets to a shares balance which prevents full repay of debt and completely DOSes `nftPositionManager::repay()`,Nihavent,Duplicate; Reward; High,"Interest Rate, Borrow Logic, Collateral",Nihavent  High  # `PositionBalanceConfiguration::getDebtBalance()` adds interest in assets to a shares balance which prevents full repay of debt and completely DOSes `nftPositionManager::repay()`  ### Summary  Users are unable to fully repay their debt through the `pool::repay()` flow and the `nftPositionManager::repay()` is completely DOSed due to `PositionBalanceConfiguration::getDebtBalance()` returning a lower than expected debt balance. `getDebtBalance()` should convert the 'base' debt to a
466,ZeroLend One ,420,`PositionBalanceConfiguration::getSupplyBalance()` adds interest in assets to a shares balance resulting in user unable to withdraw their entire balance,Nihavent,Duplicate; Reward; High,"Oracle, Interest Rate, Borrow Logic",Nihavent  High  # `PositionBalanceConfiguration::getSupplyBalance()` adds interest in assets to a shares balance resulting in user unable to withdraw their entire balance  ### Summary  Due to not converting the 'base' amount to a value denominated in assets `PositionBalanceConfiguration::getSupplyBalance()` returns a lower-than expected asset balance. This will block most users from withdrwaing all assets (when they minted shares with `liquidityIndex` > 1e27). Over time the impact increases beca
466,ZeroLend One ,419,"`LiquidationLogic::_calculateDebt()` treats debt shares as assets which results in bad debt, invalid health checks, and loss of protocol liquidation fees",Nihavent,Duplicate; Reward; High,"Liquidation, Oracle, Interest Rate","Nihavent  High  # `LiquidationLogic::_calculateDebt()` treats debt shares as assets which results in bad debt, invalid health checks, and loss of protocol liquidation fees  ### Summary  The pool's liquidation flow incorrectly treats debt values denominated in shares as values denominated in assets. This creates issues such as liquidators being unable to repay the full debt amount due to the `debtIndex` being greater than 1. The reserve asset of the debt is also incorrectly removed from the posti"
466,ZeroLend One ,415,User debt calculated wrongly while liquidation process which is causing wrong amount of liquidations,TessKimy,Duplicate; Reward; High,"Liquidation, Oracle, Borrow Logic","TessKimy  High  # User debt calculated wrongly while liquidation process which is causing wrong amount of liquidations  ### Summary  In [LiquidationLogic.sol](https://github.com/sherlock-audit/2024-06-new-scope/blob/c8300e73f4d751796daad3dadbae4d11072b3d79/zerolend-one/contracts/core/pool/logic/LiquidationLogic.sol#L268), user's debt calculated in shares and it directly calls `percentMul()` with `closeFactor`. It's wrong because it have to be converted to underlying assets before this multiplica"
466,ZeroLend One ,413,Interest rate is updated before updating the debt when repaying debt,imsrybr0,Has Duplicates; Will Fix; Reward; High,"Oracle, Interest Rate, Borrow Logic",imsrybr0  High  # Interest rate is updated before updating the debt when repaying debt  ### Summary  Interest rate is updated before updating the debt when repaying debt in `BorrowLogic@executeRepay` leading to an incorrect total debt being used when calculating the new interest rates and causing suppliers to keep accruing interest based on the previous debt and even if there are no ongoing borrows anymore.  ### Root Cause  [BorrowLogic](https://github.com/sherlock-audit/2024-06-new-scope/blob/m
466,ZeroLend One ,409,Lenders who deposits after a loan has been repaid will lose some of their deposits.,joshuajee,Duplicate; Reward; High,"Liquidation, Oracle, Interest Rate","joshuajee  High  # Lenders who deposits after a loan has been repaid will lose some of their deposits.  ### Summary  The share allocation system is broken, lenders who deposit their funds into the pool after some borrowing and repaying is done will lose some of their deposits due to an error in the share allocation system.   ### Root Cause  The root cause is how shares are minted based on the new liquidity index. As the liquidity index increases the subsequent lenders earn fewer shares for the s"
466,ZeroLend One ,407,Liquidation Function Incorrectly Uses Shares Instead of Actual Debt Amount,A2-security,Duplicate; Reward; High,"Liquidation, Borrow Logic, Collateral",A2-security  High  # Liquidation Function Incorrectly Uses Shares Instead of Actual Debt Amount  ## Summary  The `executeLiquidationCall` function in the liquidation logic incorrectly uses debt shares instead of the actual debt amount. This leads to an undervaluation of the debt that can be liquidated and makes it impossible to liquidate the entire debt.  ## Vulnerability Detail  The vulnerability lies in the `_calculateDebt` function:  ```js function _calculateDebt( DataTypes.ExecuteLiquidation
466,ZeroLend One ,405,Incorrect Interest Rate Update Leads to Inflated Rates and Potential Protocol Insolvency,A2-security,Duplicate; Reward; High,"Interest Rate, Borrow Logic, Deposit","A2-security  High  # Incorrect Interest Rate Update Leads to Inflated Rates and Potential Protocol Insolvency  ## Summary  A vulnerability in the `executeRepay` function of `BorrowLogic.sol` causes interest rates to be calculated incorrectly due to updating rates before modifying the debt. This results in inflated interest rates and an overstated liquidity index.  leading to  insolvency as non-existent debt shares are accounted for, risking the ability of depositors to withdraw their funds even "
466,ZeroLend One ,404,"Protocol exposed to risk of insolvancy, due to not handling bad debt",A2-security,Duplicate; Escalation Resolved; Reward; High,"Liquidation, Interest Rate, Borrow Logic","A2-security  Medium  # Protocol exposed to risk of insolvancy, due to not handling bad debt  ## Summary With the new design the repay() function have become permissoned, in contrast to the original aave Implemention (permissionless, anyone can repay a loan of a user). The new changes exposes the protocol to the risk of insolvancy, because bad debt is not (cannot be) handled. leading to a scenario where the last withdrawal will incure the loss.   ## Vulnerability Detail The codebase have been for"
466,ZeroLend One ,396,Liquidated Positions Keep Receiving Rewards Forever in NFTPositionManager,A2-security,Duplicate; Reward; High,"Liquidation, Interest Rate, Borrow Logic","A2-security  High  # Liquidated Positions Keep Receiving Rewards Forever in NFTPositionManager  ## Summary  The `NFTPositionManager` contract tracks user balances for supplying, borrowing, repaying, and withdrawing assets to distribute rewards based on their position balances. However, when a user's position is liquidated, the `NFTPositionManager` is not notified about the balance decrease. As a result, users with liquidated positions continue to receive rewards based on their previous balances,"
466,ZeroLend One ,395,userbalance not reduced by `liquidationProtocolFeeAmount`,A2-security,Duplicate; Reward; High,"Liquidation, Collateral, Withdraw","A2-security  High  # userbalance not reduced by `liquidationProtocolFeeAmount`  ## Summary The protocol takes a `liquidationProtocolFeeAmount` from the bonus seized collateral in liquidation, but this amount is not deducted from the user's balance, and still sent to the treasury. This issue leads to breaking the internal accounting of the protocol and incorrect liquidation process.   ## Vulnerability Detail  The Protocol takes a `liquidationProtocolFeeAmount` from the bonus seized collateral in "
466,ZeroLend One ,391,Borrowing rate is dropping significantly due to wrong interest rate update,TessKimy,Duplicate; Reward; High,"Liquidation, Interest Rate, Borrow Logic","TessKimy  Medium  # Borrowing rate is dropping significantly due to wrong interest rate update  ### Summary  In [LiquidationLogic.sol](https://github.com/sherlock-audit/2024-06-new-scope/blob/c8300e73f4d751796daad3dadbae4d11072b3d79/zerolend-one/contracts/core/pool/logic/LiquidationLogic.sol#L246), the `nextDebtShares` is set to burnt amount of shares which is a wrong action. `nextDebtShares` demonstrate the pool's total debt shares after this execution.  ### Root Cause  In liquidation action, f"
466,ZeroLend One ,380,Incorrect Variable Usage in Liquidation Logic Can Prevent Positions from Being Fully Liquidated,TessKimy,Duplicate; Reward; High,"Liquidation, Collateral, Share Manipulation","TessKimy  High  # Incorrect Variable Usage in Liquidation Logic Can Prevent Positions from Being Fully Liquidated  ### Summary  In [LiquidationLogic.sol](https://github.com/sherlock-audit/2024-06-new-scope/blob/c8300e73f4d751796daad3dadbae4d11072b3d79/zerolend-one/contracts/core/pool/logic/LiquidationLogic.sol#L136), `_calculateAvailableCollateralToLiquidate()` function will return a false information because `vars.userCollateralBalance` is set wrong.  ### Root Cause  The root cause is sending `"
466,ZeroLend One ,377,Liquidated User will not be charged for the liquidation,lemonmon,Duplicate; Reward; High,"Liquidation, Interest Rate, Collateral",lemonmon  Medium  # Liquidated User will not be charged for the liquidation  ### Summary  The incorrect handling of the fee in the `LiquidationLogic::executeLiquidationCall` will cause the following issues:  1. The liquidated user will not be charged for the fee 2. `Pool._totalSupplies[collateralAsset].underlyingBalance` will be incorrect.  ### Root Cause  In the `LiquidationLogic::executeLiquidationCall` the fee was handled incorrectly.  https://github.com/sherlock-audit/2024-06-new-scope/blob/
466,ZeroLend One ,375,"Function `executeMintToTreasury` will incorrectly reduce the `supplyShares`, therefore prevent the last users  from withdrawing",lemonmon,Has Duplicates; Will Fix; Reward; High,"Collateral, Withdraw, Underflow","lemonmon  High  # Function `executeMintToTreasury` will incorrectly reduce the `supplyShares`, therefore prevent the last users  from withdrawing  ### Summary  The incorrect reduction in `PoolLogic::executeMintToTreasury` will cause failure of some (likely to be the last) user's withdrawal, and the fund will be locked.  ### Root Cause  The `totalSupply.supplyShares` is supposed to be the sum of `balances.supplyShares`, as they are always updated in tandem:   https://github.com/sherlock-audit/202"
466,ZeroLend One ,374,Incorrect supply balance and debt balance calculation will cause multiple issues,lemonmon,Duplicate; Reward; High,"Borrow Logic, Collateral, Withdraw","lemonmon  Medium  # Incorrect supply balance and debt balance calculation will cause multiple issues  ### Summary  The `PositionBalanceConfiguration`'s `getSupplyBalance` and `getDebtBalance` functions are supposed to convert `shares` into `amount`. However, their calculation is incorrect and the amount is likely to be underestimated, which may lead to following issues:  1, the userConfig can be incorrectly tagged/untagged for using as collateral or borrowing 2. the user would not be able to rep"
466,ZeroLend One ,368,Collateral shares are mistaken for collateral assets during liquidations,JCN,Duplicate; Reward; High,"Liquidation, Oracle, Borrow Logic","JCN  Medium  # Collateral shares are mistaken for collateral assets during liquidations  ## Summary Collateral shares are mistaken for collateral assets during liquidations  ## Vulnerability Detail During liquidations, the collateral shares of the violator are mistakenly used to represent their available collateral balance:  [LiquidationLogic::executeLiquidationCall](https://github.com/sherlock-audit/2024-06-new-scope/blob/main/zerolend-one/contracts/core/pool/logic/LiquidationLogic.sol#L136-L15"
466,ZeroLend One ,365,Incorrect balance calculation will cause user loss their supply or borrower steal tokens from pool,charlesjhongc,Duplicate; Reward; High,"Borrow Logic, Withdraw, Fund Theft","charlesjhongc  High  # Incorrect balance calculation will cause user loss their supply or borrower steal tokens from pool  ### Summary  The two calculation `getSupplyBalance()` and `getDebtBalance()` implemented in `contracts/core/pool/configuration/PositionBalanceConfiguration.sol` is incorrect which return less than the actual correct value. The amount returned by `getSupplyBalance()` will cause users not able to withdraw completely. Likewise, `getDebtBalance()` will allow borrower to repay le"
466,ZeroLend One ,364,"Lack of fee retrieval &  not assigned to `vars.liquidationProtocolFeePercentage`, then `liquidationProtocolFeePercentage` is used to determine `vars.liquidationProtocolFee`,  this logic is executed with a default=0, leads to protocol getting zero amount of fee on liquidation.",thisvishalsingh,Duplicate; Reward; High,"Liquidation, Oracle, Collateral","thisvishalsingh  High  # Lack of fee retrieval &  not assigned to `vars.liquidationProtocolFeePercentage`, then `liquidationProtocolFeePercentage` is used to determine `vars.liquidationProtocolFee`,  this logic is executed with a default=0, leads to protocol getting zero amount of fee on liquidation.  ### Summary  The lack of fee retrieval & not assigned to `vars.liquidationProtocolFeePercentage`  then execution of `liquidationProtocolFeePercentage` in `_calculateAvailableCollateralToLiquidate` "
466,ZeroLend One ,363,The balance calculation is incorrect,ether_sky,Duplicate; Reward; High,"Interest Rate, Borrow Logic, Withdraw","ether_sky  High  # The balance calculation is incorrect  ## Summary The current `balance` should be the product of `shares` and the current `index`.  All protocol functions rely on these `balances`, but the calculations are currently incorrect. ## Vulnerability Detail The current `supply balance` should be calculated by multiplying the `supply shares` by the current `liquidity index`, while the `debt balance` should be the product of `debt shares` and the current `borrow index`.  This is because"
466,ZeroLend One ,358,The interest rate is incorrectly updated when debt is repaid,ether_sky,Duplicate; Reward; High,"Interest Rate, Borrow Logic, Collateral","ether_sky  Medium  # The interest rate is incorrectly updated when debt is repaid  ## Summary In the protocol, `depositors` can supply `assets` as `collateral` to the `pool` and earn `interest` from `borrowers`.  `Borrowers`, in turn, can `borrow` `assets` and are required to pay `interest`.  It's essential that `interest rates` are correctly calculated for both `debt` and `collateral`. However, during `repayment`, the `interest rate` for `debt` `assets` is updated incorrectly. ## Vulnerability "
466,ZeroLend One ,351,Interest rates are overestimated after every repayment,JCN,Duplicate; Reward; High,"Interest Rate, Borrow Logic, Withdraw","JCN  Medium  # Interest rates are overestimated after every repayment  ## Summary Interest rates are overestimated after every repayment  ## Vulnerability Detail The `cach.nextDebtShares` value is used to calculate the updated `totalDebt` of the reserve and then calculate the new interest rates based on this updated value. However, during repayments the `cache.nextDebtShares` is updated *after* interest rates are updated, as a result the `cache.nextDebtShares` reflects the previous `totalDebt` b"
466,ZeroLend One ,348,Logical error causes incorrect calculation of liquidityIndex and borrowIndex,wellbyt3,Duplicate; Reward; High,"Liquidation, Interest Rate, Borrow Logic","wellbyt3  High  # Logical error causes incorrect calculation of liquidityIndex and borrowIndex  ### Summary  A logical error in `LiquidationLogic.sol` leads to incorrect `liquidityIndex` and `borrowIndex` calculations, which breaks accounting and disincentivizes suppliers from lending on the protocol.  ### Root Cause  In `LiquidationLogic.sol:246` the reserve's cached `nextDebtShares` are set to the burnt shares amount instead of subtracting the burnt shares from `DataTypes.ReserveSupplies debtS"
466,ZeroLend One ,346,Interest rates are severely underestimated after every liquidation,JCN,Duplicate; Reward; High,"Liquidation, Interest Rate, Borrow Logic","JCN  Medium  # Interest rates are severely underestimated after every liquidation  ## Summary Interest rates are severely underestimated after every liquidation  ## Vulnerability Detail During liquidations, the `nextDebtShares` for the reserve is incorrectly set to only the shares burnt during debt repayment:  [LiquidationLogic::_repayDebtTokens](https://github.com/sherlock-audit/2024-06-new-scope/blob/main/zerolend-one/contracts/core/pool/logic/LiquidationLogic.sol#L239-L246) ```solidity   func"
466,ZeroLend One ,344,Protocol bad debt is never handled,tallo,Duplicate; Reward; High,"Liquidation, Oracle, Interest Rate","tallo  High  # Protocol bad debt is never handled  ### Summary  The protocol never handles bad debt. Bad debt accrues due to a token crashing in price and a positions collateral becoming worth less than their debt, this leads to liquidations no longer being profitable, and losses for liquidity providers.  ### Root Cause  Not handling bad debt leads to it continuing to accrue interest and leading to eventual insolvency. Eventually, this could result in a bank run and while the majority of users w"
466,ZeroLend One ,342,Wrong logic in BorrowLogic.sol::executeBorrow library will lead to higher-than-expected interest rates calculation for existing borrowers and lenders.,0xweebad,Duplicate; Reward; High,"Interest Rate, Borrow Logic, Share Manipulation","0xweebad  High  # Wrong logic in BorrowLogic.sol::executeBorrow library will lead to higher-than-expected interest rates calculation for existing borrowers and lenders.  ### Summary  In the BorrowLogic.sol library, a user's amount-to-be-borrowed is added to the totalSupplies.debtShares during the call to `PositionBalanceConfiguration::borrowDebt()` function. #see below: https://github.com/sherlock-audit/2024-06-new-scope/blob/main/zerolend-one/contracts/core/pool/logic/BorrowLogic.sol#L82  Howev"
466,ZeroLend One ,340,The interest rate for debt assets is being incorrectly updated during the liquidation process,ether_sky,Duplicate; Reward; High,"Liquidation, Interest Rate, Borrow Logic","ether_sky  High  # The interest rate for debt assets is being incorrectly updated during the liquidation process  ## Summary In the protocol, `depositors` can supply `assets` as `collateral` to the `pool` and earn `interest` from `borrowers`.  `Borrowers`, in turn, can `borrow` `assets` and are required to pay `interest`.  It's essential that `interest rates` are correctly calculated for both `debt` and `collateral`. However, during `liquidation`, the `interest rate` for `debt` `assets` is updat"
466,ZeroLend One ,331,"Bad debt are not properly handled, this will lead to loss to the lender that that withdraw last.",joshuajee,Duplicate; Reward; High,"Liquidation, Oracle, Interest Rate","joshuajee  High  # Bad debt are not properly handled, this will lead to loss to the lender that that withdraw last.  ### Summary  When a borrower's collateral is below the debt the position is insolvent and liquidating the position will lead to bad debt for the protocol. That is a loss for the lenders, the problem is that during liquidation bad debts are not accounted for which means that the protocol is still expecting the debt to be paid but it will never be paid, this loss is not spread acros"
466,ZeroLend One ,329,Pool admins are able to cause loss of funds for vaults by setting malicious interestRateModels,A2-security,Duplicate; Reward; High,"Interest Rate, Withdraw, Fund Loss","A2-security  Medium  # Pool admins are able to cause loss of funds for vaults by setting malicious interestRateModels  ## Summary Pool admins could set malicious interestrate models for the pool reserves leading to either a loss of funds or a loss of funds  ## Vulnerability Detail As stated in the Readme the sponsors wanted to know about ways trusted roles in the protocol can harm other roles. In the following report we will show how a malicious pool owner could brick the the pool withdrawals, w"
466,ZeroLend One ,320,Incorrect Calculation of Collateral During Liquidation in `LiquidationLogic` leads to bad debts,A2-security,Duplicate; Reward; High,"Liquidation, Interest Rate, Borrow Logic","A2-security  High  # Incorrect Calculation of Collateral During Liquidation in `LiquidationLogic` leads to bad debts  ## Summary  The `_calculateAvailableCollateralToLiquidate` function in the `LiquidationLogic` contract incorrectly calculates the collateral amount by using shares instead of assets, potentially leading to protocol insolvency.  ## Vulnerability Detail  The vulnerability arises from a unit mismatch when calculating collateral during liquidation:  1. User's collateral balance is fe"
466,ZeroLend One ,319,Incorrect Debt Share Update in `_repayDebtTokens` Leads to Significant Low Interest Rate,A2-security,Duplicate; Reward; High,"Liquidation, Interest Rate, Borrow Logic","A2-security  High  # Incorrect Debt Share Update in `_repayDebtTokens` Leads to Significant Low Interest Rate  ## Summary  The `_repayDebtTokens` function in `LiquidationLogic.sol` incorrectly updates debt shares, leading to underestimating of interest rate calculations in the `updateInterestRates` function.  ## Vulnerability Detail  - During the liquidation process, the protocol executes a debt repayment by calling the `_repayDebtTokens` function in `LiquidationLogic.sol`. This function is resp"
466,ZeroLend One ,318,Liquidation will be blocked if there is not enough collateral in the pools,A2-security,Duplicate; Reward; High,"Liquidation, Interest Rate, Borrow Logic","A2-security  High  # Liquidation will be blocked if there is not enough collateral in the pools  ## Summary By updating the core aave code base, and removing the ability to seize/repay using Atokens instead of underlying tokens, the protocol exposes itself to the risk of liquidation being blocked if there is not enough liquidity in the pools. (safetransfer to liquidator will revert)   ## Vulnerability Detail This is a known issue that aave have mitigated by allowing liquidators to seize ATokens "
466,ZeroLend One ,316,Incorrect Fee Accrual in `CuratedVault` Contract Lead to Incorrect Shares Accounting,A2-security,Duplicate; Reward; High,"Deposit, Withdraw, Fund Drain","A2-security  High  # Incorrect Fee Accrual in `CuratedVault` Contract Lead to Incorrect Shares Accounting  # Summary  The `CuratedVault` contract relies on the `_accrueFee()` function to accrue fees based on the total assets owned by the vault. However, the calculation of total assets is incorrect due to the use of outdated `liquidityIndex` values stored in the `Pool` contract. This leads to an underestimation of the vault's total assets, resulting in incorrect minting and withdrawal of shares. "
466,ZeroLend One ,315,Incorrect Accounting of Treasury Shares Leads to Loss of Funds and Protocol Insolvency,A2-security,Duplicate; Reward; High,"Flash Loan, Interest Rate, Borrow Logic","A2-security  High  # Incorrect Accounting of Treasury Shares Leads to Loss of Funds and Protocol Insolvency  ## Summary  The protocol suffers from an accounting mismatch in handling treasury shares. While accrued shares are added to `accruedToTreasuryShares`, they are not included in `totalSupply.supplyShares`. However, during withdrawals, these shares are subtracted from `totalSupply.supplyShares`, leading to an artificial reduction of the total supply. This discrepancy compounds over time, eve"
466,ZeroLend One ,314,Incorrect Debt Calculation in getDebtBalance() Function Leads to Underestimation of Borrower Debt,A2-security,Duplicate; Reward; High,"Interest Rate, Borrow Logic, Collateral","A2-security  High  # Incorrect Debt Calculation in getDebtBalance() Function Leads to Underestimation of Borrower Debt  ## Summary  The `getDebtBalance()` function in the PositionBalanceConfiguration contract incorrectly calculates borrower debt. It returns an underestimated debt balance, effectively allowing borrowers to borrow more than they should and leading to protocol insolvency and bad debts.  ## Vulnerability Detail  The vulnerability in the PositionBalanceConfiguration contract stems fr"
466,ZeroLend One ,313,Incorrect Balance Calculation in getSupplyBalance() Function Leads to User Fund Loss,A2-security,Duplicate; Reward; High,"Collateral, Deposit, Withdraw","A2-security  High  # Incorrect Balance Calculation in getSupplyBalance() Function Leads to User Fund Loss  ## Summary  - `getSupplyBalance()` function calculate the balance of the user incorrectly. it returns underestimated balance of the user. effectly causing loss of funds for them .   ## Vulnerability Detail  - The vulnerability in the Pool contract stems from an incorrect calculation in the `getSupplyBalance()` function, leading to an underestimation of user balances and potential loss of as"
466,ZeroLend One ,312,Liquidated positions will still accrue rewards after being liquidated,tallo,Has Duplicates; Will Fix; Reward; High,"Liquidation, Oracle, Borrow Logic",tallo  High  # Liquidated positions will still accrue rewards after being liquidated  ### Summary  The NFTRewardsDistributor contract which is responsible for managing a users rewards using a masterchef algorithm does not get updated with a users underlying position in a pool is liquidated.  This results in the position wrongfully continuing to accrue rewards with an outdated asset balance.  ### Root Cause  The choice to neglect updating the NFTPositionManager contract when a position is liquida
466,ZeroLend One ,306,Outdated ```supplyIndex``` usage during ```getBalanceByPosition()``` call on ```CuratedVault::totalAssets``` leads to wrong ```lastTotalAssets```.,zarkk01,Duplicate; Reward; High,"Interest Rate, Deposit, Withdraw",zarkk01  High  # Outdated ```supplyIndex``` usage during ```getBalanceByPosition()``` call on ```CuratedVault::totalAssets``` leads to wrong ```lastTotalAssets```.  ## Summary ```lastTotalAssets``` variable of ```CuratedVaults``` is not reflecting the present state of the total assets that belong to the ```CuratedVault``` since it uses outdated ```supplyIndexes``` to calculate the assets from ```Pools```.  ## Vulnerability Detail Every time a deposit or a withdraw is made on a ```CuratedVault```
466,ZeroLend One ,305,"Incorrect ```totalDebt``` calculation during the liquidation process since ```repayDebt``` function returns the ```burnt``` shares, not the total debt shares after the burn.",zarkk01,Duplicate; Reward; High,"Liquidation, Interest Rate, Borrow Logic","zarkk01  High  # Incorrect ```totalDebt``` calculation during the liquidation process since ```repayDebt``` function returns the ```burnt``` shares, not the total debt shares after the burn.  ## Summary Interests will be updated incorrectly during a liquidation, since ```totalDebt``` passed in``` calculateInterestRates``` of ```ReserveInterestRateStrategy``` is the ```debtShares``` burnt, not the total ```debtShares``` after the burn.  ## Vulnerability Detail During a liquidation the ```interest"
466,ZeroLend One ,304,Liquidations will fail if there is not enough liquidity of the collateral that is supposed to be seized because it has been borrowed from other users.,zarkk01,Duplicate; Reward; High,"Liquidation, Borrow Logic, Collateral",zarkk01  Medium  # Liquidations will fail if there is not enough liquidity of the collateral that is supposed to be seized because it has been borrowed from other users.  ## Summary Liquidity provision from LPs is blended with collaterals deposited by borrowers leading to potential failed liquidations due to no liquidity of the collateral token because it has been borrowed from others.  ## Vulnerability Detail The collaterals that a borrower has deposited to back up his debt can be borrowed from
466,ZeroLend One ,299,```liquidationProtocolFeeAmount``` are not subtracted from the collaterals of borrower during the liquidation process.,zarkk01,Duplicate; Reward; High,"Liquidation, Interest Rate, Borrow Logic","zarkk01  High  # ```liquidationProtocolFeeAmount``` are not subtracted from the collaterals of borrower during the liquidation process.  ## Summary Liquidation process does not consider ```liquidationProtocolFeeAmount``` as burned collateral from the borrower, leaving this amount on his ```PositionBalance```.  ## Vulnerability Detail During a liquidation, the liquidator seizes an amount of the borrower's collaterals while a percentage of them goes to the protocol as ```liquidationFee```. However"
466,ZeroLend One ,298,```_calculateDebt``` function of ```LiquidationLogic``` does not convert ```debtShares``` to ```debtAmount``` and returns always ```debtShares``` breaking the functionality of every liquidation.,zarkk01,Duplicate; Reward; High,"Liquidation, Borrow Logic, Collateral",zarkk01  High  # ```_calculateDebt``` function of ```LiquidationLogic``` does not convert ```debtShares``` to ```debtAmount``` and returns always ```debtShares``` breaking the functionality of every liquidation.  ## Summary Liquidation procedure is being implemented totally incorrectly since the ```debtShares``` are not converted to ```debtAmount``` from the very start leading to the whole process to be executed with unexpected results.  ## Vulnerability Detail When a liquidator wants to liquida
466,ZeroLend One ,295,"Interest rate is not updated correct after debt repayment, it can cause higher borrowing rate",TessKimy,Duplicate; Reward; High,"Interest Rate, Borrow Logic, Share Manipulation","TessKimy  Medium  # Interest rate is not updated correct after debt repayment, it can cause higher borrowing rate  ### Summary  In [BorrowLogic.sol](https://github.com/sherlock-audit/2024-06-new-scope/blob/c8300e73f4d751796daad3dadbae4d11072b3d79/zerolend-one/contracts/core/pool/logic/BorrowLogic.sol#L139) the interest rate is updated. Due to wrong execution sequence, `totalDebt` is forwarded through interest rate strategy with wrong number.   ### Root Cause  The root cause of this problem is wr"
466,ZeroLend One ,294,The protocol fee is not being deducted from the liquidatee's balance during liquidation,ether_sky,Duplicate; Reward; High,"Liquidation, Collateral, Withdraw","ether_sky  High  # The protocol fee is not being deducted from the liquidatee's balance during liquidation  ## Summary When a user’s `position` is `liquidated`, they are required to send a portion of their `collateral` to both the `liquidator` and the `protocol` as a `fee`.  This should reduce the `liquidatee`'s `collateral balance`.  However, the `protocol fee` is not being deducted from the `liquidatee`’s `balance`, allowing them to `withdraw` these `shares` again, even though they have alread"
466,ZeroLend One ,293,The liquidation process is not functioning correctly,ether_sky,Duplicate; Reward; High,"Liquidation, Borrow Logic, Collateral","ether_sky  High  # The liquidation process is not functioning correctly  ## Summary When the `health factor` of a `position` falls below `1`, it becomes eligible for `liquidation`. `Liquidation` is a critical process in the `Lending Protocol`, but currently, it operates incorrectly. The problem arises because the calculation of the `liquidated debt amount` and `collateral balance` is based on `shares` rather than the actual `asset` amounts. ## Vulnerability Detail The `liquidation` process takes"
466,ZeroLend One ,290,Unexpected decrease of reserve total supply may prevent full withdrawal of a position,stuart_the_minion,Duplicate; Reward; High,"Flash Loan, Interest Rate, Borrow Logic","stuart_the_minion  Medium  # Unexpected decrease of reserve total supply may prevent full withdrawal of a position  ## Summary  In the `PoolLogic::executeMintToTreasury()` function, there is a supply shares deduction by `reserve.accruedToTreasuryShares` which is an unintended behavior.  So this unexpected decrease will prevent full withdrawal of a position with underflow revert.  ## Vulnerability Detail  When updating a reserve state, the pool accrues a certain portion(reserve factor) of income "
466,ZeroLend One ,289,Users are unable to withdraw their funds due to the incorrect handling of treasury shares,ether_sky,Duplicate; Reward; High,"Interest Rate, Borrow Logic, Collateral","ether_sky  High  # Users are unable to withdraw their funds due to the incorrect handling of treasury shares  ## Summary `Borrowers` are required to pay `interest` to the `protocol`, a portion of which is allocated as `fees` to the `treasury`.  These `fees` are converted into `shares` based on the current `liquidity index`.  However, the issue arises because these `treasury shares` are not included in the `pool`’s `total shares` when they are created, but they are deducted from the `total shares"
466,ZeroLend One ,287,reserves state  of pool in which the vault has position is not updated before accruing fees shares.,Varun_05,Duplicate; Reward; High,"Interest Rate, Withdraw, Rounding",Varun_05  High  # reserves state  of pool in which the vault has position is not updated before accruing fees shares.  ## Summary Reserves state  of pool in which the vault has position is not updated before accruing fees shares which leads to old liquidity index being used thus not accruing fee shares. ## Vulnerability Detail _accrueFees function is called multiple times in the contract ```solidity  function _accrueFee() internal returns (uint256 newTotalAssets) {     uint256 feeShares;     (fe
466,ZeroLend One ,284,The repaying function calculates interest rates with un-updated total debts values,stuart_the_minion,Duplicate; Reward; High,"Flash Loan, Interest Rate, Borrow Logic",stuart_the_minion  Medium  # The repaying function calculates interest rates with un-updated total debts values  ## Summary  The Repaying function calculates interest rates with out-of-date total debts value  ## Vulnerability Detail  The interest rates updating step should be done as post-payment process for all pool operations except for flash loaning. (Check this [comment](https://github.com/sherlock-audit/2024-06-new-scope/blob/main/zerolend-one/contracts/core/pool/logic/FlashLoanLogic.sol#L7
466,ZeroLend One ,281,Incorrect setting of nextDebtShares leads to inaccurate interest rate updates,rilwan99,Duplicate; Reward; High,"Liquidation, Interest Rate, Borrow Logic","rilwan99  Medium  # Incorrect setting of nextDebtShares leads to inaccurate interest rate updates  ### Summary  In the LiquidationLogic contract, the `executeLiquidationCall()` function incorrectly sets the `nextDebtShares` value during debt token repayment. This error causes subsequent interest rate calculations to be based on incorrect data, which severely impacts the economic model of the protocol.  ### Root Cause  https://github.com/sherlock-audit/2024-06-new-scope/blob/main/zerolend-one/con"
466,ZeroLend One ,278,incorrect user collateral balance is accesed in execute liquidation call function,Varun_05,Duplicate; Reward; High,"Liquidation, Oracle, Interest Rate","Varun_05  High  # incorrect user collateral balance is accesed in execute liquidation call function  ## Summary incorrect user collateral balance is accesed in execute liquidation call function which leads to incorrect updation. ## Vulnerability Detail Following is executeLiquidationCall function  ```solidity function executeLiquidationCall(     mapping(address => DataTypes.ReserveData) storage reservesData,     mapping(uint256 => address) storage reservesList,     mapping(address => mapping(byt"
466,ZeroLend One ,277,An attacker can sandwich liquidations by borrowing the collateral to ensure the liquidation reverts,Obsidian,Duplicate; Reward; High,"Liquidation, Oracle, Interest Rate","Obsidian  High  # An attacker can sandwich liquidations by borrowing the collateral to ensure the liquidation reverts  ### Summary  The protocol allows tokens supplied as collateral to be borrowed.  This means that if the collateral funds are borrowed, it is not possible to liquidate that position.  ### Root Cause  _No response_  ### Internal pre-conditions  _No response_  ### External pre-conditions  _No response_  ### Attack Path  1. Position becomes liquidatable 2. Liquidator sends a tx to re"
466,ZeroLend One ,275,"When bad debt is accumulated, the loss is not shared amongst all suppliers, instead the last to withdraw will experience a huge loss",Obsidian,Has Duplicates; Will Fix; Reward; High,"Liquidation, Oracle, Borrow Logic","Obsidian  High  # When bad debt is accumulated, the loss is not shared amongst all suppliers, instead the last to withdraw will experience a huge loss  ### Summary  When bad debt is accumulated, it should be socialised amongst all suppliers.  The issue is that the protocol does not do this, instead only the last users to withdraw funds will feel the effects of the bad debt.  If a pool experiences bad debt, the first users to withdraw will experience 0 loss, while the last to withdraw will experi"
466,ZeroLend One ,274,Incorrect value of debt is accessed in executeLiquidationcall function,Varun_05,Duplicate; Reward; High,"Liquidation, Interest Rate, Borrow Logic","Varun_05  High  # Incorrect value of debt is accessed in executeLiquidationcall function  ## Summary Incorrect value of debt is accessed in executeLiquidationcall function because debt shares are accesed instead of debt accrued in terms of actual assets. ## Vulnerability Detail Following is executeLiquidation call function  ```solidity function executeLiquidationCall(     mapping(address => DataTypes.ReserveData) storage reservesData,     mapping(uint256 => address) storage reservesList,     map"
466,ZeroLend One ,272,`PositionBalanceConfiguration`'s `getSupplyBalance` and `getDebtBalance` are implemented incorrectly causing numerous criticial issues,trachev,Duplicate; Reward; High,"Liquidation, Interest Rate, Deposit","trachev  High  # `PositionBalanceConfiguration`'s `getSupplyBalance` and `getDebtBalance` are implemented incorrectly causing numerous criticial issues  ### Summary  `PositionBalanceConfiguration`'s `getSupplyBalance` and `getDebtBalance` are implemented incorrectly and they return smaller amounts than what they should. As they are used in numerous parts of the protocol, many functions will not produce the desired results.   ### Root Cause  - In [`getSupplyBalance`](https://github.com/sherlock-a"
466,ZeroLend One ,270,getDebtBalance returns wrong amount of assets,Varun_05,Duplicate; Reward; High,Share Manipulation,Varun_05  High  # getDebtBalance returns wrong amount of assets  ## Summary getDebtBalance returns wrong amount of assets because it doesn't converts previous shares to assets. ## Vulnerability Detail Following is getDebtBalance function  ```solidity /**    * @notice Get the rebased assets worth of debt the position has    * @dev Converts `shares` into `amount` and returns the rebased value    * @param self The position to fetch the value for    * @param index The current liquidity index    */  
466,ZeroLend One ,269,getSupplyBalance returns wrong amount of assets,Varun_05,Duplicate; Reward; High,"Borrow Logic, Collateral, Withdraw","Varun_05  High  # getSupplyBalance returns wrong amount of assets  ## Summary getSupplyBalance returns wrong amount of assets because it doesn't converts previous shares to assets. ## Vulnerability Detail Following is getSupplyBalance function  ```solidity function getSupplyBalance(DataTypes.PositionBalance storage self, uint256 index) public view returns (uint256 supply) {     uint256 increase = self.supplyShares.rayMul(index) - self.supplyShares.rayMul(self.lastSupplyLiquidtyIndex);     return"
466,ZeroLend One ,268,"`CuratedVault` depositors are able to get more shares than intended by the protocol, stealing from other depositors",trachev,Duplicate; Reward; High,"Interest Rate, Deposit, Withdraw","trachev  High  # `CuratedVault` depositors are able to get more shares than intended by the protocol, stealing from other depositors  ### Summary  The `_accrueFee` function of `CuratedVault`, called inside of `deposit` is used to update the total assets and set the `newTotalAssets` variable. In order to get the total assets `_accrueFee` calls `totalAssets`, which goes through the withdrawal queue and sums together the results of `getBalanceByPosition(asset(), positionId)` for all pools in the qu"
466,ZeroLend One ,266,The function `LiquidationLogic::_repayDebtTokens()` may undervalue the total supply of debt shares,lemonmon,Duplicate; Reward; High,"Liquidation, Interest Rate, Share Manipulation","lemonmon  High  # The function `LiquidationLogic::_repayDebtTokens()` may undervalue the total supply of debt shares  ### Summary  The `LiquidationLogic::_repayDebtToken` overwrites the `nextDebtShares` to `burnt`, which may lead to various issues, including underestimating the interest rates.   ### Root Cause  In `LiquidationLogic::_repayDebtTokens()`, the amount `burnt` from the user is incorrectly assigned to `nextDebtShares` (line 246 LiquidationLogic.sol):  https://github.com/sherlock-audit"
466,ZeroLend One ,260,"The liquidation protocol fee is not reduced from the total supply shares, allowing liquidated borrowers to steal from other users",trachev,Duplicate; Reward; High,"Liquidation, Borrow Logic, Collateral","trachev  High  # The liquidation protocol fee is not reduced from the total supply shares, allowing liquidated borrowers to steal from other users  ### Summary  In `executeLiquidationCall` when collateral is withdrawn from the liquidated borrower and transferred to the liquidator the liquidation fee shares are not removed from the liquidated borrower's share balance. As a result,  the liquidated borrower will have access to the fee shares, allowing them to withdraw assets that do not belong to t"
466,ZeroLend One ,259,Repayment will revert due to wrong balance mismatch check,DenTonylifer,Duplicate; Escalation Resolved; Reward; High,"Borrow Logic, Precision, Share Manipulation","DenTonylifer  High  # Repayment will revert due to wrong balance mismatch check  ### Summary  Repayment will revert due to wrong balance mismatch check: the debt balance is converted into shares using `rayDiv()`, and repayed asset amount is not.  ### Root Cause  [This](https://github.com/sherlock-audit/2024-06-new-scope/blob/c8300e73f4d751796daad3dadbae4d11072b3d79/zerolend-one/contracts/core/positions/NFTPositionManagerSetters.sol#L119-L121) part of the code checks if the repayed am"
466,ZeroLend One ,255,Incorrect conversion between debt shares and supply collateral shares will cause incorrect calculation of liquidation rewards or debt deduction,iamnmt,Duplicate; Reward; High,"Liquidation, Oracle, Borrow Logic","iamnmt  High  # Incorrect conversion between debt shares and supply collateral shares will cause incorrect calculation of liquidation rewards or debt deduction  ### Summary  Incorrect conversion between debt shares and supply collateral shares will cause incorrect calculation of liquidation rewards or debt deduction.  ### Root Cause  During the liquidation process, the amount of collateral (`collateralAmount`) to take from a position and the amount of debt (`debtAmountNeeded`) to erase from a po"
466,ZeroLend One ,254,`debtBalance` is calculated wrongly and it can cause users can't repay their whole debt amount,TessKimy,Duplicate; Reward; High,"Interest Rate, Borrow Logic, Share Manipulation","TessKimy  High  # `debtBalance` is calculated wrongly and it can cause users can't repay their whole debt amount  ### Summary  In `PositionBalanceConfiguration.sol`, a users's debt balance is calculated using `getDebtBalance()` function. Due to wrong calculation logic, it will cause users can't repay their whole debt amount.  ### Root Cause  In [PositionBalanceConfiguration::getDebtBalance()](https://github.com/sherlock-audit/2024-06-new-scope/blob/c8300e73f4d751796daad3dadbae4d11072b3d79/zerole"
466,ZeroLend One ,253,`BorrowLogic::executeRepay` incorrect order of update may cause incorrect interest rates,lemonmon,Duplicate; Reward; High,"Interest Rate, Borrow Logic, Share Manipulation","lemonmon  Medium  # `BorrowLogic::executeRepay` incorrect order of update may cause incorrect interest rates  ### Summary   `BorrowLogic::executeRepay` updates the interest rate first before updating the `nextDebtShares`, which will result in out-dated evaluation of total debt. This incorrect evaluation may lead to incorrect interest rate depending on the interest rate strategy.   ### Root Cause  `BorrowLogic::executeRepay` updates the interest rates via `reserve.updateInterestRates` and then up"
466,ZeroLend One ,252,Pending interest from pools not accounted for during vault operations,JCN,Duplicate; Reward; High,"Exchange Rate, Interest Rate, Borrow Logic",JCN  Medium  # Pending interest from pools not accounted for during vault operations  ## Summary Pending interest from pools not accounted for during vault operations  ## Vulnerability Detail The `totalAssets` function in vaults does not update the pool reserves and uses a getter function which uses the cached `liquidityIndex` instead of an up to date `liquidityIndex`:  [CuratedVault::totalAssets](https://github.com/sherlock-audit/2024-06-new-scope/blob/main/zerolend-one/contracts/core/vaults/Cu
466,ZeroLend One ,251,Contract fails to deduct the liquidation fee from the User but instead withdraws this directly from the pool.,Bigsam,Duplicate; Reward; High,"Liquidation, Collateral, Withdraw","Bigsam  High  # Contract fails to deduct the liquidation fee from the User but instead withdraws this directly from the pool.  ### Summary  In Zeroland’s current liquidation implementation, the liquidation protocol fee is incorrectly deducted from the pool’s total value instead of being withdrawn from the liquidated user's collateral. This discrepancy causes the pool to bear the burden of paying the liquidation fee, which leads to unintended value leakage from other users’ collateral. In contras"
466,ZeroLend One ,250,Wrong conversion from liquidity shares to assets causing loss of funds,TessKimy,Duplicate; Reward; High,"Interest Rate, Collateral, Deposit","TessKimy  High  # Wrong conversion from liquidity shares to assets causing loss of funds  ### Summary  The incorrect conversion from liquidity shares to assets in `PositionBalanceConfiguration.sol` is causing a loss of funds for users. The ZeroLend protocol, which is heavily inspired by the Aave-v3 codebase, uses indexes to keep share prices up-to-date. However, there is an error in the conversion process between shares and assets in the position balance. In the current codebase, shares are dire"
466,ZeroLend One ,249,"Borrowers cannot be fully liquidated, due to `executeLiquidationCall` not converting shares into assets",trachev,Duplicate; Reward; High,"Liquidation, Interest Rate, Borrow Logic","trachev  High  # Borrowers cannot be fully liquidated, due to `executeLiquidationCall` not converting shares into assets  ### Summary  The `executeLiquidationCall` function does not convert collateral and debt shares into assets and operates with the assumption that the collateral/debt shares are equal to the collateral/debt assets. As a result, borrowers will not be fully liquidatable.  ### Root Cause  - In [`executeLiquidationCall:136`](https://github.com/sherlock-audit/2024-06-new-scope/blob/"
466,ZeroLend One ,246,In execute repay function updation of interests will be incorrect.,Varun_05,Duplicate; Reward; High,"Interest Rate, Borrow Logic, Share Manipulation","Varun_05  High  # In execute repay function updation of interests will be incorrect.  ## Summary In execute repay function before updating the value of debt shares to correct value interest rates are updating leading to incorrect calcualtions of the reward. ## Vulnerability Detail Following is execute repay function ```solidity function executeRepay(     DataTypes.ReserveData storage reserve,     DataTypes.PositionBalance storage balances,     DataTypes.ReserveSupplies storage totalSupplies,    "
466,ZeroLend One ,243,Faulty collateral balance calculation undervalues a position's collateral balance,JCN,Duplicate; Reward; High,"Exchange Rate, Interest Rate, Borrow Logic",JCN  High  # Faulty collateral balance calculation undervalues a position's collateral balance  ## Summary Faulty collateral balance calculation undervalues a position's collateral balance  ## Vulnerability Detail A position's up to date collateral balance is calculated as follows:  [PositionBalanceConfiguration::getSupplyBalance](https://github.com/sherlock-audit/2024-06-new-scope/blob/main/zerolend-one/contracts/core/pool/configuration/PositionBalanceConfiguration.sol#L126-L129) ```solidity   
466,ZeroLend One ,236,Anyone can reduce interest rate to effectively zero instantly,Obsidian,Duplicate; Reward; High,"Liquidation, Interest Rate, Borrow Logic","Obsidian  High  # Anyone can reduce interest rate to effectively zero instantly  ### Summary  _No response_  ### Root Cause  in [`LiquidationLogic._repayDebtTokens`](https://github.com/sherlock-audit/2024-06-new-scope/blob/c8300e73f4d751796daad3dadbae4d11072b3d79/zerolend-one/contracts/core/pool/logic/LiquidationLogic.sol#L239), `vars.debtReserveCache.nextDebtShares` is set to the wrong value. It’s set to the burnt amount rather than the remaining amount after burning.  ```solidity uint256 burnt"
466,ZeroLend One ,233,Malicious pool deployer can set a malicious interest rate contract to lock funds of vault depositors,Obsidian,Has Duplicates; Will Fix; Escalation Resolved; Reward; High,"Interest Rate, Borrow Logic, Deposit","Obsidian  High  # Malicious pool deployer can set a malicious interest rate contract to lock funds of vault depositors  ### Summary  Once vault depositors have deposited funds into a pool, a malicious pool creator can upgrade the `interestRateStrategy` contract (using `PoolConfigurator.setReserveInterestRateStrategyAddress()` to make all calls to it revert.  As a result any function of the protocol that calls `updateInterestRates()` will revert because `updateInterestRates()` makes the following"
466,ZeroLend One ,230,"Treasury fee shares are removed from `totalSupply.supplyShares`, causing withdrawals to fail",trachev,Duplicate; Reward; High,"Interest Rate, Withdraw, Fund Loss","trachev  High  # Treasury fee shares are removed from `totalSupply.supplyShares`, causing withdrawals to fail  ### Summary  Treasury fee shares are removed from `totalSupply.supplyShares` in `executeMintToTreasury` even though when they are accumulated they are never included in the `supplyShares`. This will cause users to be unable to withdraw all of their supplied assets as when fees are transferred to the treasury, `totalSupply.supplyShares` will become less than the total shares minted to su"
466,ZeroLend One ,228,`LiquidationLogic@_burnCollateralTokens` does not account for liquidation fees when withdrawing collateral during liquidation leading to incorrect accounting and Pools insolvency,imsrybr0,Has Duplicates; Will Fix; Reward; High,"Liquidation, Oracle, Borrow Logic","imsrybr0  High  # `LiquidationLogic@_burnCollateralTokens` does not account for liquidation fees when withdrawing collateral during liquidation leading to incorrect accounting and Pools insolvency  ### Summary  `LiquidationLogic@_burnCollateralTokens` does not account for liquidation fees when withdrawing collateral during liquidation leading to incorrect accounting and Pools insolvency, ultimately impacting regular flows (.e.g borrows, withdrawals, redemptions, ...) in the protocol for the diff"
466,ZeroLend One ,227,Borrow rates are easily manipulatable due to `nextDebtShares` being set to a wrong value,trachev,Duplicate; Reward; High,"Liquidation, Interest Rate, Borrow Logic",trachev  High  # Borrow rates are easily manipulatable due to `nextDebtShares` being set to a wrong value  ### Summary  In `executeLiquidationCall` when [`_repayDebtTokens`](https://github.com/sherlock-audit/2024-06-new-scope/blob/c8300e73f4d751796daad3dadbae4d11072b3d79/zerolend-one/contracts/core/pool/logic/LiquidationLogic.sol#L239) is called `vars.debtReserveCache.nextDebtShares` is set to the debt tokens that are repaid by the liquidator. This is wrong as `nextDebtShares` needs to represent
466,ZeroLend One ,225,Debt rates will be wrongly set when debt is repaid,trachev,Duplicate; Reward; High,"Liquidation, Interest Rate, Borrow Logic","trachev  Medium  # Debt rates will be wrongly set when debt is repaid  ### Summary  In `executeRepay` interest rates are updated before the debt is repaid, causing the new debt rates to be calculated wrongly as `vars.totalDebt` will be set to a value prior to the repayment.  ### Root Cause  - In [`executeRepay`](https://github.com/sherlock-audit/2024-06-new-scope/blob/c8300e73f4d751796daad3dadbae4d11072b3d79/zerolend-one/contracts/core/pool/logic/BorrowLogic.sol#L117) the interest rates are calc"
466,ZeroLend One ,224,Interest rates are updated wrongly due to incorrect debt shares used.,Varun_05,Duplicate; Reward; High,"Liquidation, Interest Rate, Borrow Logic","Varun_05  High  # Interest rates are updated wrongly due to incorrect debt shares used.  ## Summary When liquidation call is made in liquidation logic library wrong value of next debt shares are set which ultimately leads to incorrect updation of interest rates. ## Vulnerability Detail Following is execute liquidation call function  ```solidity function executeLiquidationCall(     mapping(address => DataTypes.ReserveData) storage reservesData,     mapping(uint256 => address) storage reservesList"
466,ZeroLend One ,223,executeMintToTreasury incorrectly deducts the treasury shares from totalSupply reserve,Varun_05,Duplicate; Reward; High,"Interest Rate, Borrow Logic, Deposit",Varun_05  High  # executeMintToTreasury incorrectly deducts the treasury shares from totalSupply reserve  ## Summary ExecuteMintToTreasury incorrectly deducts the treasury shares from totalSupply reserve because those shares were never added to the  totalSupply mapping for a reserve.  ## Vulnerability Detail Whenever assets are deposited or withdrawn from a particular reserve of a pool firstly  updateState is called which is as follows  ```solidity  function updateState(DataTypes.ReserveData sto
466,ZeroLend One ,214,Debt shares are mistaken for debt assets during liquidations,JCN,Duplicate; Reward; High,"Liquidation, Oracle, Interest Rate","JCN  High  # Debt shares are mistaken for debt assets during liquidations  ## Summary Debt shares are mistaken for debt assets during liquidations. This allows a violator to potentially self liquidate for a profit and create bad debt for the protocol.  ## Vulnerability Detail During liquidations, the debt shares of the violator are mistakenly used to represent their debt balance.   [LiquidationLogic::executeLiquidationCall](https://github.com/sherlock-audit/2024-06-new-scope/blob/main/zerolend-o"
466,ZeroLend One ,213,Attacker can continually steal all the interest earned by suppliers in the vault,Obsidian,Duplicate; Reward; High,"Flash Loan, Interest Rate, Borrow Logic",Obsidian  High  # Attacker can continually steal all the interest earned by suppliers in the vault  ### Summary  An attacker can repeatedly front-run pool actions with an atomic action that steals all the interest earned by a particular vault.   ### Root Cause  `CuratedVault.totalAssets()` calls [`Pool.getBalanceByPosition()`](https://github.com/sherlock-audit/2024-06-new-scope/blob/a150815e6e6cae8b14a4ca5bb05d545f6a5e07ae/zerolend-one/contracts/core/pool/PoolGetters.sol#L47-L49)  ```solidity fu
466,ZeroLend One ,212,Malicious attacker can inflate interest rate to steal funds from borrowers with no cost,Obsidian,Duplicate; Reward; High,"Interest Rate, Borrow Logic, Fund Theft","Obsidian  High  # Malicious attacker can inflate interest rate to steal funds from borrowers with no cost  ## Summary interest rate is updated before repayment of debt (it should be updated after repayment)  so a supplier who wants to collect more interest can borrow a lot and instantly repay, but interest rate stays high. then this high interest is accrued to the previous borrowers  ## Vulnerability Detail Within `BorrowLogic.executeRepay()`, the interest rate is update in [line 139](https://gi"
466,ZeroLend One ,211,_handleFlashLoanRepayment does not increment total supply when accruing to treasury,Obsidian,Duplicate; Reward; High,"Flash Loan, Interest Rate, Withdraw","Obsidian  High  # _handleFlashLoanRepayment does not increment total supply when accruing to treasury  ### Summary  [`FlashLoanLogic._handleFlashLoanRepayment()`](https://github.com/sherlock-audit/2024-06-new-scope/blob/a150815e6e6cae8b14a4ca5bb05d545f6a5e07ae/zerolend-one/contracts/core/pool/logic/FlashLoanLogic.sol#L106) does not increment total supply when accruing shares to the treasury  however when executing the mint to the treasury, it decreases total supply  This means that after a singl"
466,ZeroLend One ,210,getSupplyBalance does not convert supply shares to assets,Obsidian,Duplicate; Reward; High,"Liquidation, Borrow Logic, Collateral","Obsidian  High  # getSupplyBalance does not convert supply shares to assets  ## Summary  `PositionBalanceConfiguration.getSupplyBalance()` is supposed to return the rebased assets worth of collateral held by a position.  This means that it should return `supplyShares * currentLiquidityIndex`  However, the calculation in `PositionBalanceConfiguration.getSupplyBalance()` is incorrect (See ‘Root Cause’)  This leads to a large number of issues throughout the protocol, one of them is shown in the PoC"
466,ZeroLend One ,209,_accrueToTreasury (interest fee) does not increment total supply,Obsidian,Duplicate; Reward; High,"Interest Rate, Withdraw, Vault","Obsidian  High  # _accrueToTreasury (interest fee) does not increment total supply  ### Summary  [`_accrueToTreasury`](https://github.com/sherlock-audit/2024-06-new-scope/blob/a150815e6e6cae8b14a4ca5bb05d545f6a5e07ae/zerolend-one/contracts/core/pool/logic/ReserveLogic.sol#L197-L213) (interest fee) does not increment total supply, but it does accrue shares to the treasury (which will later be burned).  This means that after a single withdrawal occurs and `executeMintToTreasury()` is called, the t"
466,ZeroLend One ,208,getDebtBalance does not convert shares to asset,Obsidian,Duplicate; Reward; High,"Borrow Logic, Share Manipulation","Obsidian  High  # getDebtBalance does not convert shares to asset  ## Summary  `PositionBalanceConfiguration.getDebtBalance()` is supposed to return the rebased assets worth of debt owed by a position.  This means that it should return `debtShares * currentBorrowIndex` However, the calculation in `PositionBalanceConfiguration.getDebtBalance()` is incorrect (See ‘Root Cause’)  This leads to a large number of issues throughout the protocol.  ## Root Cause  [The calculation: ](https://github.com/sh"
466,ZeroLend One ,207,Not converting user debt from shares to assets in LiquidationLogic,Obsidian,Duplicate; Reward; High,"Liquidation, Borrow Logic, Share Manipulation","Obsidian  High  # Not converting user debt from shares to assets in LiquidationLogic  ## Summary Incorrect calculation leads to funds stolen from the protocol.  ## Vulnerability Detail In [`LiquidationLogic._calculateDebt()`](https://github.com/sherlock-audit/2024-06-new-scope/blob/a150815e6e6cae8b14a4ca5bb05d545f6a5e07ae/zerolend-one/contracts/core/pool/logic/LiquidationLogic.sol#L259), it gets `userDebt`  via `balances.debtShares` but does not convert it to assets by multiplying by `getNormali"
466,ZeroLend One ,206,Not converting user collateral from shares to assets in LiquidationLogic,Obsidian,Duplicate; Reward; High,"Liquidation, Collateral, Withdraw","Obsidian  High  # Not converting user collateral from shares to assets in LiquidationLogic  ## Summary  ## Vulnerability Detail [Here](https://github.com/sherlock-audit/2024-06-new-scope/blob/a150815e6e6cae8b14a4ca5bb05d545f6a5e07ae/zerolend-one/contracts/core/pool/logic/LiquidationLogic.sol#L136), in `LiquidationLogic`, it calculates `vars.userCollateralBalance` as supply shares, but its not converted to assets by multiplying by normalized income.  ```solidity vars.userCollateralBalance = balan"
466,ZeroLend One ,202,The owner of an NFT position that got liquidated will continue to earn rewards based on the amount supplied and borrowed pre-liquidation,Obsidian,Duplicate; Reward; High,"Liquidation, Borrow Logic, Collateral",Obsidian  High  # The owner of an NFT position that got liquidated will continue to earn rewards based on the amount supplied and borrowed pre-liquidation  ### Summary  The [`NFTRewardsDistributor`](https://github.com/sherlock-audit/2024-06-new-scope/blob/a150815e6e6cae8b14a4ca5bb05d545f6a5e07ae/zerolend-one/contracts/core/positions/NFTRewardsDistributor.sol#L35) distributes rewards to users proportional to the amount they supplied/borrowed.  Whenever a user supplies/borrows/withdraws/repays the
466,ZeroLend One ,199,An attacker can hijack the `CuratedVault`'s matured yield,iamnmt,Has Duplicates; Will Fix; Escalation Resolved; Reward; High,"Oracle, Flash Loan, Interest Rate",iamnmt  High  # An attacker can hijack the `CuratedVault`'s matured yield  ### Summary  `CuratedVault#totalAssets` does not update pool's `liquidityIndex` at the beginning will cause the matured yield to be distributed to users that do not supply to the vault before the yield accrues. An attacker can exploit this to hijack the `CuratedVault`'s matured yield.  ### Root Cause  `CuratedVault#totalAssets` does not update pool's `liquidityIndex` at the beginning  https://github.com/sherlock-audit/202
466,ZeroLend One ,198,Liquidation can be DOSed due to lack of liquidity on collateral asset reserve,Flashloan44,Has Duplicates; Will Fix; Escalation Resolved; Reward; High,"Liquidation, Oracle, Borrow Logic",Flashloan44  High  # Liquidation can be DOSed due to lack of liquidity on collateral asset reserve  ### Summary  Lack of liquidity on collateral asset reserves can cause disruption to liquidation.   ### Root Cause  The protocol don't have option to disable borrowing or withdrawing in a particular asset reserve for a certain extent to protect the collateral deposits. It can only [disable borrowing](https://github.com/sherlock-audit/2024-06-new-scope-bluenights004/blob/main/zerolend-one/contracts/
466,ZeroLend One ,197,accrueFee() calculates incorrect fees and totalAssets since the  pool is not updated to the latest,dhank,Duplicate; Reward; High,"Interest Rate, Deposit, Withdraw",dhank  High  # accrueFee() calculates incorrect fees and totalAssets since the  pool is not updated to the latest  ### Summary  The `totalAssets()` is not considering the interest accumulated by each markets in the `withdrawQueue` and thereby resusulting in incorrect calculation of fees when the `accrueFees()` is called.  ### Root Cause the `accrueFees()` is called whenever owner changes Fees or feeRecipient or when the user deposits/mints/withdraw/redeem.  `accrueFees()` then calls ` _accruedFe
466,ZeroLend One ,195,LiquidationLogic::_repayDebtTokens() incorrectly assigns vars.debtReserveCache.nextDebtShares,BiasedMerc,Duplicate; Reward; High,"Liquidation, Oracle, Interest Rate","BiasedMerc  Medium  # LiquidationLogic::_repayDebtTokens() incorrectly assigns vars.debtReserveCache.nextDebtShares  ## Summary  `LiquidationLogic::_repayDebtTokens()` is called during a liquidation call, however in it's current state it sets `vars.debtReserveCache.nextDebtShares` to an incorrect value, causing the `_reserve.liquidityRate` and `_reserve.borrowRate` to be incorrectly calculated.  ## Vulnerability Detail [LiquidationLogic::_repayDebtTokens()](https://github.com/sherlock-audit/2024"
466,ZeroLend One ,190,User will never be able to clear their debt fully because Get Debt balance should return the Total debt asset but instead it returns debtshares + interest asset value.,Bigsam,Duplicate; Reward; High,"Interest Rate, Borrow Logic, Share Manipulation","Bigsam  Medium  # User will never be able to clear their debt fully because Get Debt balance should return the Total debt asset but instead it returns debtshares + interest asset value.  ### Summary  The function `getDebtBalance` in the ZeroLend contract is incorrectly calculating the **rebased value of debt** by directly adding **debt shares** to the interest gained. This leads to incorrect debt calculations, especially when users attempt to repay their entire debt by using the maximum debt val"
466,ZeroLend One ,189,Withdrawing Max colllateral makes the asset Collaterals temporarily unusable because Get Supply balance should return the Total asset but instead it returns Supplyshares + asset value.,Bigsam,Duplicate; Reward; High,"Interest Rate, Collateral, Deposit","Bigsam  Medium  # Withdrawing Max colllateral makes the asset Collaterals temporarily unusable because Get Supply balance should return the Total asset but instead it returns Supplyshares + asset value.  ### Summary  In the Zerolend contract, there's a critical issue where the `getSupplyBalance` function calculates the user's supply balance by adding **shares value** to **asset value** instead of properly converting the shares into their corresponding asset value. This leads to significant misca"
466,ZeroLend One ,187,The use of Collateral Shares instead of the actual collateral Amount as normally implemented by aave in the Liquidation Calculations will lead to a lot of financial miscalculation.,Bigsam,Duplicate; Reward; High,"Liquidation, Interest Rate, Collateral",Bigsam  High  # The use of Collateral Shares instead of the actual collateral Amount as normally implemented by aave in the Liquidation Calculations will lead to a lot of financial miscalculation.  ### Summary  ZeroLend's liquidation function is fundamentally flawed due to the incorrect use of **collateral shares** in place of **actual collateral amounts**. This miscalculation mirrors an existing problem with debt shares and similarly leads to serious financial inaccuracies during liquidation pr
466,ZeroLend One ,186,when The user Tries to liquidate the max debt a mistake was made to return Debt Shares instead of Amount as normally implemented by aave in the Liquidation Calculations this will lead to a lot of financial miscalculation.,Bigsam,Duplicate; Reward; High,"Liquidation, Interest Rate, Borrow Logic","Bigsam  High  # when The user Tries to liquidate the max debt a mistake was made to return Debt Shares instead of Amount as normally implemented by aave in the Liquidation Calculations this will lead to a lot of financial miscalculation.  ### Summary  The liquidation function of ZeroLend currently suffers from a significant miscalculation issue, where the function incorrectly uses the user's debt shares instead of converting them to their actual asset value during debt liquidation. This error ca"
466,ZeroLend One ,184,Violators will continue to earn rewards on their outdated collateral balance post liquidation,JCN,Duplicate; Reward; High,"Liquidation, Oracle, Interest Rate","JCN  Medium  # Violators will continue to earn rewards on their outdated collateral balance post liquidation  ## Summary Violators will continue to earn rewards on their outdated collateral balance post liquidation  ## Vulnerability Detail A user's ""staked"" collateral balance is adjusted (incremented/decremented) in the `_handleSupplies` internal function:  [NFTRewardsDistributor::_handleSupplies](https://github.com/sherlock-audit/2024-06-new-scope/blob/main/zerolend-one/contracts/core/positions"
466,ZeroLend One ,183,Violators will continue to earn rewards on their outdated debt balance post liquidation,JCN,Duplicate; Reward; High,"Liquidation, Oracle, Interest Rate","JCN  Medium  # Violators will continue to earn rewards on their outdated debt balance post liquidation  ## Summary Violators will continue to earn rewards on their outdated debt balance post liquidation  ## Vulnerability Detail A user's ""staked"" debt is adjusted (incremented/decremented) in the `_handleDebt` internal function:  [NFTRewardsDistributor::_handleDebt](https://github.com/sherlock-audit/2024-06-new-scope/blob/main/zerolend-one/contracts/core/positions/NFTRewardsDistributor.sol#L175-L1"
466,ZeroLend One ,180,Faulty debt balance calculation prevents users from repaying their debt,JCN,Duplicate; Reward; High,"Liquidation, Oracle, Interest Rate",JCN  High  # Faulty debt balance calculation prevents users from repaying their debt  ## Summary Faulty debt balance calculation prevents users from repaying their debt  ## Vulnerability Detail Users' up to date debt balance is calculated as follows:  [PositionBalanceConfiguration::getDebtBalance](https://github.com/sherlock-audit/2024-06-new-scope/blob/main/zerolend-one/contracts/core/pool/configuration/PositionBalanceConfiguration.sol#L137-L139)  ```solidity   function getDebtBalance(DataTypes
466,ZeroLend One ,174,When liquidating debt and collateral amount params are used in shares instead of in amounts,silver_eth,Duplicate; Reward; High,"Liquidation, Interest Rate, Borrow Logic","silver_eth  High  # When liquidating debt and collateral amount params are used in shares instead of in amounts  when liquidating, params like user debt and actualLiquidatable dont account for index  https://github.com/sherlock-audit/2024-06-new-scope/blob/main/zerolend-one/contracts/core/pool/logic/LiquidationLogic.sol#L259-L273  the actual user debt should be ```solidity  uint256 userDebt = balances[params.debtAsset][params.position].debtShares * index  ``` same for collateral  https://github."
466,ZeroLend One ,173,Incorrect Supply and Debt Balance Calculation in PositionBalanceConfiguration,oxelmiguel,Duplicate; Reward; High,"Interest Rate, Borrow Logic, Collateral","oxelmiguel  High  # Incorrect Supply and Debt Balance Calculation in PositionBalanceConfiguration  ### Summary  The logic implemented in the `PositionBalanceConfiguration::getSupplyBalance`  and `PositionBalanceConfiguration::getDebtBalance` functions leads to an incorrect calculation.  ### Root Cause  https://github.com/sherlock-audit/2024-06-new-scope/blob/main/zerolend-one/contracts/core/pool/configuration/PositionBalanceConfiguration.sol#L126C3-L130C1    In this function,  we calculate   ```"
466,ZeroLend One ,169,"When accruing to treasury, totalShares is not incremented but it is decremented when withdrawing to treasury",silver_eth,Duplicate; Reward; High,"Flash Loan, Borrow Logic, Deposit","silver_eth  High  # When accruing to treasury, totalShares is not incremented but it is decremented when withdrawing to treasury  when depositing totalshares of an asset dont increase  https://github.com/sherlock-audit/2024-06-new-scope/blob/main/zerolend-one/contracts/core/pool/logic/ReserveLogic.sol#L197-L213 https://github.com/sherlock-audit/2024-06-new-scope/blob/main/zerolend-one/contracts/core/pool/logic/FlashLoanLogic.sol#L116 but when withdrawing  https://github.com/sherlock-audit/2024-0"
466,ZeroLend One ,161,Wrong calculation in `PositionBalanceConfiguration#getDebtBalance` when `borrowIndex > ray` will cause broken accounting,iamnmt,Duplicate; Reward; High,"Borrow Logic, Share Manipulation",iamnmt  High  # Wrong calculation in `PositionBalanceConfiguration#getDebtBalance` when `borrowIndex > ray` will cause broken accounting  ### Summary  Wrong calculation in `PositionBalanceConfiguration#getDebtBalance` when `borrowIndex > ray` will cause broken accounting.  ### Root Cause  Wrong calculation in `PositionBalanceConfiguration#getDebtBalance`  https://github.com/sherlock-audit/2024-06-new-scope/blob/c8300e73f4d751796daad3dadbae4d11072b3d79/zerolend-one/contracts/core/pool/configurati
466,ZeroLend One ,158,`POOL_ADMIN_ROLE` can set a pool's `interestRateStrategyAddress` to a bad address to cause loss of funds to a vault,iamnmt,Duplicate; Reward; High,"Interest Rate, Withdraw, Fund Loss",iamnmt  High  # `POOL_ADMIN_ROLE` can set a pool's `interestRateStrategyAddress` to a bad address to cause loss of funds to a vault  ### Summary  `POOL_ADMIN_ROLE` can set `interestRateStrategyAddress` to a bad address to cause loss of funds to a vault.  ### Root Cause  Per the contest's `README` > There are two set of actors. Actors who manage pools and actors who mange vaults. If an action done by one party causes the other party to suffer losses we'd want to consider that.  In the `PoolConfig
466,ZeroLend One ,157,Borrowers can repay the full debt without paying the interest.,almurhasan,Duplicate; Reward; High,"Interest Rate, Borrow Logic, Share Manipulation","almurhasan  High  # Borrowers can repay the full debt without paying the interest.  ## Summary  when users borrow an asset 2nd time(or afterwards) after borrowing the asset 1st time, users interest is not increased to their debtshare from lastdebtindex to currentdebtindex and the user lastsdebtindex is updated to currentdebtindex. As a result, when the user borrows the asset after sometime, the user will pay interest from next borrowindex to currentborrowindex and previous interest will be not p"
466,ZeroLend One ,154,Persistent Reward Accrual in NFTRewardsDistributor  After Liquidation due to incorrect balance tracking,ZC002,Duplicate; Reward; High,"Liquidation, Collateral, Insolvency","ZC002  High  # Persistent Reward Accrual in NFTRewardsDistributor  After Liquidation due to incorrect balance tracking  ### Summary  The `NFTRewardsDistributor.sol` contract contains a critical vulnerability in its reward mechanism. The contract fails to update the balance tracking when a user's position is partially or completely liquidated. This oversight allows users to continue earning rewards on assets they no longer possess, leading to an unfair distribution of rewards and potential econom"
466,ZeroLend One ,152,Debt balance is not tracked properly,silver_eth,Duplicate; Reward; High,"Interest Rate, Borrow Logic, Withdraw","silver_eth  High  # Debt balance is not tracked properly  when a user supplies or withdraw, lastDebtLiquidityIndex is updated without consideration for the users previous accrued(borrow) and if the user did not repay entire amount(repay) this value is used in determining a position increase but it is always incremented to the latest index without any means of tracking the interest gained by the user before it was incremented  a very simple example would be bob borrows 10 eth at 1.01 index, bob w"
466,ZeroLend One ,151,User supply balance is not tracked properly,silver_eth,Duplicate; Reward; High,"Interest Rate, Deposit, Withdraw","silver_eth  High  # User supply balance is not tracked properly  when a user supplies or withdraw, lastSupplyLiquidtyIndex is updated without consideration for the users previous deposits(supply) and if the user did not withdraw entire amount(withdraw) this value is used in determining a position increase but it is always incremented to the latest index without any means of tracking the interest gained by the user before it was incremented    a very simple example would be bob deposits 10 eth at"
466,ZeroLend One ,149,users(depositors)  may not get full interest as expected.,almurhasan,Duplicate; Reward; High,"Interest Rate, Deposit, Withdraw","almurhasan  Medium  # users(depositors)  may not get full interest as expected.  ## Summary when users supply an asset 2nd time(or afterwards) after supplying the asset 1st time, users interest is not increased to their supplyshare from lastsupplyindex to currentsupplyindex and the user lastsupplyindex is updated to currentsupplyindex. As a result, when the user withdraw the asset after sometime, so user will get interest from next supplyindex to currentsupplyindex and previous interest will be "
466,ZeroLend One ,147,DoS on liquidations when a reserve’s asset is borrowed/withdrawn fully in a pool.,almurhasan,Duplicate; Reward; High,"Liquidation, Borrow Logic, Collateral","almurhasan  Medium  # DoS on liquidations when a reserve’s asset is borrowed/withdrawn fully in a pool.  ## Summary An attacker could use this bug to frontrun a liquidation transaction by withdrawing/borrowing the collateral asset(used for liquidation as a collateral asset to size) from the pool.or by default all asset funds(which are used for liquidation) can be borrowed. As a result, liquidation will revert.   ## Vulnerability Detail same asset can be borrowed/supplied(i.e same asset can be us"
466,ZeroLend One ,144,The protocol considers shares as amount when liquidation.,dany.armstrong90,Duplicate; Reward; High,"Liquidation, Oracle, Borrow Logic","dany.armstrong90  High  # The protocol considers shares as amount when liquidation.  ## Summary Liquidation process used shares as amount.   ## Vulnerability Detail `LiquidationLogic.sol#executeLiquidationCall()` function which is called when liquidation is as follows. ```solidity   function executeLiquidationCall(     mapping(address => DataTypes.ReserveData) storage reservesData,     mapping(uint256 => address) storage reservesList,     mapping(address => mapping(bytes32 => DataTypes.PositionB"
466,ZeroLend One ,138,Wrong calculation of supply balance and debt balance when withdraw and repay.,dany.armstrong90,Duplicate; Reward; High,"Withdraw, Share Manipulation","dany.armstrong90  High  # Wrong calculation of supply balance and debt balance when withdraw and repay.  ## Summary The protocol calculates supply balance from supply share wrongly when withdraw.    As same way, it calculates wrongly debt balance from debt share wrongly when repay.  ## Vulnerability Detail `SupplyLogic.sol#executeWithdraw()` function which is called when withdraw is as follows. ```solidity   function executeWithdraw(     mapping(address => DataTypes.ReserveData) storage reserves"
466,ZeroLend One ,129,"Incorrect deduction of `accruedToTreasuryShares` from `totalSupply.supplyShares` in `executeMintToTreasury` will cause broken accounting, insolvency",iamnmt,Duplicate; Reward; High,"Flash Loan, Interest Rate, Borrow Logic","iamnmt  High  # Incorrect deduction of `accruedToTreasuryShares` from `totalSupply.supplyShares` in `executeMintToTreasury` will cause broken accounting, insolvency  ### Summary  Incorrect deduction of `accruedToTreasuryShares` from `totalSupply.supplyShares` in `executeMintToTreasury` will cause broken accounting, insolvency.  ### Root Cause  Incorrect deduction of `accruedToTreasuryShares` from `totalSupply.supplyShares` in `executeMintToTreasury`  https://github.com/sherlock-audit/2024-06-new"
466,ZeroLend One ,127,self.supplyShares is not converted into amounts when withdrawing supply amounts.,almurhasan,Duplicate; Reward; High,"Interest Rate, Collateral, Withdraw","almurhasan  High  # self.supplyShares is not converted into amounts when withdrawing supply amounts.  ## Summary self.supplyShares is not converted into amounts in the  function getSupplyBalance.As a result, user’s full withdrawal amount calculation will be less than the actual full withdrawal amount and Users will get incorrect withdrawal amount than actual withdrawal amounts when withdrawing the full withdrawal amounts.  ## root cause self.supplyShares is not converted into amounts in the  fun"
466,ZeroLend One ,126,self.debtShares is not converted into amounts when repaying the  debt amount .,almurhasan,Duplicate; Reward; High,"Interest Rate, Borrow Logic, Share Manipulation","almurhasan  High  # self.debtShares is not converted into amounts when repaying the  debt amount .  ## Summary self.debtShares is not converted into amounts in the function getDebtBalance. As a result, user’s full debt amount calculation will be incorrect than the actual full debt amount and Users will repay incorrect debt amounts than actual debt when repaying the full debt amount.   ## root cause self.debtShares is not converted into amounts in the function getDebtBalance.  ## Vulnerability De"
466,ZeroLend One ,125,When liquidating a position’s  collateralAsset’s interest(earning) and debtasset’s interest(paying) is not accounted.,almurhasan,Duplicate; Reward; High,"Liquidation, Interest Rate, Borrow Logic","almurhasan  Medium  # When liquidating a position’s  collateralAsset’s interest(earning) and debtasset’s interest(paying) is not accounted.  ## Summary If a debt asset’s(a position’s) full debtshare can be repaid and a liquidator repays the full debtshare, then debt share interest will not be paid. Similarly,  a collateral asset’s(a position’s) full collateral is taken by liquidator,then accumulated   interest is not added to full collateral. As a result, if the debt asset’s interest is bigger t"
466,ZeroLend One ,124,vars.maxCollateralToLiquidate > userCollateralBalance validation is incorrect in the function _calculateAvailableCollateralToLiquidate.,almurhasan,Duplicate; Reward; High,"Liquidation, Oracle, Collateral","almurhasan  High  # vars.maxCollateralToLiquidate > userCollateralBalance validation is incorrect in the function _calculateAvailableCollateralToLiquidate.  ## Summary when  (vars.maxCollateralToLiquidate > userCollateralBalance) is checked, userCollateralBalance is not converted to the oracle asset based price. As a result , the validation/accounting will be incorrect.   ## root cause  userCollateralBalance is not converted to the oracle asset based price ## Vulnerability Detail vars.userCollat"
466,ZeroLend One ,123,The liquidation process did not pay back the borrowed assets,coffiasd,Duplicate; Reward; High,"Liquidation, Oracle, Interest Rate","coffiasd  High  # The liquidation process did not pay back the borrowed assets  ### Summary  When a position falls below the health factor (HF), an external user can invoke `liquidate` to liquidate that specific position. However, when calculating the `actualDebtToLiquidate`, debt shares are used instead of the debt amount. This can result in less funds being repaid to the pool.  ### Root Cause  [LiquidationLogic.sol::_calculateDebt](https://github.com/sherlock-audit/2024-06-new-scope/blob/main/"
466,ZeroLend One ,122,vars.baseCollateral/ vars.debtAmountNeeded/vars.collateralAmount calculations are incorrect in the  function _calculateAvailableCollateralToLiquidate.,almurhasan,Duplicate; Reward; High,"Liquidation, Oracle, Collateral","almurhasan  High  # vars.baseCollateral/ vars.debtAmountNeeded/vars.collateralAmount calculations are incorrect in the  function _calculateAvailableCollateralToLiquidate.  ## Summary the debt share is not converted to debt amounts and supplyshare of collateral asset and this is not converted to supply amounts. vars.collateralAmount and vars.debtAmountNeeded are not converted from oracle price to normal amounts. As a result, _calculateAvailableCollateralToLiquidate accounting willbe incorrect and"
466,ZeroLend One ,121,vars.debtReserveCache.nextDebtShares is updated incorrectly in the  function _repayDebtTokens.,almurhasan,Duplicate; Reward; High,"Liquidation, Interest Rate, Borrow Logic","almurhasan  Medium  # vars.debtReserveCache.nextDebtShares is updated incorrectly in the  function _repayDebtTokens.  ## Summary vars.debtReserveCache.nextDebtShares is updated to burnt which is the debt repaid amount. As a result, when collateralReserve.updateInterestRates is called to update interest rate, _reserve.liquidityRate/_reserve.borrowRate value will become huge unexpected.vars.debtReserveCache.nextDebtShares should be updated to totalSupplies.debtShares.  ## root cause  vars.debtRese"
466,ZeroLend One ,120,reserve.updateInterestRates is not done properly in the function executeRepay.,almurhasan,Duplicate; Reward; High,"Interest Rate, Borrow Logic, Share Manipulation","almurhasan  Medium  # reserve.updateInterestRates is not done properly in the function executeRepay.  ## Summary cache.nextDebtShares is updated before reserve.updateInterestRates update in the function executeBorrow. But in the function executeRepay,cache.nextDebtShares is updated after reserve.updateInterestRates update which is incorrect. As a result, _reserve.liquidityRate/_reserve.borrowRate value may become unexpected.  ## Vulnerability Detail when  the function executeRepay is called, tot"
466,ZeroLend One ,117,Lender withdrawals burn more vault shares than expected,0xc0ffEE,Duplicate; Reward; High,"Interest Rate, Borrow Logic, Collateral","0xc0ffEE  Medium  # Lender withdrawals burn more vault shares than expected  ## Summary The function `CuratedVault#withdraw()` calculates share amount to be burnt based on the current total asset, not including interest accrued from Pool, causing withdrawals burn more shares than expected The function `CuratedVault#redeem()` is similar that returns less asset amount than expected with the same amount of shares to redeem  ## Vulnerability Detail The function `CuratedVault#withdraw()` first calcul"
466,ZeroLend One ,115,Can not withdraw assets from Pool because of treasury accrued shares,0xc0ffEE,Duplicate; Reward; High,"Interest Rate, Borrow Logic, Deposit","0xc0ffEE  Medium  # Can not withdraw assets from Pool because of treasury accrued shares  ## Summary Each time the reserve state is updated, an amount of shares is accrued to treasury but the reserve total supply is not updated accordingly. As a result, withdrawals would get reverted because lack of reserve supply.  ## Vulnerability Detail When reserve state is updated and there is interest accrued, [there will be shares accrued to treasury](https://github.com/sherlock-audit/2024-06-new-scope/bl"
466,ZeroLend One ,114,A NFT's `_balances` is not updated during liquidation will cause `_balances` and `_totalSupply` to report a stale value,iamnmt,Duplicate; Reward; High,"Liquidation, Borrow Logic, Withdraw","iamnmt  High  # A NFT's `_balances` is not updated during liquidation will cause `_balances` and `_totalSupply` to report a stale value  ### Summary  A NFT's `_balances` is not updated during liquidation will cause `_balances` and `_totalSupply` to report a stale value.  ### Root Cause  In the `NFTPositionManager` contract, there are storage variables: - `_balances`: stores the total supply and total debt of a NFT for each asset - `_totalSupply`: stores the total supply and total debt for each a"
466,ZeroLend One ,107,"Full Liquidation Won't Sweep the Whole Debts With Leaving Some, And Will Wrongly Set Borrowing as False",stuart_the_minion,Has Duplicates; Will Fix; Escalation Resolved; Reward; High,"Liquidation, Oracle, Borrow Logic","stuart_the_minion  High  # Full Liquidation Won't Sweep the Whole Debts With Leaving Some, And Will Wrongly Set Borrowing as False  # Full Liquidation Won't Sweep the Whole Debts With Leaving Some, And Will Wrongly Set Borrowing as False  ## Summary  When a liquidator tries to full liquidation (to cover full debts), there will leave some uncovered debts and the liquidation will wrongly set borrowing status of the debt asset as false.  ## Vulnerability Detail  According to the [comment](https://g"
466,ZeroLend One ,104,A Reserve Borrow Rate can be significantly decreased after liquidation,stuart_the_minion,Has Duplicates; Will Fix; Reward; High,"Liquidation, Oracle, Interest Rate","stuart_the_minion  High  # A Reserve Borrow Rate can be significantly decreased after liquidation  ## Summary  When performing a liquidation, the borrow rate of the reserve is updated by burnt debt shares instead of the remaining debt shares.  Therefore, according to the amount of the burnt shares in a liquidation, the borrow rate can be significantly decreased.  ## Vulnerability Detail  In the `LiquidationLogic::executeLiquidationCall()` function, there is a `_repayDebtTokens()` function call t"
466,ZeroLend One ,96,Wrong collateral balance used in liquidation,0xc0ffEE,Duplicate; Reward; High,"Liquidation, Interest Rate, Collateral","0xc0ffEE  High  # Wrong collateral balance used in liquidation  ## Summary In liquidation flow, principal supply shares is used, instead of accrued interest supply balance.  ## Vulnerability Detail The supply shares is used as user collateral balance in liquidation `vars.userCollateralBalance = balances[params.collateralAsset][params.position].supplyShares`, which maybe lower than actual collateral balance the user has if there is interest accrued.    ## Impact The maximum amount of collateral t"
466,ZeroLend One ,94,Liquidation does not take into account the interest,0xc0ffEE,Duplicate; Reward; High,"Liquidation, Oracle, Interest Rate","0xc0ffEE  High  # Liquidation does not take into account the interest  ## Summary In liquidation flow, position debt does not take into account the interest.  ## Vulnerability Detail Position's [risk data is calculated with interest taken into account through function `GenericLogic#calculateUserAccountData`](https://github.com/sherlock-audit/2024-06-new-scope/blob/main/zerolend-one/contracts/core/pool/logic/GenericLogic.sol#L69-L152).  In the function [`LiquidationLogic#_calculateDebt()`](https:"
466,ZeroLend One ,88,The `executeMintToTreasury` function incorrectly decreases the total supply of shares,coffiasd,Duplicate; Reward; High,"Collateral, Deposit, Withdraw","coffiasd  High  # The `executeMintToTreasury` function incorrectly decreases the total supply of shares  ### Summary  The `executeMintToTreasury` function incorrectly decreases the total supply of shares, potentially leading to an error in tracking the total supply.  https://github.com/sherlock-audit/2024-06-new-scope/blob/main/zerolend-one/contracts/core/pool/logic/PoolLogic.sol#L93-L102 ```solidity if (accruedToTreasuryShares != 0) {   reserve.accruedToTreasuryShares = 0;   uint256 normalizedI"
466,ZeroLend One ,84,Inconsistent Data Handling in getSupplyBalance Leading to Incorrect Balance Calculation,JuggerNaut63,Duplicate; Reward; High,"Interest Rate, Share Manipulation","JuggerNaut63  Medium  # Inconsistent Data Handling in getSupplyBalance Leading to Incorrect Balance Calculation  ## Summary The `getSupplyBalance` function in the `PositionBalanceConfiguration` library may return incorrect supply balances due to inadequate handling of zero values and potential data inconsistencies. This can lead to misreporting of user balances, affecting the integrity of the financial operations within the smart contract.  ## Vulnerability Detail ```solidity   function getSuppl"
466,ZeroLend One ,83,user can't repay assets due to BalanceMisMatch error,coffiasd,Duplicate; Escalation Resolved; Reward; High,"Interest Rate, Borrow Logic, Share Manipulation","coffiasd  High  # user can't repay assets due to BalanceMisMatch error  ### Summary  When repaying borrowed assets, the protocol compares the repaid assets with the actual decrease in assets. However, it mistakenly compares the amount with the shares, leading to a `BalanceMisMatch` error.  ### Root Cause  In `NFTPositionManagerSetters.sol#L123-L125`  mistakenly compares the amount with the shares  ```solidity     uint256 previousDebtBalance = pool.getDebt(params.asset, address(thi"
466,ZeroLend One ,76,Incorrect total debt amount to calculate interest rate,0xc0ffEE,Duplicate; Reward; High,"Liquidation, Interest Rate, Share Manipulation","0xc0ffEE  High  # Incorrect total debt amount to calculate interest rate  ## Summary In the liquidation flow, a wrong assignment causes the wrong value for total debt to calculate interest rate.  ## Vulnerability Detail The function [`PositionBalanceConfiguration#repayDebt` ](https://github.com/sherlock-audit/2024-06-new-scope/blob/main/zerolend-one/contracts/core/pool/configuration/PositionBalanceConfiguration.sol#L107-L118) returns the shares amount to be burnt. That value is [then assigned to"
466,ZeroLend One ,75,A lender can get more vault shares than expected,0xc0ffEE,Duplicate; Reward; High,"Interest Rate, Borrow Logic, Collateral","0xc0ffEE  Medium  # A lender can get more vault shares than expected  ## Summary When a market reserve is not updated, a lender can get more vault shares than expected due to incorrect share calculation  ## Vulnerability Detail The function [`CuratedVault#deposit()` computes shares for the depositors before executing logic in function `_deposit()` to call to update pool reserve and supply to the pool](https://github.com/sherlock-audit/2024-06-new-scope/blob/main/zerolend-one/contracts/core/vault"
466,ZeroLend One ,73,Withdrawals might be DoS in certain cases and funds can get stuck,000000,Duplicate; Reward; High,"Borrow Logic, Withdraw, Underflow","000000  High  # Withdrawals might be DoS in certain cases and funds can get stuck  ## Summary Withdrawals might be DoS in certain cases and funds can get stuck ## Vulnerability Detail Upon operations in the pool, we accrue shares to the treasury using `ReserveLogic::_accrueToTreasury()`. This happens if the reserve factor is not 0 and if debt has been accrued. Then, this is the only state change that occurs regarding this operation: ```solidity if (vars.amountToMint != 0) _reserve.accruedToTreas"
466,ZeroLend One ,71,Liquidations will be executed with wrong values,000000,Duplicate; Reward; High,"Liquidation, Interest Rate, Collateral","000000  High  # Liquidations will be executed with wrong values  ## Summary Liquidations will be executed with wrong values ## Vulnerability Detail Upon liquidations, `LiquidationLogic::executeLiquidationCall()` is called. There we do all kinds of computations, checks, etc. For example, this is one of the most important functions being called there: ```solidity     (vars.actualCollateralToLiquidate, vars.actualDebtToLiquidate, vars.liquidationProtocolFeeAmount) =     _calculateAvailableCollatera"
466,ZeroLend One ,66,Wrong calculation in `PositionBalanceConfiguration#getSupplyBalance` when `liquidityIndex > ray` will cause broken accounting,iamnmt,Duplicate; Reward; High,"Liquidation, Oracle, Interest Rate",iamnmt  High  # Wrong calculation in `PositionBalanceConfiguration#getSupplyBalance` when `liquidityIndex > ray` will cause broken accounting  ### Summary  Wrong calculation in `PositionBalanceConfiguration#getSupplyBalance` when `liquidityIndex > ray` will cause broken accounting.  ### Root Cause  Wrong calculation in `PositionBalanceConfiguration#getSupplyBalance`  https://github.com/sherlock-audit/2024-06-new-scope/blob/c8300e73f4d751796daad3dadbae4d11072b3d79/zerolend-one/contracts/core/pool
466,ZeroLend One ,57,"Malicious users will exploit NFT based reward distribution flaws, affecting legitimate users and the protocol",0xNirix,Duplicate; Reward; High,"Liquidation, Borrow Logic, Collateral","0xNirix  Medium  # Malicious users will exploit NFT based reward distribution flaws, affecting legitimate users and the protocol  ### Summary  The lack of synchronization between the NFTPositionManager and Pool contracts will cause an unfair distribution of rewards, impacting legitimate users and the protocol, as malicious actors will create easily liquidatable positions to continue receiving unearned rewards.  ### Root Cause  The choice to maintain separate balance tracking in the NFTPositionMa"
466,ZeroLend One ,53,Interest rate will be wrong after a repay,000000,Duplicate; Reward; High,"Interest Rate, Borrow Logic, Share Manipulation","000000  High  # Interest rate will be wrong after a repay  ## Summary Interest rate will be wrong after a repay ## Vulnerability Detail Upon repaying, we call `ReserveLogic::updateInterestRates()` to update the interest rates. There, to calculate that, we use the total debt: ```solidity vars.totalDebt = _cache.nextDebtShares.rayMul(_cache.nextBorrowIndex); (vars.nextLiquidityRate, vars.nextBorrowRate) = IReserveInterestRateStrategy(_reserve.interestRateStrategyAddress)       .calculateInterestRa"
466,ZeroLend One ,52,`getSupplyBalance()` and `getDebtBalance()` return wrong values,000000,Duplicate; Reward; High,"Interest Rate, Collateral, Deposit","000000  High  # `getSupplyBalance()` and `getDebtBalance()` return wrong values  ## Summary `getSupplyBalance()` and `getDebtBalance()` return wrong values ## Vulnerability Detail `getSupplyBalance()` and `getDebtBalance()` are important functions used throughout the protocol to determine the amount of assets a user has: ```solidity   function getSupplyBalance(DataTypes.PositionBalance storage self, uint256 index) public view returns (uint256 supply) {     uint256 increase = self.supplyShares.ra"
466,ZeroLend One ,48,Erroneous Debt Share Handling in Liquidation Logic,Tendency,Duplicate; Reward; High,"Liquidation, Interest Rate, Borrow Logic","Tendency  Medium  # Erroneous Debt Share Handling in Liquidation Logic  ## Summary When repaying debt during liquidation, the total debt shares used in interest rate calculation is erroneously set to the burnt debt assets, thus resulting in faulty rates calculations. ## Vulnerability Detail [Pool::liquidate](https://github.com/sherlock-audit/2024-06-new-scope/blob/c8300e73f4d751796daad3dadbae4d11072b3d79/zerolend-one/contracts/core/pool/Pool.sol#L130-L132) and [liquidateSimple](https://github.co"
466,ZeroLend One ,47,"`LiquidationLogic::_repayDebtTokens` is wrongly setting `nextDebtShares` to the burnt shares, messing up all loans accumulated debt",0xAlix2,Duplicate; Reward; High,"Liquidation, Oracle, Interest Rate","0xAlix2  High  # `LiquidationLogic::_repayDebtTokens` is wrongly setting `nextDebtShares` to the burnt shares, messing up all loans accumulated debt  ### Summary  When a user repays his debt, `BorrowLogic::executeBorrow` sets the `nextDebtShares` as the new total debt shares after loan repayment, which is true and is used to calculate the borrowing rate `ReserveLogic::updateInterestRates`. ```solidity (isFirstBorrowing, borrowed.shares) = b.borrowDebt(totalSupplies, params.amount, cache.nextBorr"
466,ZeroLend One ,46,Failure to Adjust Reserve `UnderlyingBalance` After Treasury Withdrawal Leads to Inaccuracy,Tendency,Duplicate; Reward; High,"Interest Rate, Borrow Logic, Deposit","Tendency  Medium  # Failure to Adjust Reserve `UnderlyingBalance` After Treasury Withdrawal Leads to Inaccuracy  ## Summary The underlying reserve asset balance is incorrectly overstated because the balance isn't decremented after transferring accrued treasury shares during withdrawals, leading to an inaccurate pool reserve balance. ## Vulnerability Detail during withdrawals from the Pool, [PoolLogic::executeMintToTreasury](https://github.com/sherlock-audit/2024-06-new-scope/blob/c8300e73f4d7517"
466,ZeroLend One ,41,Wrong interest rate after a liquidation,000000,Duplicate; Reward; High,"Liquidation, Interest Rate, Borrow Logic","000000  High  # Wrong interest rate after a liquidation  ## Summary Wrong interest rate after a liquidation ## Vulnerability Detail Upon a liquidation, one of the functions we call is `LiquidationLogic::_repayDebtTokens()`. There, we have the following 2 lines ```solidity uint256 burnt = balances[params.position].repayDebt(totalSupplies, vars.actualDebtToLiquidate, vars.debtReserveCache.nextBorrowIndex); vars.debtReserveCache.nextDebtShares = burnt; ``` Here is the `repayDebt()` function being c"
466,ZeroLend One ,40,Flawed Treasury Share Handling Could DoS Some Users from Withdrawing,Tendency,Duplicate; Reward; High,"Interest Rate, Borrow Logic, Collateral","Tendency  High  # Flawed Treasury Share Handling Could DoS Some Users from Withdrawing  ## Summary When withdrawing the underlying asset worth treasury shares to the treasury, the shares are wrongly deducted from the supply shares, thus DoSing some suppliers from being able to withdraw their shares due to an underflow revert in [PositionBalanceConfiguration::withdrawCollateral](https://github.com/sherlock-audit/2024-06-new-scope/blob/c8300e73f4d751796daad3dadbae4d11072b3d79/zerolend-one/contract"
466,ZeroLend One ,39,Shares of a user will be wrong after a liquidation,000000,Duplicate; Reward; High,"Liquidation, Collateral, Withdraw","000000  High  # Shares of a user will be wrong after a liquidation  ## Summary Shares of a user will be wrong after a liquidation ## Vulnerability Detail Upon a liquidation, `LiquidationLogic::executeLiquidationCall()` is called. There, we calculate the collateral the user will get and the fees the protocol gets: ```solidity (vars.actualCollateralToLiquidate, vars.actualDebtToLiquidate, vars.liquidationProtocolFeeAmount) =     _calculateAvailableCollateralToLiquidate(       collateralReserve,   "
466,ZeroLend One ,34,Premature Interest Rate Update Leads to Miscomputed Liquidity and Borrow Rates,Tendency,Duplicate; Reward; High,"Interest Rate, Borrow Logic, Share Manipulation","Tendency  High  # Premature Interest Rate Update Leads to Miscomputed Liquidity and Borrow Rates  ## Summary During debt repayment in the pool, interest rates are wrongly updated before paying off the debt, thus always resulting in the computation of wrong rates, due to using an outdated total debt.  ## Vulnerability Detail During all liquidity changes in the pool, [ReserveLogic::updateInterestRates](https://github.com/sherlock-audit/2024-06-new-scope/blob/c8300e73f4d751796daad3dadbae4d11072b3d7"
466,ZeroLend One ,32,Inconsistent Borrow Shares Handling Prevents Full Debt Repayment,Tendency,Duplicate; Reward; High,"Interest Rate, Borrow Logic, Share Manipulation","Tendency  Medium  # Inconsistent Borrow Shares Handling Prevents Full Debt Repayment  ## Summary Borrowing more than once could make it impossible to fully repay the borrowed debt without leaving dust behind ## Vulnerability Detail Repay logic breaks when a user borrows more than once + To Illustrate:  Case 1:  user A borrows 100 USDC at the borrow index of 1, in [PositionBalanceConfiguration::borrowDebt](https://github.com/sherlock-audit/2024-06-new-scope/blob/c8300e73f4d751796daad3dadbae4d1107"
466,ZeroLend One ,31,Asset Withdrawal Exceeds Entitlement Due to Improper Index Update,Tendency,Duplicate; Reward; High,"Interest Rate, Deposit, Withdraw","Tendency  High  # Asset Withdrawal Exceeds Entitlement Due to Improper Index Update  ## Summary Users can withdraw more assets than they are worth by making additional deposits after an increment in the liquidity index. ## Vulnerability Detail Currently, users can withdraw more assets than they are entitled to, by depositing additional assets after an increase in the liquidity index  + To Illustrate:  CURRENT SYSTEM::  assuming user A deposits 100 USDC at index 1 lastSupplyLiquidtyIndex = 1 supp"
466,ZeroLend One ,30,Error in `PositionBalanceConfiguration::getDebtBalance`,Tendency,Duplicate; Reward; High,"Interest Rate, Borrow Logic, Vault","Tendency  Medium  # Error in `PositionBalanceConfiguration::getDebtBalance`  ## Summary [PositionBalanceConfiguration::getDebtBalance](https://github.com/sherlock-audit/2024-06-new-scope/blob/c8300e73f4d751796daad3dadbae4d11072b3d79/zerolend-one/contracts/core/pool/configuration/PositionBalanceConfiguration.sol#L137-L140) functionality always returns the wrong debt assets of a position, due to always returning the sum of the position debt in shares and its borrow interest in assets.  ## Vulnerab"
466,ZeroLend One ,29,Error in `PositionBalanceConfiguration::getSupplyBalance`,Tendency,Duplicate; Reward; High,"Interest Rate, Vault, Share Manipulation","Tendency  Medium  # Error in `PositionBalanceConfiguration::getSupplyBalance`  ## Summary [PositionBalanceConfiguration::getSupplyBalance](https://github.com/sherlock-audit/2024-06-new-scope/blob/c8300e73f4d751796daad3dadbae4d11072b3d79/zerolend-one/contracts/core/pool/configuration/PositionBalanceConfiguration.sol#L126-L129) functionality always returns the wrong supply assets of a position, due to always returning the sum of the position supply in shares and its interest in assets.  ## Vulnera"
466,ZeroLend One ,19,PositionBalanceConfiguration::getSupplyBalance() incorrectly calculates shares value,BiasedMerc,Duplicate; Reward; High,"Interest Rate, Deposit, Withdraw","BiasedMerc  High  # PositionBalanceConfiguration::getSupplyBalance() incorrectly calculates shares value  ## Summary  `PositionBalanceConfiguration::getSupplyBalance()` calculates the supply balance by adding two different units together, leading to an incorrect result.  ## Vulnerability Detail [PositionBalanceConfiguration::getSupplyBalance()](https://github.com/sherlock-audit/2024-06-new-scope/blob/main/zerolend-one/contracts/core/pool/configuration/PositionBalanceConfiguration.sol#L126-L129) "
466,ZeroLend One ,18,"Wrong supply amount used in `LiquidationLogic::executeLiquidationCall`, forcing liquidators to lose funds",0xAlix2,Duplicate; Reward; High,"Liquidation, Oracle, Interest Rate","0xAlix2  High  # Wrong supply amount used in `LiquidationLogic::executeLiquidationCall`, forcing liquidators to lose funds  ### Summary  When liquidating a deeply underwater position, the whole position's collateral will be liquidated and transferred to the liquidator. The liquidated position's collateral consists of 2 parts the supply shares, and the assets that are accumulated from loans taken from this specific collateral, so, with time, when interest is accumulated and paid 1 supply share of"
466,ZeroLend One ,17,"Wrong debt amount used in `LiquidationLogic::_calculateDebt`, causing liquidation to always result in wrong results",0xAlix2,Duplicate; Reward; High,"Liquidation, Oracle, Interest Rate","0xAlix2  High  # Wrong debt amount used in `LiquidationLogic::_calculateDebt`, causing liquidation to always result in wrong results  ### Summary  When liquidating a position, there are 2 paths, if the HF of that position is > 95%, the liquidator can only liquidate 50% of that position's debt, else (<= 95%) all of the position's debt is liquidatable. This logic is done in `LiquidationLogic::_calculateDebt`, `userDebt` represents the debt of the position, and is being set in the following: ```sol"
466,ZeroLend One ,15,"Total shares is wrongly subtracted when minting to treasury, blocking users from withdrawing their funds",0xAlix2,Duplicate; Reward; High,"Liquidation, Oracle, Interest Rate","0xAlix2  High  # Total shares is wrongly subtracted when minting to treasury, blocking users from withdrawing their funds  ### Summary  When users borrow and repay debts, some interest is accumulated in the pools, this interest will be distributed to suppliers, and part of this profit/interest will be minted/transferred to the protocol's treasury. If the reserve factor is set to a value >0, interest will be accrued to the treasury whenever `ReserveLogic::updateState` (which is called in almost e"
466,ZeroLend One ,3,"Supply pool reserves are not updated on an early stage, leading to incorrect calculations of shares and fees",0xAlix2,Duplicate; Reward; High,"Liquidation, Oracle, Interest Rate","0xAlix2  Medium  # Supply pool reserves are not updated on an early stage, leading to incorrect calculations of shares and fees  ### Summary  When users deposit into Curated Vaults, interest is accrued and the total assets is updated by fetching the deposited assets in the corresponding supply pools. Just before supplying to the pools, reserves are being forcibly updated, however, this is being updated late, and it should be updated beforehand.  Let's take the following scenario: 1. Bob deposits"
466,ZeroLend One ,2,"`PositionBalanceConfiguration::getDebtBalance` returns shares instead of assets, allowing borrowers to bypass loan interest",0xAlix2,Duplicate; Reward; High,"Liquidation, Oracle, Interest Rate","0xAlix2  High  # `PositionBalanceConfiguration::getDebtBalance` returns shares instead of assets, allowing borrowers to bypass loan interest  ### Summary  When users borrow from pools, some shares are ""minted"" and stored representing the borrowed amount at the time of loan issuance. With time, interest accumulates, where the shares amount remains the same but the corresponding debt value of those shares increases, which represents the extra assets that have to be paid by the borrower. However, w"
466,ZeroLend One ,1,"`PositionBalanceConfiguration::getSupplyBalance` returns shares instead of assets, forcing curated vault depositors to lose funds",0xAlix2,Duplicate; Reward; High,"Liquidation, Oracle, Interest Rate","0xAlix2  High  # `PositionBalanceConfiguration::getSupplyBalance` returns shares instead of assets, forcing curated vault depositors to lose funds  ### Summary  When users deposit funds into a curated vault, these funds are automatically deposited into different supply pools. A vault's assets are always being tracked by both `lastTotalAssets` and `totalAssets()`, where the first is a cached value of `totalAssets()` that gets the assets from every supply pool. It uses `PoolGetters::getBalanceByPo"
41,Blueberry,355,Tokens will be stuck in the contract,saian,High; Duplicate; Reward,"Withdraw, Vault, Share Manipulation","saian  medium  # Tokens will be stuck in the contract  ## Summary  Excess tokens withdrawn from SoftVault will be stuck in the contract  ## Vulnerability Detail  In BlueBerryBank#withdrawLend, the position's shares are redeemed and underlying token is transferred to the spell. If the withdrawn amount is greater than the position's total underlying, only the position's balance is transferred, the excess tokens are stuck in the contract.  ## Impact  The tokens are stuck in the contract and cannot "
41,Blueberry,354,Excess funds when withdrawing from lending stuck permanently,minhtrng,High; Duplicate; Reward,"Deposit, Withdraw, Vault",minhtrng  high  # Excess funds when withdrawing from lending stuck permanently  ## Summary  Excess funds returned when withdrawing from a lend postion get stuck in the bank permanently.  ## Vulnerability Detail  When withdrawing from a lending position in `BlueBerryBank.withdrawLend` any amounts withdrawn from the vaults are capped at the underlying amount of the position:  ```js wAmount = ISoftVault(bank.softVault).withdraw(shareAmount); ... wAmount = wAmount > pos.underlyingAmount     ? pos.un
41,Blueberry,352,ICHI rewards not paid out when reopening a farm position,minhtrng,High; Duplicate; Reward,"Vault, Share Manipulation","minhtrng  medium  # ICHI rewards not paid out when reopening a farm position  ## Summary  When a position on the ICHIFarm gets reopened, ICHI rewards from the previous position are not send to the user and can be taken by someone else.  ## Vulnerability Detail  When shares of `WIchiFarm` are burned, rewards can be sent out to the msg.sender:  ```js //WIchiFarm.burn if (enIchi > stIchi) {     ICHI.safeTransfer(msg.sender, enIchi - stIchi); } ```  A burn of `WIchiFarm` shares can occur when a posi"
41,Blueberry,351,LP tokens might get left in the Spell contract and be taken by someone else,minhtrng,High; Duplicate; Reward,"Withdraw, Vault","minhtrng  medium  # LP tokens might get left in the Spell contract and be taken by someone else  ## Summary  LP tokens can get left in the spell contract, enabling someone else to take them.  ## Vulnerability Detail  The function `IchiVaultSpell.closePosition` has a parameter `amountLpWithdraw`. Contrary to its name, the only thing it does is to actually reduce the amount of LP tokens to withdraw from the IchiVault:  ```js uint256 amtLPToRemove = vault.balanceOf(address(this)) -     amountLpWith"
41,Blueberry,346,amountLpWithdrawn not given back to user,koxuan,High; Duplicate; Reward,"Borrow Logic, Collateral, Deposit","koxuan  high  # amountLpWithdrawn not given back to user  ## Summary In `withdrawInternal`,user will specify an amount of lp to withdraw from Ichi. The rest will be removed for loan repayment. However, after repaying the loan, the `amountLpWithdrawn` is not being withdrawn from IchiBank and hence the amount will stay in `IchiVaultSpell` where the next withdrawal can steal from.  ## Vulnerability Detail Notice step 2, amtLPToRemove is based on the ichi vault liquidity balance that the position ha"
41,Blueberry,344,Max value for withdrawLend is not correct,stent,High; Duplicate; Reward,"Exchange Rate, Withdraw, Overflow","stent  medium  # Max value for withdrawLend is not correct  ## Summary  If `shareAmount` in `withdrawLend` is set to `type(uint256).max` then it is reassigned to the maximum value that can be withdrawn from Compound. Although the token transfers all work the updating of `pos.underlyingAmount` may have an overflow, resulting in a failed tx.  ## Vulnerability Detail  This is the code in question in BlueBerryBank: ```solidity         function withdrawLend(address token, uint256 shareAmount)        "
41,Blueberry,340,User could bypass the `MaxLTV`,Ch_301,High; Duplicate; Reward,Vault,"Ch_301  high  # User could bypass the `MaxLTV`  ## Summary Users can use this method with the different functions we just use `reducePosition()` to explain it   ## Vulnerability Detail Alice open a position with `strategyId == ID01` and `collToken == TokenA` The MaxLTV of `TokenA` in the strategy `ID01` is 2.5X.  These are the critical values of Alice's position getPositionValue Is: 20k USD getDebtValue Is: 20k USD getUnderlyingValue Is: 10k USD  Now, Alice invokes `reducePosition()` with `strat"
41,Blueberry,334,Users That Deposit Into Ichi Spell Can be Unfairly Liquidated by Attacker,banditx0x,High; Duplicate; Sponsor Confirmed; Will Fix; Reward,"Liquidation, Oracle, Price Manipulation","banditx0x  high  # Users That Deposit Into Ichi Spell Can be Unfairly Liquidated by Attacker  ## Summary  Ichi Spell does not use a Chainlink or TWAP oracle for liquidity positons, but rather the token price in the Uniswap v3 Pool. An attacker can liquidate other users with flashloans and/or swaps on the Uniswap v3 pool and obtain their tokens at a discount.   ## Vulnerability Detail  Liquidations for Ichi Liquidity positions are calculated via the` get Price()` function in IchiOrac"
41,Blueberry,329,Burning `WIchiFarm` wrapped ICHI vault LP tokens can possibly revert due to insufficient balance of ICHI v2 tokens,berndartmueller,High; Duplicate; Sponsor Confirmed; Will Fix; Reward,"Collateral, Withdraw, Precision","berndartmueller  medium  # Burning `WIchiFarm` wrapped ICHI vault LP tokens can possibly revert due to insufficient balance of ICHI v2 tokens  > Note: This issue is only applicable if the `stIchi` and `enIchi` values have their precision increased to **18 decimals**. In the current implementation, those values are incorrectly in **9 decimals**! The issue has been reported as a separate issue. Nevertheless, I consider this a valid issue, and due to the dependence on the other issue, I'm rep"
41,Blueberry,328,A liquidator can repay the smaller debt position to fully liquidate a position and receive the full collateral,berndartmueller,High; Duplicate; Sponsor Confirmed; Will Fix; Reward,"Liquidation, Borrow Logic, Collateral","berndartmueller  high  # A liquidator can repay the smaller debt position to fully liquidate a position and receive the full collateral  ## Summary  An incorrect full liquidation of a position can occur by repaying only the token with the smaller debt, enabling a liquidator to receive the entire collateral and the protocol to accrue bad debt.  ## Vulnerability Detail  When a liquidatable position with multiple borrowed tokens (e.g. USDC and ICHI) is due for liquidation, a liquidator "
41,Blueberry,326,`SoftVault` accrued interest is not refunded and stuck forever,berndartmueller,High; Duplicate; Sponsor Confirmed; Will Fix; Reward,"Interest Rate, Collateral, Deposit","berndartmueller  high  # `SoftVault` accrued interest is not refunded and stuck forever  ## Summary  Withdrawing isolated collateral tokens does not refund the accrued interest from Blueberry's lending market and remains stuck forever in the `BlueBerryBank` contract.  ## Vulnerability Detail  Isolated collateral is lent out to Blueberry's lending market (a Compound fork) via the `SoftVault` contract. These deposits accrue interest over time.  When a user withdraws isolated collater"
41,Blueberry,324,Failure to refund `ICHI` v2 farming reward tokens upon increasing farming position,berndartmueller,High; Duplicate; Reward,"Borrow Logic, Collateral, Deposit",berndartmueller  high  # Failure to refund `ICHI` v2 farming reward tokens upon increasing farming position  ## Summary  `ICHI` v2 farming reward tokens are not refunded to the user when subsequently calling the `IchiVaultSpell.openPositionFarm` function to increase the farming position. Any other user with a farming position can steal those left behind `ICHI` v2 reward tokens.  ## Vulnerability Detail  A user can repeatedly call the `IchiVaultSpell.openPositionFarm` function for a given positio
41,Blueberry,322,Failure to withdraw Ichi vault LP tokens to the user,berndartmueller,High; Duplicate; Reward,"Borrow Logic, Collateral, Deposit","berndartmueller  high  # Failure to withdraw Ichi vault LP tokens to the user  ## Summary  A user is able to specify an amount `amountLpWithdraw` to withdraw ICHI vault LP tokens from their owned position directly to the user. However, due to a bug in the calculation of the amount of LP tokens to withdraw, the requested tokens are not transferred to the user and instead remain stuck in the spell contract.  ## Vulnerability Detail  The `IchiVaultSpell.closePosition` function first withdraws `lpTa"
41,Blueberry,319,Too few `ICHI` v2 farming reward tokens transferred to the user due to incorrect decimal precision,berndartmueller,High; Has Duplicates; Sponsor Confirmed; Will Fix; Reward,"Withdraw, Precision, Reentrancy",berndartmueller  high  # Too few `ICHI` v2 farming reward tokens transferred to the user due to incorrect decimal precision  ## Summary  The `burn` function in the `WIchiFarm` contract transfers too few `ICHI` **v2** farming reward tokens to the caller due to using 9 decimals instead of 18 decimals for the `ICHI` **v2** token.  ## Vulnerability Detail  Closing an ICHI vault spell farming position burns the wrapped ICHI vault LP tokens (`WIchiFarm` ERC-1155 tokens). Farming rewards are harvested 
41,Blueberry,311,Lenders didn't receive their interest.,GimelSec,High; Duplicate; Reward,"Interest Rate, Deposit, Withdraw","GimelSec  high  # Lenders didn't receive their interest.  ## Summary  The withdraw amount in `BlueBerryBank.withdrawLend()` cannot exceed `pos.underlyingAmount`. Thus, lenders cannot receive any interest. And they will lose the fund if `withdrawFee` or `depositFee` is not zero.  ## Vulnerability Detail  The withdraw amount in `BlueBerryBank.withdrawLend()` cannot exceed `pos.underlyingAmount`. https://github.com/sherlock-audit/2023-02-blueberry/blob/main/contracts/BlueBerryBank.sol#L693 ```solid"
41,Blueberry,301,Wrong amount of LP tokens is removed from ICHI vaults when closing a position,Jeiwan,High; Duplicate; Reward,"Collateral, Withdraw, Vault","Jeiwan  medium  # Wrong amount of LP tokens is removed from ICHI vaults when closing a position  ## Summary When closing a position, users can remove wrapped LP tokens from the bank, unwrap them, and redeem them in ICHI vaults to repay their debt. The amount of redeemed LP tokens can be different from the amount of tokens removed from the bank, which can have different consequences: 1. if the amount of tokens to redeem equals the amount of tokens to remove from the bank (which is the standard sc"
41,Blueberry,298,IchiLpOracle is vulnerable to manipulation,ctf_sec,High; Duplicate; Reward,"Liquidation, Oracle, Borrow Logic","ctf_sec  high  # IchiLpOracle is vulnerable to manipulation  ## Summary  IchiLpOracle is vulnerable to manipulation  ## Vulnerability Detail  The IChiLpOracle.sol is very vulnerable to manipulation:  ```solidity contract IchiLpOracle is UsingBaseOracle, IBaseOracle {     constructor(IBaseOracle _base) UsingBaseOracle(_base) {}      /**      * @notice Return lp token price in USD, with 18 decimals of precision.      * @param token The underlying token address for which to get the price.      * @r"
41,Blueberry,297,Users may borrow more than the `MaxLTV` value of a strategy,Jeiwan,High; Duplicate; Reward,"Borrow Logic, Collateral, Deposit","Jeiwan  medium  # Users may borrow more than the `MaxLTV` value of a strategy  ## Summary Users may trick `IchiVaultSpell` to remove a portion of their collateral and bring their position above the `MaxLTV` value of the strategy they opened position in. This allows them borrow more than allowed by the strategy. ## Vulnerability Detail When opening a position in `IchiVaultSpell`, there's a [strict check](https://github.com/sherlock-audit/2023-02-blueberry/blob/main/contracts/spell/IchiVaultSpell."
41,Blueberry,289,Earned interest is lost when withdrawing tokens lent to a bank,Jeiwan,High; Duplicate; Reward,"Exchange Rate, Interest Rate, Borrow Logic","Jeiwan  high  # Earned interest is lost when withdrawing tokens lent to a bank  ## Summary When a user withdraws the tokens they previously lent to a bank, the interest earned in the ""soft vault"" is lost. While the ""soft vault"" does generate interest, it cannot be claim by users who lend tokens; the earn interest is left in the `BlueBerryBank` contract and cannot be withdrawn. ## Vulnerability Detail The protocol supports two types of vault for deposited collateral: 1. [soft vault](https://githu"
41,Blueberry,287,"Earned interest is not accounted in position's risk value, causing increased debt accumulation",Jeiwan,High; Duplicate; Sponsor Confirmed; Will Fix; Reward,"Liquidation, Exchange Rate, Interest Rate","Jeiwan  high  # Earned interest is not accounted in position's risk value, causing increased debt accumulation  ## Summary The protocol allows users to deposit funds on Compound finance, earning interest on the funds and using the funds as collateral.  However this interest is not taken into account when the risk of a position is calculated. As a result, the lending interest won't counterbalance the borrow interest accrued from debt, exposing users to a higher risk of liquidations. ## V"
41,Blueberry,277,Liquidation logic is not correct,XKET,High; Duplicate; Reward,"Liquidation, Collateral, Overflow","XKET  high  # Liquidation logic is not correct   ## Summary The implementation of `BlueBerryBank.liquidate` is wrong, and the liquidator can get all collaterals and underlying token shares by paying only one debt token.  ## Vulnerability Detail   When a position is liquidatable, anybody can call `BlueBerryBank.liquidate` and get some collaterals and underlying token shares stored in a vault after paying some debt. The liquidator pays only one debt token at a time.  If the liquidat"
41,Blueberry,276,Underlying tokens can be locked in `BlueBerryBank` after `withdrawLend`,XKET,High; Duplicate; Reward,"Withdraw, Vault, Share Manipulation","XKET  high  # Underlying tokens can be locked in `BlueBerryBank` after `withdrawLend`    ## Summary Underlying tokens can be locked in `BlueBerryBank` after `withdrawLend`, and it will cause fund loss.  ## Vulnerability Detail  When the owner of a position wants to withdraw underlying tokens using `BlueBerryBank.withdrawLend`, he withdraws from a vault of current bank. `BlueBerryBank` will receive `wAmount` of underlying token. ```solidity         uint256 wAmount;         if (address(ISoftVault("
41,Blueberry,255,ICHI rewards are lost if user calls openPositionFarm for the second time,tives,High; Duplicate; Reward,"Borrow Logic, Collateral, Deposit","tives  high  # ICHI rewards are lost if user calls openPositionFarm for the second time  ## Summary  ICHI rewards are lost if user calls `openPositionFarm` for the second time  ## Vulnerability Detail  If user has an open position, then wIchiFarm tokens are burned  ```solidity if (collSize > 0) {     (uint256 decodedPid, ) = wIchiFarm.decodeId(collId);     if (farmingPid != decodedPid) revert INCORRECT_PID(farmingPid);     if (posCollToken != address(wIchiFarm))         revert INCORRECT_COLTOKEN"
41,Blueberry,252,User is able to reduce a position by withdrawing more collateral than she or he should be allowed to,rbserver,High; Duplicate; Sponsor Disputed; Escalation Resolved; Reward,"Oracle, Collateral, Withdraw","rbserver  high  # User is able to reduce a position by withdrawing more collateral than she or he should be allowed to  ## Summary Calling the `IchiVaultSpell.reducePosition` function with an existing `strategyId` that is not associated with the position but is for the same collateral token, which the maximum LTV for this unassociated `strategyId` is higher than the maximum LTV for the position's associated `strategyId`, can allow the user to reduce the position by withdrawing more collat"
41,Blueberry,246,`withdrawVaultFee` coud be evaded in `HardVault.withdraw` and `SoftVault.withdraw`,y1cunhui,High; Duplicate; Reward,"Withdraw, Precision, Vault","y1cunhui  medium  # `withdrawVaultFee` coud be evaded in `HardVault.withdraw` and `SoftVault.withdraw`  ## Summary When withdraw token from `HardVault`, the `fee` may becomes 0 due to precision loss, making the user withdraw freely.  ## Vulnerability Detail  According to the `ProtocolConfig.sol` and `BlueberryConst.col`, `withdrawVaultFee` = 100, and `DENOMINATOR` = 10000. For example, when withdrawing 99 USDC(which is 0.000099$) each time, the fee computed by  ```solidity uint256 fee = (withdra"
41,Blueberry,245,Users could leave some of `ICHI Vault LP` on SPELL,Ch_301,High; Duplicate; Reward,"Oracle, Interest Rate, Borrow Logic",Ch_301  high  # Users could leave some of `ICHI Vault LP` on SPELL  ## Summary  ## Vulnerability Detail Alice will invoke [openPosition()](https://github.com/sherlock-audit/2023-02-blueberry/blob/main/contracts/spell/IchiVaultSpell.sol#L166-L189) with `collAmount == 3000 ICHI` (1 ICHI == $5) ==> $5 * 3000 = $15000 and `borrowAmount == 5000 USDC` (1 USDC == $1) ==> $1 * 5000 = $5000 the `strategyId` LTV is 3X  These are the critical values of Alice's position getPositionValue Is: 5000 USD getDebt
41,Blueberry,232,Underlying amount after withdrawLend is incorrect if hard/soft vault has withdraw fee,evan,High; Duplicate; Reward,"Liquidation, Borrow Logic, Collateral",evan  medium  # Underlying amount after withdrawLend is incorrect if hard/soft vault has withdraw fee  ## Summary The accounting for hard/soft vault withdraw fee is incorrect. It's possible for underlyingAmount to be >0 even when the position is fully closed. This will allow user to borrow more assets without needing to lend anything.  ## Vulnerability Detail https://github.com/sherlock-audit/2023-02-blueberry/blob/main/contracts/vault/SoftVault.sol#L118 ^^ Observe that the withdrawAmount return
41,Blueberry,229,incorrect logic in withdrawInternal can cause wrong amount lp to be withdrawn from IchiVault for swap,koxuan,High; Duplicate; Reward,"Borrow Logic, Collateral, Deposit","koxuan  high  # incorrect logic in withdrawInternal can cause wrong amount lp to be withdrawn from IchiVault for swap  ## Summary According to the meaning of the variable and comment, `amountLpWithdraw` means Amount of ICHI Vault LP to withdraw from ICHI Vault. However, an incorrect implementation in `withdrawInternal` causes the incorrect amount to be withdrawn instead of `amountLpWithdraw` from IchiVault.  ## Vulnerability Detail  As we see for `closePosition` comments, `amountLpWithdraw` refe"
41,Blueberry,223,vault LPTokens can stay in ichiVaultSpell after closePosition() and be drained by another user,evan,High; Duplicate; Reward,"Liquidation, Borrow Logic, Collateral","evan  medium  # vault LPTokens can stay in ichiVaultSpell after closePosition() and be drained by another user  ## Summary In closePosition(), the user may specify `amountLpWithdraw`, which is the amount of LPTokens to leave alone (instead of withdrawing liquidity). However, after closePosition(), these LPTokens stay in the ichiVaultSpell contract where they can be withdrawn for free by another user with a specially crafted closePosition() call.  ## Vulnerability Detail https://github.com/sherlo"
41,Blueberry,218,Liquidate calculations are incorrect when position borrows more than 1 type of token,evan,High; Duplicate; Reward,"Liquidation, Oracle, Borrow Logic","evan  high  # Liquidate calculations are incorrect when position borrows more than 1 type of token  ## Summary If a position has borrowed more than 1 type of token, then the liquidator (which can be the position owner) will get more collateral tokens and underlying tokens than they are supposed to when they call liquidate.  ## Vulnerability Detail https://github.com/sherlock-audit/2023-02-blueberry/blob/main/contracts/BlueBerryBank.sol#L522-L531  ^^ Observe that these lines of calcul"
41,Blueberry,206,"When calling `BlueBerryBank.withdrawLend` function, it is possible that extra amount, which is the difference between withdrawn amount from soft vault and position's `underlyingAmount`, remains in `BlueBerryBank` contract without belonging to anyone",rbserver,High; Duplicate; Reward,"Withdraw, Reentrancy, Vault","rbserver  high  # When calling `BlueBerryBank.withdrawLend` function, it is possible that extra amount, which is the difference between withdrawn amount from soft vault and position's `underlyingAmount`, remains in `BlueBerryBank` contract without belonging to anyone  ## Summary When the `BlueBerryBank.withdrawLend` function is called, the withdrawn amount from the soft vault can be bigger than the position's `underlyingAmount`. Such extra amount would remain in the `BlueBerryBank` contract with"
41,Blueberry,187,The attacker can bypass the original logic of `reduceposition()`,8olidity,High; Duplicate; Escalation Resolved; Reward,"Oracle, Withdraw, Vault","8olidity  high  # The attacker can bypass the original logic of `reduceposition()`  ## Summary  The attacker can bypass the original logic of `reduceposition()`  ## Vulnerability Detail In the `reduceposition()` function, the `dowithdraw()` function will be called, and the data corresponding to the `positions [POSITION_ID]` is operated in the `dowithdraw()` function. Then send the contract's `colltoken` to the address of `bank.executor()`. Finally, the LTV will be checked according to"
41,Blueberry,179,`reducePosition` in IchiVaultSpell checks max LTV against stale debt values,carrot,High; Duplicate; Reward,"Interest Rate, Borrow Logic, Withdraw","carrot  medium  # `reducePosition` in IchiVaultSpell checks max LTV against stale debt values  ## Summary The function `reducePosition` in the `IchiVaultSpell` contract withdraws the underlying token, and refunds it. It then checks if the max LTV ratio is maintained. It however does not poke the borrow token account, and thus uses stale values of the debt. ## Vulnerability Detail The `poke` function which calls the `accrue` function in the Bank contract is responsible for updating the debt value"
41,Blueberry,174,Miscalculation of farmed ICHI rewards,carrot,High; Duplicate; Reward,"Withdraw, Vault",carrot  high  # Miscalculation of farmed ICHI rewards  ## Summary The `IchiVaultSpell` contract receives ICHI rewards whenever it calls `burn` function of `WIchiFarm` contract. It correctly distributes rewards to the user when they call `closePositionFarm`. However it forgets to distribute rewards when user calls `openPositiongFarm` to increase their position. Those rewards are instead collected by whoever calls `closePositionFarm` next time. ## Vulnerability Detail The function`openPositionFarm
41,Blueberry,173,"Wrong formula is used in IchiLpOracle to calculate the price of LP tokens, the price can be manipulated.",psy4n0n,High; Duplicate; Reward,"Oracle, Price Manipulation, Flash Loan","psy4n0n  high  # Wrong formula is used in IchiLpOracle to calculate the price of LP tokens, the price can be manipulated.  ## Summary  The protocol uses wrong formula to calculate the price of LP tokens. This can lead to price manipulation of the LP tokens and would return wrong value of position risk and hence  wrong value about if a loan is liquidable.  ## Vulnerability Detail  > Note : This is very similar to how warp finance was [[attacked](https://rekt.news/warp-finance-rekt/)](https://rekt"
41,Blueberry,164,Harvested ICHI tokens are not collected,sinarette,High; Duplicate; Reward,"Collateral, Deposit, Vault","sinarette  high  # Harvested ICHI tokens are not collected  ## Summary  ````IchiVaultSpell#openPositionFarm collects vault tokens and ICHI farming rewards from ````wIchiFarm````. The collected vault tokens are re-deposited to ````wIchiFarm````, but the ICHI farming rewards are not collected from the spell contract.  ## Vulnerability Detail  ```solidity         if (collSize > 0) {             (uint256 decodedPid, ) = wIchiFarm.decodeId(collId);             if (farmingPid != decodedPid) revert INC"
41,Blueberry,162,Interest earned through lending is forever locked in bank contract,carrot,High; Duplicate; Reward,"Interest Rate, Collateral, Deposit",carrot  high  # Interest earned through lending is forever locked in bank contract  ## Summary BlueBerryBank deposits tokens into SoftVault which in turn deposits them to the Lending protocol which earns interest. The protocol has no code to extract this interest earned and caps the amount of collateral a user can withdraw to their original value. Thus any interest earned will be locked in the BlueBerryBank contract and cannot be taken out to the treasury. ## Vulnerability Detail The SoftVault c
41,Blueberry,160,IchiLP token pricing mechanism vulnerable to price manipulation,carrot,High; Duplicate; Reward,"Oracle, Price Manipulation, Bad Debt","carrot  high  # IchiLP token pricing mechanism vulnerable to price manipulation  ## Summary The IchiLP tokens are priced as r0*px0 + r1*px1, where r0,r1 are the reserves, and px0,px1 are the oracle prices. This pricing formula has been the cause of multiple price manipulation exploits, like [Warp Finance](https://cmichel.io/pricing-lp-tokens/) ## Vulnerability Detail The IchiLpOracle contract prices the LP tokens in the manner shown https://github.com/sherlock-audit/2023-02-blueberry/blob/main/c"
41,Blueberry,158,Users who deposit extra funds into their Ichi farming positions will lose all their ICHI rewards,obront,High; Has Duplicates; Sponsor Confirmed; Will Fix; Reward,"Collateral, Deposit, Withdraw","obront  high  # Users who deposit extra funds into their Ichi farming positions will lose all their ICHI rewards  ## Summary  When a user deposits extra funds into their Ichi farming position using `openPositionFarm()`, the old farming position will be closed down and a new one will be opened. Part of this process is that their ICHI rewards will be sent to the `IchiVaultSpell.sol` contract, but they will not be distributed. They will sit in the contract until the next user (or MEV bot) calls `cl"
41,Blueberry,154,"IchiLPOracle does not use correct LP Pricing, vulnerable to flash loan attack",obront,High; Duplicate; Reward,"Liquidation, Oracle, Flash Loan","obront  high  # IchiLPOracle does not use correct LP Pricing, vulnerable to flash loan attack  ## Summary  The `IchiLpOracle` contract uses the reserves and token prices to calculate the value of the ICHI LP token. However, it doesn't implement the correct ""Fair LP Pricing"" formula (which is correctly implemented in UniswapV2Oracle), leaving it susceptible to a flash loan attack.  ## Vulnerability Detail  When using the reserves and token prices of an LP pool to calculate the value of the LP tok"
41,Blueberry,151,LP tokens are not sent back to withdrawing user,obront,High; Has Duplicates; Sponsor Confirmed; Will Fix; Reward,"Borrow Logic, Collateral, Withdraw","obront  high  # LP tokens are not sent back to withdrawing user  ## Summary  When users withdraw their assets from `IchiVaultSpell.sol`, the function unwinds their position and sends them back their assets, but it never sends them back the amount they requested to withdraw, leaving the tokens stuck in the Spell contract.  ## Vulnerability Detail  When a user withdraws from `IchiVaultSpell.sol`, they either call `closePosition()` or `closePositionFarm()`, both of which make an internal call to `w"
41,Blueberry,143,ICHI Vault LP tokens cannot be withdrawn,Dug,High; Duplicate; Reward,"Borrow Logic, Withdraw, Vault","Dug  high  # ICHI Vault LP tokens cannot be withdrawn  ## Summary  If `closePosition`/`closePositionFarm` is called with a non-zero `amountLpWithdraw`, ICHI Vault LP tokens are not transferred to the executor and left in the contract.  ## Vulnerability Detail  In `withdrawInternal`, the `amountLpWithdraw` is set aside and not used to withdraw liquidity from the vault. ```solidity         // 2. Calculate actual amount to remove         uint256 amtLPToRemove = vault.balanceOf(address(this)) - amou"
41,Blueberry,140,Fail to accrue interests on multiple token positions,cducrest-brainbot,High; Has Duplicates; Sponsor Confirmed; Will Fix; Reward,"Liquidation, Interest Rate, Borrow Logic","cducrest-brainbot  high  # Fail to accrue interests on multiple token positions  ## Summary  In `BlueBerryBank.sol` the functions `borrow`, `repay`, `lend`, or `withdrawLend` call `poke(token)` to trigger interest accrual on concerned token, but fail to do so for other token debts of the concerned position.  This could lead to wrong calculation of position's debt and whether the position is liquidatable.  ## Vulnerability Detail  Whether a position is liquidatable or not is checked at the end of"
41,Blueberry,138,LP tokens would get lost while closing a position,sinarette,High; Duplicate; Reward,"Borrow Logic, Collateral, Deposit","sinarette  high  # LP tokens would get lost while closing a position  ## Summary When executing ````closePosition```` or ````closePositionFarm````, it calls ````withdrawInternal```` to withdraw tokens and refund them to the user. However there is no logic to refund LP tokens, which can make the tokens stuck in the contract.  ## Vulnerability Detail  In ````withdrawInternal````, ````amtLPToRemove```` of vault LP tokens are withdrawn, leaving ````amountLpWithdraw```` of tokens still kept in the co"
41,Blueberry,135,Liquidate pays out full colateral for one token repaid,cducrest-brainbot,High; Duplicate; Escalation Resolved; Reward,"Liquidation, Oracle, Borrow Logic","cducrest-brainbot  high  # Liquidate pays out full colateral for one token repaid  ## Summary  In `BlueBerryBank.sol`, the `liquidate` function allows any user to repay the debt of a liquidatable position for a specific token and send the collateral of the position to the liquidator. However, how it is implemented means that for a position with two debt tokens, the liquidator can fully repay the debt of only one of the tokens and receive the full collateral while they should receive only"
41,Blueberry,129,Users can get around MaxLTV because of lack of strategyId validation,obront,High; Has Duplicates; Sponsor Confirmed; Will Fix; Reward,"Liquidation, Oracle, Borrow Logic","obront  high  # Users can get around MaxLTV because of lack of strategyId validation  ## Summary  When a user withdraws some of their underlying token, there is a check to ensure they still meet the Max LTV requirements. However, they are able to arbitrarily enter any `strategyId` that they would like for this check, which could allow them to exceed the LTV for their real strategy while passing the approval.  ## Vulnerability Detail  When a user calls `IchiVaultSpell.sol#reducePosition()`, it re"
41,Blueberry,127,Liquidator can take all collateral and underlying tokens for a fraction of the correct price,obront,High; Has Duplicates; Sponsor Confirmed; Will Fix; Reward,"Liquidation, Borrow Logic, Collateral","obront  high  # Liquidator can take all collateral and underlying tokens for a fraction of the correct price  ## Summary  When performing liquidation calculations, we use the proportion of the individual token's debt they pay off to calculate the proportion of the liquidated user's collateral and underlying tokens to send to them. In the event that the user has multiple types of debt, the liquidator will be dramatically overpaid.  ## Vulnerability Detail  When a position's risk rating falls belo"
41,Blueberry,126,Users can be liquidated prematurely because calculation understates value of underlying position,obront,High; Sponsor Confirmed; Will Fix; Reward,"Liquidation, Oracle, Interest Rate","obront  high  # Users can be liquidated prematurely because calculation understates value of underlying position  ## Summary  When the value of the underlying asset is calculated in `getPositionRisk()`, it uses the `underlyingAmount`, which is the amount of tokens initially deposited, without any adjustment for the interest earned. This can result in users being liquidated early, because the system undervalues their assets.  ## Vulnerability Detail  A position is considered liquidatable if it me"
41,Blueberry,120,Positions won't be liquidatable at the correct threshold because of an accounting issue in `withdrawLend()`,Ruhum,High; Duplicate; Sponsor Confirmed; Will Fix; Reward,"Liquidation, Oracle, Collateral","Ruhum  high  # Positions won't be liquidatable at the correct threshold because of an accounting issue in `withdrawLend()`  ## Summary When a deposit is withdrawn from the SoftVault contract it takes a fee. When the user's position is modified that fee is not taken into account causing the position to be reduced by fewer tokens than it should. The liquidation threshold will be reached later than it should be for that position.  ## Vulnerability Detail 1. Alice deposits 100 tokens and r"
41,Blueberry,119,Excess underlying tokens withdrawn through the BlueBerryBank from the SoftVault will be locked up,Ruhum,High; Duplicate; Reward,"Collateral, Deposit, Withdraw","Ruhum  high  # Excess underlying tokens withdrawn through the BlueBerryBank from the SoftVault will be locked up  ## Summary If the user receives more underlying tokens through `BlueBerryBank.withdrawLend()` than they deposited, the excess tokens will be locked up in the contract.  ## Vulnerability Detail When a user lends tokens through the BlueBerryBank contract, the tokens are deposited into the SoftVault and the user is awarded shares in proportion to their deposit. The SoftVault deposits th"
41,Blueberry,112,stuck underlying tokens in BlueBerryBank when withdrawLend is called,koxuan,High; Duplicate; Reward,"Collateral, Deposit, Withdraw","koxuan  medium  # stuck underlying tokens in BlueBerryBank when withdrawLend is called  ## Summary When a user closes a position that triggers a `withdrawLend` which withdraws their isolated collateral, vault withdraws the share which in turn withdraws from compound forked protocol. In the event that there is more underlying token withdrawn than when depositing, the user will only get back the deposited amount and the excess will stay in BlueBerryBank. The excess amount will not be utilized by B"
41,Blueberry,109,Interest component of underlying amount is not withdrawable using the `withdrawLend` function. Such amount is permanently locked in the BlueBerryBank contract,0Kage,High; Has Duplicates; Sponsor Confirmed; Will Fix; Reward,"Interest Rate, Deposit, Withdraw","0Kage  high  # Interest component of underlying amount is not withdrawable using the `withdrawLend` function. Such amount is permanently locked in the BlueBerryBank contract  ## Summary Soft vault shares are issued against interest bearing tokens issued by `Compound` protocol in exchange for underlying deposits. However, `withdrawLend` function caps the withdrawable amount to initial underlying deposited by user (`pos.underlyingAmount`). Capping underlying amount to initial underlying deposited "
41,Blueberry,108,"BlueBerryBank doesn't poke all position debt tokens, before checking getDebtValue",rvierdiiev,High; Duplicate; Sponsor Confirmed; Will Fix; Reward,"Oracle, Interest Rate, Borrow Logic","rvierdiiev  high  # BlueBerryBank doesn't poke all position debt tokens, before checking getDebtValue  ## Summary BlueBerryBank doesn't poke all position debt tokens, before checking getDebtValue ## Vulnerability Detail When user wants to borrow tokens using IchiVaultSpell, then `_validateMaxLTV` [is called](https://github.com/sherlock-audit/2023-02-blueberry/blob/main/contracts/spell/IchiVaultSpell.sol#L149). This function will take [debtValue](https://github.com/sherlock-audit/2023-0"
41,Blueberry,81,BlueBerryBank.liquidate supposes that only 1 token can be borrowed for the position,rvierdiiev,High; Duplicate; Sponsor Disputed; Escalation Resolved; Reward; Won't Fix,"Liquidation, Borrow Logic, Collateral","rvierdiiev  high  # BlueBerryBank.liquidate supposes that only 1 token can be borrowed for the position  ## Summary BlueBerryBank.liquidate supposes that only 1 token can be borrowed for the position. Because of that liquidator of 1 token receives all underlying tokens. ## Vulnerability Detail To borrow user can call execute function and provide spell and `openPosition` with parameters. One of params that user provides [is `borrowToken`](https://github.com/sherlock-audit/2023-02-bluebe"
41,Blueberry,75,User lose WERC20 when close position and provides amountLpWithdraw that is not 0,rvierdiiev,High; Duplicate; Reward,"Interest Rate, Borrow Logic, Collateral","rvierdiiev  high  # User lose WERC20 when close position and provides amountLpWithdraw that is not 0  ## Summary User lose WERC20 when close position and provides amountLpWithdraw that is not 0 ## Vulnerability Detail Let's check `IchiVaultSpell.closePosition` function. It first [withdraws `lpTakeAmt` amount of werc20 token](https://github.com/sherlock-audit/2023-02-blueberry/blob/main/contracts/spell/IchiVaultSpell.sol#L355). This actually just transfer werc20 from bank to IchiVaultSpe"
41,Blueberry,74,Position owner lose ichi farm rewards when he calls openPositionFarm and collateral already exists,rvierdiiev,High; Duplicate; Reward,"Collateral, Deposit, Withdraw","rvierdiiev  high  # Position owner lose ichi farm rewards when he calls openPositionFarm and collateral already exists  ## Summary Position owner lose ichi farm rewards when he calls openPositionFarm and collateral already exists, as ICHI is not sent to him after harvesting. ## Vulnerability Detail Ichi farm allows depositing of ichi vault tokens in order to farm ICHI tokens. User can open position using `IchiVaultSpell.openPositionFarm` function.  In case if user already has same WIchiFarm toke"
41,Blueberry,72,"In case if user withdrawLend in withdrawVaultFee window, his position.underlyingAmount is not updated correctly",rvierdiiev,High; Duplicate; Reward,"Borrow Logic, Collateral, Deposit","rvierdiiev  medium  # In case if user withdrawLend in withdrawVaultFee window, his position.underlyingAmount is not updated correctly  ## Summary In case if user withdrawLend in withdrawVaultFee window, his position.underlyingAmount is not updated correctly as result he can borrow more then he has collateral. ## Vulnerability Detail Amount that user can borrow [depends on position.underlyingAmount](https://github.com/sherlock-audit/2023-02-blueberry/blob/main/contracts/spell/IchiVaultSpell.sol#L"
41,Blueberry,62,Withdrawal fee bypass on Liquidation,csanuragjain,High; Duplicate; Reward,"Liquidation, Collateral, Withdraw","csanuragjain  medium  # Withdrawal fee bypass on Liquidation  ## Summary On withdrawing lent token, a withdraw fees is deducted. But seems that on Liquidation, withdrawal fees is not deducted from the final amount. This is not expected and if the fees is large and User can liquidate his position himself in order to avoid withdrawal fees  ## Vulnerability Detail  1. Observe the [withdrawLend](https://github.com/sherlock-audit/2023-02-blueberry/blob/main/contracts/BlueBerryBank.sol#L669) function "
41,Blueberry,57,A user who calls IchiVaultSpell.closePosition() might leave some ICHI vault LP tokens in the IchiVaultSpell for other users to steal (lose funds),chaduke,High; Duplicate; Reward,"Borrow Logic, Collateral, Deposit",chaduke  high  # A user who calls IchiVaultSpell.closePosition() might leave some ICHI vault LP tokens in the IchiVaultSpell for other users to steal (lose funds)  ## Summary A user who calls ``IchiVaultSpell.closePosition()`` might leave some ICHI vault LP tokens in the ``IchiVaultSpell`` for other users to steal (lose funds)  ## Vulnerability Detail We show how A user who calls ``IchiVaultSpell.closePosition()`` might lose funds:  1) Suppose Bob calls  ``IchiVaultSpell.closePosition()``  via `
41,Blueberry,56,A borrower might receive ZERO underlying tokens after burning his shares in ``pos.underlyingVaultShare``.,chaduke,High; Duplicate; Sponsor Confirmed; Will Fix; Reward,"Borrow Logic, Collateral, Withdraw","chaduke  medium  # A borrower might receive ZERO underlying tokens after burning his shares in ``pos.underlyingVaultShare``.  ## Summary A borrower might receive ZERO underlying tokens after burning his shares in ``pos.underlyingVaultShare``.  ## Vulnerability Detail We show how a borrower might receive ZERO underlying tokens after burning his shares in ``pos.underlyingVaultShare`` or receive much less tokens than these shares are worth.   1) Suppose Bob has a position: ``pos.underly"
41,Blueberry,55,Ichi vault LP oracle is vulnerable to price manipulation with flashloan,cergyk,High; Duplicate; Reward,"Oracle, Price Manipulation, Borrow Logic","cergyk  high  # Ichi vault LP oracle is vulnerable to price manipulation with flashloan  ## Summary The protocol relies on an oracle to price Ichi Lp shares, unfortunately it is vulnerable to price manipulation using a flash-loan.  ## Vulnerability Detail The function getTotalAmounts: https://github.com/sherlock-audit/2023-02-blueberry/blob/main/contracts/oracle/IchiLpOracle.sol#L27  is defined as such in Ichi vaults:  ```solidity /**     @notice Calculates total quantity of token0 and token1 in"
41,Blueberry,54,"Some funds might be stuck in the bank contract forever, and nobody can withdraw them",chaduke,High; Duplicate; Reward,"Withdraw, Vault, Share Manipulation","chaduke  medium  # Some funds might be stuck in the bank contract forever, and nobody can withdraw them  ## Summary Some funds might be stuck in the bank contract forever, and nobody can withdraw them.    ## Vulnerability Detail We show below how some funds might be stuck in the bank contract forever.  1) When ``BlueBerryBank.withdrawLend()`` is called, it will withdraw ``wAmount`` of the underlying tokens from the vault that corresponds to  ``shareAmount`` of vault shares.   [https://github.com"
41,Blueberry,34,IchiVaultSpell#closePosition will leave LP tokens in the contract if amountLpWithdraw != 0,0x52,High; Duplicate; Sponsor Confirmed; Will Fix; Reward,"Borrow Logic, Collateral, Deposit","0x52  high  # IchiVaultSpell#closePosition will leave LP tokens in the contract if amountLpWithdraw != 0  ## Summary  At the end of withdrawInternal it only returns collateral and borrow token. All LP that is withdrawn from the bank but not withdrawn from the IchiVault will be lost.  ## Vulnerability Detail          function closePosition(             uint256 strategyId,             address collToken,             address borrowToken,             uint256 lpTakeAmt,             ui"
41,Blueberry,33,BlueBerryBank#withdrawLend will cause underlying token accounting error if soft/hard vault has withdraw fee,0x52,High; Has Duplicates; Sponsor Confirmed; Will Fix; Reward,"Liquidation, Oracle, Collateral","0x52  high  # BlueBerryBank#withdrawLend will cause underlying token accounting error if soft/hard vault has withdraw fee  ## Summary  Soft/hard vaults can have a withdraw fee. This takes a certain percentage from the user when they withdraw. The way that the token accounting works in BlueBerryBank#withdrawLend, it will only remove the amount returned by the hard/soft vault from pos.underlying amount. If there is a withdraw fee, underlying amount will not be decrease properly and the user will b"
41,Blueberry,32,IchiVaultSpell#openPositionFarm can cause Ichi to be harvested but doesn't send it to the user,0x52,High; Duplicate; Reward,"Collateral, Deposit, Withdraw","0x52  high  # IchiVaultSpell#openPositionFarm can cause Ichi to be harvested but doesn't send it to the user  ## Summary  When `openPositionFarm` is called and the user already has a farm position, the original position will be removed and then all the LP will be restaked. The problem is that the `WIchiFarm#burn` will result in the `Ichi` being harvested and sent to `IchiVaultSpell`. It should transfer these harvested tokens to the user but instead they aren't resulting in loss of funds for the "
41,Blueberry,28,Vault shares can be left in spell during withdrawInternal,cergyk,High; Duplicate; Reward,"Collateral, Withdraw, Vault","cergyk  high  # Vault shares can be left in spell during withdrawInternal  ## Summary Vault shares can be withdrawn when using `withdrawInternal` in IchiVaultSpell.sol, but when done, if `amountLpWithdraw != vault.balanceOf(address(this))`, some vault balance stays in IchiVaultSpell, and can be swept by anybody by calling `reducePosition` with `collAmount == 0` and `collToken==vault`  ## Vulnerability Detail Only `vault.balanceOf(address(this)) - amountLpWithdraw` is withdrawn from vault. The re"
41,Blueberry,26,User never receive the interest on lending to the protocol,cergyk,High; Duplicate; Reward,"Interest Rate, Deposit, Withdraw","cergyk  high  # User never receive the interest on lending to the protocol  ## Summary Users may lend on the protocol by depositing into soft/hardVaults, which in turn deposit to compound style tokens. However the user never receives the rewards for lending on compound.  ## Vulnerability Detail When users withdraw from soft-vaults, only the amount the user deposited is refunded: https://github.com/sherlock-audit/2023-02-blueberry/blob/main/contracts/BlueBerryBank.sol#L693-L699  wAmount is transf"
41,Blueberry,24,User can call reducePosition with wrong strategyId and abuse LTV limits,cergyk,High; Duplicate; Reward,"Collateral, Deposit, Withdraw","cergyk  high  # User can call reducePosition with wrong strategyId and abuse LTV limits  ## Summary A user can withdraw collateral associated with a position, but use the check on the LTV of another strategy  ## Vulnerability Detail  When calling `reducePosition`: https://github.com/sherlock-audit/2023-02-blueberry/blob/main/contracts/spell/IchiVaultSpell.sol#L266-L274  The user can specify a different strategy than the position was opened with, bypassing the risk check if there is a strategy wi"
41,Blueberry,20,IchiLpOracle is extemely easy to manipulate due to how IchiVault calculates underlying token balances,0x52,High; Has Duplicates; Sponsor Confirmed; Will Fix; Reward,"Oracle, Fund Loss, Vault","0x52  high  # IchiLpOracle is extemely easy to manipulate due to how IchiVault calculates underlying token balances  ## Summary  `IchiVault#getTotalAmounts` uses the `UniV3Pool.slot0` to determine the number of tokens it has in it's position. `slot0` is the most recent data point and is therefore extremely easy to manipulate. Given that the protocol specializes in leverage, the effects of this manipulation would compound to make malicious uses even easier.  ## Vulnerability Detail  [ICHIVault.so"
41,Blueberry,17,WIchiFarm#burn sends too few IchiV2 tokens to users,0x52,High; Duplicate; Reward,"Deposit, Withdraw, Precision",0x52  high  # WIchiFarm#burn sends too few IchiV2 tokens to users  ## Summary  IchiV1 is a 9dp token and IchiV2 is an 18dp token. IchiFarmV2 distributes and tracks rewards in IchiV1. The issue is that WIchiFarm converts the V1 tokens received to V2 tokens but then uses the 9dp accIchiPerShare to determine the number of tokens to send to the user. The result is that the end user receives a fraction of the tokens they should and the other tokens are trapped forever in the contract.  ## Vulnerabili
41,Blueberry,16,"When user withdraw assets from ICHI Vault ,if the actual amount to remove in the value is less than lpTakeAmt ,then the user will lose the liquidity",Bauer,High; Duplicate; Reward,"Borrow Logic, Collateral, Deposit","Bauer  high  # When user withdraw assets from ICHI Vault ,if the actual amount to remove in the value is less than lpTakeAmt ,then the user will lose the liquidity  ## Summary When user call ```closePosition()``` to withdraw assets from ICHI Vault,  the protocol first take out collateral and transfer the  corresponding amount of vault lptokens to ```IchiVaultSpell.sol```.Then remove the liquidity， withdraw isolated collateral from Bank，repay and refund. When remove the liquidity , the actual amo"
41,Blueberry,12,Liquidation logic is incorrect when user has debt to more than one bank,0x52,High; Duplicate; Reward,"Liquidation, Borrow Logic, Collateral",0x52  high  # Liquidation logic is incorrect when user has debt to more than one bank  ## Summary  The logic in BlueBerrryBank#liquidate gives the liquidator collateral based on the amount of debt share repaid. The issues is that is uses the debt share for the specific debt token being repaid. If the user has debt to multiple banks then repaying one of the debt tokens will award all the user's collateral but leave them with debt to the other banks. The result is that all other debt is now bad be
137,Arcadia,154,Caching Uniswap position liquidity allows borrowing using undercollateralized Uni positions,0xadrii,High; Has Duplicates; Sponsor Confirmed; Will Fix; Reward,"Oracle, Reentrancy, Borrow Logic","0xadrii  high  # Caching Uniswap position liquidity allows borrowing using undercollateralized Uni positions  ## Summary  It is possible to fake the amount of liquidity held in a Uniswap V3 position, making the protocol believe the Uniswap position has more liquidity than the actual liquidity deposited in the position. This makes it possible to borrow using undercollateralized Uniswap positions.  ## Vulnerability Detail  When depositing into an account, the `deposit()` function is called, which "
137,Arcadia,153,Reentrancy in flashAction() allows draining liquidity pools,0xadrii,High; Has Duplicates; Sponsor Confirmed; Will Fix; Reward,"Liquidation, Oracle, Flash Loan","0xadrii  high  # Reentrancy in flashAction() allows draining liquidity pools  ## Summary It is possible to drain a liquidity pool/creditor if the pool’s asset is an ERC777 token by triggering a reentrancy flow using flash actions.  ## Vulnerability Detail The following vulnerability describes a complex flow that allows draining any liquidity pool where the underlying asset is an ERC777 token. Before diving into the vulnerability, it is important to properly understand and highlight som"
137,Arcadia,140,`AccountV1#flashActionByCreditor` can be used to drain assets from account without withdrawing,0x52,High; Sponsor Confirmed; Will Fix; Reward,"Liquidation, Collateral, Deposit","0x52  high  # `AccountV1#flashActionByCreditor` can be used to drain assets from account without withdrawing  ## Summary  `AccountV1#flashActionByCreditor` is designed to allow atomic flash actions moving funds from the `owner` of the account. By making the account own itself, these arbitrary calls can be used to transfer `ERC721` assets directly out of the account. The assets being transferred from the account will still show as deposited on the account allowing it to take out loans from credit"
137,Arcadia,95,Lending pools with ERC777 as an underlying asset can be drained,zzykxx,High; Duplicate; Sponsor Confirmed; Reward,"Liquidation, Interest Rate, Borrow Logic",zzykxx  high  # Lending pools with ERC777 as an underlying asset can be drained  ## Summary Lending pools that have an ERC777 token as an underlying asset can be drained via [LendingPool::flashAction()](https://github.com/sherlock-audit/2023-12-arcadia/blob/main/lending-v2/src/LendingPool.sol#L529).  ## Vulnerability Detail The function [LendingPool::flashAction()](https://github.com/sherlock-audit/2023-12-arcadia/blob/main/lending-v2/src/LendingPool.sol#L529) first mints debt shares to the acco
137,Arcadia,40,Lending pools that accept both ERC777 and UniswapV3 positions as collateral can be drained,zzykxx,High; Duplicate; Sponsor Confirmed; Reward,"Borrow Logic, Collateral, Deposit",zzykxx  high  # Lending pools that accept both ERC777 and UniswapV3 positions as collateral can be drained  ## Summary Depositing a fully compliant ERC777 token with a UniswapV3 position as collateral allows an attacker to steal funds and potentially drain the lending pools.  ## Vulnerability Detail The [AccountV1::deposit()](https://github.com/sherlock-audit/2023-12-arcadia/blob/main/accounts-v2/src/accounts/AccountV1.sol#L818) function allows to deposit multiple assets at once. It first execut
22,Isomorph,254,withdrawFromGauge : anyone can calll with value NFT id and take away funds,ak1,High; Duplicate; Reward,"Deposit, Withdraw","ak1  high  # withdrawFromGauge : anyone can calll with value NFT id and take away funds  ## Summary      function withdrawFromGauge(uint256 _NFTId, address[] memory _tokens)  public  {         uint256 amount = depositReceipt.pooledTokens(_NFTId);         depositReceipt.burn(_NFTId);         gauge.getReward(address(this), _tokens);         gauge.withdraw(amount);         //AMMToken adheres to ERC20 spec meaning it reverts on failure, no need to check return         //slither-disable-next-line unc"
22,Isomorph,228,Incorrect borrow margin calculation when increasing loan amount of Synth assets,libratus,High; Duplicate; Reward,"Interest Rate, Borrow Logic, Collateral","libratus  medium  # Incorrect borrow margin calculation when increasing loan amount of Synth assets  ## Summary When we increase loan amount by calling `openLoan` on an already existing loan for Synth vault type, borrow margin calculation is incorrect which may cause unintended revert.  ## Vulnerability Detail Borrow margin is calculated the following way: https://github.com/sherlock-audit/2022-11-isomorph/blob/main/contracts/Isomorph/contracts/Vault_Synths.sol#L120-L123  However, the use of `is"
22,Isomorph,221,AMM tokens can be stolen from Depositor,Jeiwan,High; Duplicate; Reward,"Deposit, Withdraw, Fund Theft","Jeiwan  high  # AMM tokens can be stolen from Depositor  ## Summary AMM tokens can be stolen from Depositor ## Vulnerability Detail The `partialWithdrawFromGauge`, `multiWithdrawFromGauge`, and `withdrawFromGauge` functions of Depositor lack the `onlyOwner` modifier, which allows anyone to call them. The Depositor manages DepositReceipt NFT tokens on behalf of its owner, thus it's expected that the owner will approve one or all (using the `setApprovalForAll` function) NFT tokens for the Deposito"
22,Isomorph,220,Debt miscalculation applies an increased interest rate to debts in the Synth vault,Jeiwan,High; Duplicate; Reward,"Interest Rate, Borrow Logic, Collateral","Jeiwan  high  # Debt miscalculation applies an increased interest rate to debts in the Synth vault  ## Summary Debt miscalculation applies an increased interest rate to debts in the Synth vault ## Vulnerability Detail The current debt of a borrower is miscalculated in the `openLoan` function of the Synth vault: the virtual price is applied to the entire principal, the interest accrued before the current loan was taken isn't subtracted ([Vault_Synths.sol#L120](https://github.com/sherlock-audit/20"
22,Isomorph,214,Changes in system parameters might hurt existing users,HonorLt,High; Duplicate; Sponsor Confirmed; Will Fix; Reward,"Liquidation, Collateral, Vault","HonorLt  medium  # Changes in system parameters might hurt existing users  ## Summary There are certain problems regarding the system parameters. An admin must be very careful when making parameter changes not to trigger certain problems. I have described a group of several potential problems below.  ## Vulnerability Detail  1. When the protocol is paused, users can't increase their collateral. And when it is unpaused later, their positions can be liquidated if the collateral value ha"
22,Isomorph,208,The calculation of totalUSDborrowed value is wrong in Vault Synths,caventa,High; Duplicate; Reward,"Interest Rate, Borrow Logic, Collateral",caventa  medium  # The calculation of totalUSDborrowed value is wrong in Vault Synths  ## Summary The calculation of totalUSDborrowed value is wrong in Vault Synths because of a typo.  ## Vulnerability Detail ```solidity uint256 totalUSDborrowed = _USDborrowed +  (isoUSDLoaned[_collateralAddress][msg.sender] * virtualPrice)/LOAN_SCALE; ```  should be changed to  ```solidity uint256 totalUSDborrowed = _USDborrowed +  (isoUSDLoanAndInterest[_collateralAddress][msg.sender] * virtualPrice)/LOAN_SCAL
22,Isomorph,201,Anyone can withdraw approved tokens from gauge,HonorLt,High; Duplicate; Reward,"Deposit, Withdraw, Front-running","HonorLt  high  # Anyone can withdraw approved tokens from gauge  ## Summary Permissionless ```Depositor``` functions are vulnerable when mandatory approval is given.  ## Vulnerability Detail When a user wants to withdraw from the gauge, approval must be given to the ```Depositor``` contract, because the ```Depositor``` calls ```depositReceipt``` to split or burn the NFT. ```depositReceipt``` contracts checks the caller: ```solidity   require(_isApprovedOrOwner(msg.sender, _NFTId), ""ERC721: calle"
22,Isomorph,161,User is unable to partially payback loan if they aren't able to post enough isoUSD to bring them back to minOpeningMargin,0x52,High; Sponsor Confirmed; Will Fix; Reward,"Liquidation, Reentrancy, Interest Rate",0x52  high  # User is unable to partially payback loan if they aren't able to post enough isoUSD to bring them back to minOpeningMargin  ## Summary  The only way for a user to reduce their debt is to call closeLoan. If the amount repaid does not bring the user back above minOpeningMargin then the transaction will revert. This is problematic for users that wish to repay their debt but don't have enough to get back to minOpeningMargin as it could lead to unfair liquidations.  ## Vulnerability Deta
22,Isomorph,159,In some cases a hundred tokens is a too large value to use for pricing liquidity,clems4ever,High; Duplicate; Sponsor Confirmed; Reward,"Liquidation, Deposit, Bad Debt","clems4ever  medium  # In some cases a hundred tokens is a too large value to use for pricing liquidity  ## Summary In `DepositReceipt_ETH.sol` and `DepositReceipt_USDC.sol` in `priceLiquidity` l:87: In some cases a hundred tokens is a large value (example wBTC: equivalent to 1M$), and would cause critical functionality to revert due to checks in `priceLiquidity`   https://github.com/sherlock-audit/2022-11-isomorph/blob/main/contracts/Velo-Deposit-Tokens/contracts/DepositReceipt_USDC.so"
22,Isomorph,144,Vault_Synths.openLoan: totalUSDborrowed calculated incorrectly,cccz,High; Duplicate; Reward,"Interest Rate, Borrow Logic, Collateral","cccz  high  # Vault_Synths.openLoan: totalUSDborrowed calculated incorrectly  ## Summary Vault_Synths.openLoan uses isoUSDLoaned instead of isoUSDLoanAndInterest to calculate totalUSDborrowed ## Vulnerability Detail In the openLoan function of the Vault_Synths contract, totalUSDborrowed represents the user's borrowing amount, which should include interest, but isoUSDLoaned is used instead of isoUSDLoanAndInterest to calculate totalUSDborrowed, resulting in a small calculated totalUSDborrowed, so"
22,Isomorph,143,partialWithdrawFromGauge() can steal other people's token,bin2chen,High; Duplicate; Reward,"Deposit, Withdraw, Fund Theft","bin2chen  high  # partialWithdrawFromGauge() can steal other people's token  ## Summary #Depositor.partialWithdrawFromGauge() does not verify that only the owner of NFT can call it, resulting in the ability to withdraw other people's tokens  ## Vulnerability Detail To be successfully call partialWithdrawFromGauge() you must first approve address(Depository.sol) e.g: ```solidity depositReceipt.connect(owner).approve(depositor.address, NFT_id);   //*** need approve first ***// depositor.connect(ow"
22,Isomorph,109,Lack of access control in withdrawFromGauge allows any user to steal collateral,neumo,High; Duplicate; Reward,"Collateral, Deposit, Withdraw","neumo  high  # Lack of access control in withdrawFromGauge allows any user to steal collateral  ## Summary Function `withdrawFromGauge` in `Depositor` contract transfers the `pooledTokens` associated to an `NFTId`. It does not have any kind of access control, so any user can pass any `NFTId` to the function and steal the collateral deposited by another user.  ## Vulnerability Detail When a user deposits through his Depositor contract by calling `depositToGauge`, it transfers to the gauge the amo"
22,Isomorph,95,"Owner won't be able to burn his NFTs and receive his AMM tokens back, duo to important missed check to ensure the NFTs burned were minted on this particular depositer contract.",CodingNameKiki,High; Reward; Escalation Resolved,"Deposit, Withdraw","CodingNameKiki  high  # Owner won't be able to burn his NFTs and receive his AMM tokens back, duo to important missed check to ensure the NFTs burned were minted on this particular depositer contract.  ## Summary Owner won't be able to burn his NFTs and receive his AMM tokens back, duo to important missed check to ensure the NFTs burned were minted on this particular depositer contract.  ## Vulnerability Detail Every user who calls the function `makeNewDepositor` in Templater.sol recei"
22,Isomorph,92,Malicious user can burn the approved NFTs to the depositer contract and successfully steal owner's AMM tokens.,CodingNameKiki,High; Duplicate; Reward,"Deposit, Withdraw, Fund Theft","CodingNameKiki  high  # Malicious user can burn the approved NFTs to the depositer contract and successfully steal owner's AMM tokens.  ## Summary Malicious user can burn the approved NFTs to the depositer contract and successfully steal owner's AMM tokens.  ## Vulnerability Detail The purpose of the depositer contract is simple, anyone who calls the function `makeNewDepositor` in Templater.sol receives a new depositer contract and gets the ownership of it. The owner can deposit to gauge, withdr"
22,Isomorph,86,Theft of rewards in Depositor.sol,clems4ever,High; Duplicate; Reward,"Deposit, Withdraw",clems4ever  high  # Theft of rewards in Depositor.sol  ## Summary  An anonymous user can withdraw rewards of a depositor.  ## Vulnerability Detail  `withdrawFromGauge` needs the NFT owner to approve the token to the depositor in order to withdraw rewards. But doing so allows a hacker to withdraw the rewards before the depositor does.  ## Impact  Theft of rewards  ## Code Snippet  https://github.com/sherlock-audit/2022-11-isomorph/blob/main/contracts/Velo-Deposit-Tokens/contracts/Depositor.sol#L1
22,Isomorph,85,The calculation of ````totalUSDborrowed```` in ````openLoan()```` is not correct,KingNFT,High; Has Duplicates; Sponsor Confirmed; Will Fix; Reward,"Interest Rate, Borrow Logic, Collateral",KingNFT  high  # The calculation of ````totalUSDborrowed```` in ````openLoan()```` is not correct  ## Summary The ````openLoan()```` function  wrongly use ````isoUSDLoaned```` to calculate ````totalUSDborrowed````. Attacker can exploit it to bypass security check and loan isoUSD with no enough collateral.  ## Vulnerability Detail vulnerability point ```solidity function openLoan(     // ...     ) external override whenNotPaused      {     //...     uint256 colInUSD = priceCollateralToUSD(currenc
22,Isomorph,78,Users who deposit Lyra LP as collateral will lose OP vault rewards,0x52,High; Sponsor Confirmed; Will Fix; Reward,"Collateral, Deposit, Fund Loss","0x52  high  # Users who deposit Lyra LP as collateral will lose OP vault rewards  ## Summary  Optimism currently offers yield farming opportunities for Lyra LPs, see [OP Reward Announcement](https://blog.lyra.finance/incentives-launch/). Every 2 weeks Lyra LPs split a claimable pool. When they use their Lyra LP as collateral, it is transferred to the Lyra vault which means that all OP will be instead claimable by the vault. The vault currently doesn't implement any method to claim or distribute "
22,Isomorph,72,Malicious user can DOS pool and avoid liquidation by creating secondary liquidity pool for Velodrome token pair,0x52,High; Sponsor Confirmed; Will Fix; Reward,"Liquidation, Deposit, DoS",0x52  high  # Malicious user can DOS pool and avoid liquidation by creating secondary liquidity pool for Velodrome token pair  ## Summary  For every Vault_Velo interaction the vault attempts to price the liquidity of the user. This calls priceLiquidity in the corresponding DepsoitReciept. The prices the underlying assets by swapping them through the Velodrome router. Velodrome can have both a stable and volatile pool for each asset pair. When calling the router directly it routes through the poo
22,Isomorph,69,Users are unable close or add to their Lyra vault positions when price is stale or circuit breaker is tripped,0x52,High; Has Duplicates; Will Fix; Reward,"Liquidation, Price Manipulation, Interest Rate",0x52  high  # Users are unable close or add to their Lyra vault positions when price is stale or circuit breaker is tripped  ## Summary  Users are unable close or add to their Lyra vault positions when price is stale or circuit breaker is tripped. This is problematic for a few reasons. First is that the circuit breaker can be tripped indefinitely which means their collateral could be frozen forever and they will be accumulating interest the entire time they are frozen. The second is that since t
22,Isomorph,68,isoUSDLoaned used instead of isoUSDLoanAndInterest in openLoan of Vault_Synths.sol,clems4ever,High; Duplicate; Sponsor Confirmed; Will Fix; Reward,"Interest Rate, Borrow Logic, Collateral","clems4ever  medium  # isoUSDLoaned used instead of isoUSDLoanAndInterest in openLoan of Vault_Synths.sol  ## Summary  The total amount of borrowed USD is wrongly computed in Vault_Synths.sol compared to other vaults.  Issue: https://github.com/sherlock-audit/2022-11-isomorph/blob/main/contracts/Isomorph/contracts/Vault_Synths.sol#L120  Working example: https://github.com/sherlock-audit/2022-11-isomorph/blob/main/contracts/Isomorph/contracts/Vault_Lyra.sol#L129  ## Vulnerability Det"
22,Isomorph,57,Outstanding loans cannot be closed or liquidated if collateral is paused,0x52,High; Has Duplicates; Sponsor Confirmed; Will Fix; Reward,"Liquidation, Collateral, Bad Debt","0x52  high  # Outstanding loans cannot be closed or liquidated if collateral is paused  ## Summary  When a collateral is paused by governance, `collateralValid` is set to false. This causes closing and liquidating of loans to be impossible, leading to two issues. The first is that users with exist loans are unable to close their loans to recover their collateral. The second is that since debt is impossible to liquidate the protocol could end up being stuck with a lot of bad debt.  ## Vulnerabili"
22,Isomorph,53,Depositor.sol: Allowing withdrawals when Depositor is approved is unsafe and can lead to loss of funds,HollaDieWaldfee,High; Duplicate; Reward,"Deposit, Withdraw, Fund Loss",HollaDieWaldfee  medium  # Depositor.sol: Allowing withdrawals when Depositor is approved is unsafe and can lead to loss of funds  ## Summary The `Depositor.withdrawFromGauge` function [https://github.com/sherlock-audit/2022-11-isomorph/blob/main/contracts/Velo-Deposit-Tokens/contracts/Depositor.sol#L119](https://github.com/sherlock-audit/2022-11-isomorph/blob/main/contracts/Velo-Deposit-Tokens/contracts/Depositor.sol#L119) is used to withdraw funds from the gauge by burning the deposit receipt 
22,Isomorph,51,User can steal rewards from other users by withdrawing their Velo Deposit NFTs from other users' depositors,0x52,High; Has Duplicates; Sponsor Confirmed; Will Fix; Reward,"Deposit, Withdraw, Fund Theft","0x52  high  # User can steal rewards from other users by withdrawing their Velo Deposit NFTs from other users' depositors  ## Summary  Rewards from staking AMM tokens accumulate to the depositor used to deposit them. The rewards accumulated by a depositor are passed to the owner when they claim. A malicious user to steal the rewards from other users by manipulating other users depositors. Since any NFT of a DepositReceipt can be withdrawn from any depositor with the same DepositReceipt, a malici"
22,Isomorph,47,Anyone can withdraw user's Velo Deposit NFT after approval is given to depositor,0x52,High; Has Duplicates; Sponsor Confirmed; Will Fix; Reward,"Deposit, Withdraw, Fund Theft","0x52  high  # Anyone can withdraw user's Velo Deposit NFT after approval is given to depositor  ## Summary  `Depositor#withdrawFromGauge` is a public function that can be called by anyone which transfers token to `msg.sender`. `withdrawFromGauge` burns the NFT to be withdrawn, which means that `Depositor` must either be approved or be in possession of the NFT. Since it doesn't transfer the NFT to the contract before burning the user must either send the NFT to the `Depositor` or `approve` the `D"
22,Isomorph,46,Swapping 100 tokens in DepositReceipt_ETH and DepositReciept_USDC breaks usage of WBTC LP and other high value tokens,0x52,High; Has Duplicates; Sponsor Confirmed; Will Fix; Reward,"Liquidation, Flash Loan, Collateral",0x52  high  # Swapping 100 tokens in DepositReceipt_ETH and DepositReciept_USDC breaks usage of WBTC LP and other high value tokens  ## Summary  DepositReceipt_ETH and DepositReciept_USDC checks the value of liquidity by swapping 100 tokens through the swap router. WBTC is a good example of a token that will likely never work as LP due to the massive value of swapping 100 WBTC. This makes DepositReceipt_ETH and DepositReciept_USDC revert during slippage checks after calculating amount out. As of
22,Isomorph,44,Anyone can steal `AMMToken` from **Depositer** contract,rotcivegaf,High; Duplicate; Reward,"Deposit, Withdraw, Fund Theft","rotcivegaf  high  # Anyone can steal `AMMToken` from **Depositer** contract  ## Summary  With the function `withdrawFromGauge` an attacker can steal `AMMToken` funds of the **Depositer** contract and burn the **DepositReceipt_USDC** ERC721 token of the owner  ## Vulnerability Detail  When a normal user deploy a **Depositor** contract and deposit with `depositToGauge`, the contract creates a NFT to manage the deposit The function `withdrawFromGauge` is used to burn this NFT and take the rewards f"
22,Isomorph,43,Depositor.sol: Funds can be withdrawn from any Depositor contract leading to loss of rewards and funds,HollaDieWaldfee,High; Duplicate; Sponsor Confirmed; Will Fix; Reward; Escalation Resolved,"Deposit, Withdraw, Fund Loss","HollaDieWaldfee  high  # Depositor.sol: Funds can be withdrawn from any Depositor contract leading to loss of rewards and funds  ## Summary For one `DepositReceipt` contract (`DepositReceipt_USDC` or `DepositReceipt_ETH`), users can create `Depositor` contracts using the `Templater` contract. One `Depositor` contract belongs to a specific address that is the owner of the `Depositor` contract. Only the owner of the `Depositor` contract can call the `Depositor.depositToGauge` function. "
22,Isomorph,37,Vault_Lyra doesn't allow to close loan if Lyra collateral is not active and accrues more fees,rvierdiiev,High; Duplicate; Reward,"Interest Rate, Borrow Logic, Collateral","rvierdiiev  high  # Vault_Lyra doesn't allow to close loan if Lyra collateral is not active and accrues more fees  ## Summary If Lyra collateral asset is not active then Vault_Lyra will not allow for borrower to close his loan and will continue accumulate fees for him. ## Vulnerability Detail Vault_Lyra.closeLoan allows user to repay his loan. One of the checking that it makes is check if Lyra collateral asset [is active](https://github.com/sherlock-audit/2022-11-isomorph/blob/main/cont"
22,Isomorph,18,Vault_Synths: false calculation of USD debt allows under-collateralized loans,HollaDieWaldfee,High; Duplicate; Reward,"Liquidation, Interest Rate, Borrow Logic",HollaDieWaldfee  high  # Vault_Synths: false calculation of USD debt allows under-collateralized loans  ## Summary The `Vault_Synths.openLoan` function has a flaw that causes the total amount of USD borrowed to be calculated incorrectly. This in turn causes the `borrowMargin` to be calculated incorrectly.  The issue lies in line 120 in `Vault_Synths.sol`:  [https://github.com/sherlock-audit/2022-11-isomorph/blob/main/contracts/Isomorph/contracts/Vault_Synths.sol#L120](https://github.com/sherlock
22,Isomorph,12,The variable `totalUSDborrowed` is wrongly calculated in the function openLoan in Vault_Synths. Users who want to increase their loans will receive less isoUSD.,CodingNameKiki,High; Duplicate; Reward,"Interest Rate, Borrow Logic, Collateral","CodingNameKiki  high  # The variable `totalUSDborrowed` is wrongly calculated in the function openLoan in Vault_Synths. Users who want to increase their loans will receive less isoUSD.  ## Summary The variable `totalUSDborrowed` is wrongly calculated in the function openLoan in Vault_Synths.  Users who want to increase their loans will receive less isoUSD.  ## Vulnerability Detail In the function `openLoan()`, the variable `totalUSDborrowed` is wrongly calculated. With the issue occurring here, "
32,Ajna,183,RewardsManager doesn't delete old bucket snapshot info on unstaking,hyh,High; Will Fix; Reward,"Exchange Rate, Interest Rate, Deposit","hyh  high  # RewardsManager doesn't delete old bucket snapshot info on unstaking  ## Summary  RewardsManager's unstake() use `delete stakes[tokenId_]` to clear old stake state, but `snapshot` is the nested mapping in the `StakeInfo` structure and will not be reset this way as delete operation do not traverse through nested mappings as it lacks key set information.  ## Vulnerability Detail  `stakes[tokenId_]` gets written on staking and `mapping(uint256 => BucketState) snapshot` is written for th"
32,Ajna,145,Anyone who approved quote tokens to a pool can be forced to take,Jeiwan,High; Will Fix; Reward,"Liquidation, Collateral",Jeiwan  high  # Anyone who approved quote tokens to a pool can be forced to take  ## Summary Taking may be executed on behalf of any address who approved spending of quote tokens to a pool: such address will pay quote tokens and will receive collateral. ## Vulnerability Detail [ERC20Pool](https://github.com/sherlock-audit/2023-01-ajna/blob/main/contracts/src/ERC20Pool.sol#L403) and [ERC721Pool](https://github.com/sherlock-audit/2023-01-ajna/blob/main/contracts/src/ERC721Pool.sol#L405) implement 
32,Ajna,142,Missing bankruptcy detection when removing NFT collateral lets bad debt accumulate,Jeiwan,High; Duplicate; Reward,"Collateral, Deposit, Fund Loss","Jeiwan  high  # Missing bankruptcy detection when removing NFT collateral lets bad debt accumulate  ## Summary When removing NFT collateral from an ERC721 pool, there's no detection whether the pool is bankrupt after the removal. As a result, the outstanding balance of LP tokens may be added to new deposits or moved to a different bucket. When added to new deposits, it may be redeemed for the newly deposited funds, causing a loss of funds for the depositors. When moved to a different bucket, it "
32,Ajna,140,CryptoPunks NFTs may be stolen via deposit frontrunning,Jeiwan,High; Will Fix; Reward,"Collateral, Deposit, Withdraw","Jeiwan  high  # CryptoPunks NFTs may be stolen via deposit frontrunning  ## Summary Depositing of CryptoPunks NFTs may be front run, a malicious actor may deposit someone else's CryptoPunks NFT. ## Vulnerability Detail Due to the CryptoPunks NFT collection not implementing the ERC721 standard, depositing of CryptoPunks NFTs is implemented via a direct sale: 1. token owner needs to call [offerPunkForSaleToAddress](https://etherscan.io/address/0xb47e3cd837ddf8e4c57f05d70ab865de6e193bbb#code) and s"
32,Ajna,139,scaledQuoteTokenAmount isn't updated to be collateral sell value in the quote token constraint case of _calculateTakeFlowsAndBondChange,hyh,High; Will Fix; Reward,"Borrow Logic, Collateral, Deposit","hyh  high  # scaledQuoteTokenAmount isn't updated to be collateral sell value in the quote token constraint case of _calculateTakeFlowsAndBondChange  ## Summary  `scaledQuoteTokenAmount` isn't `C * p`, but `C * p * (1 - BFP)` for quote token amount constraint case of _calculateTakeFlowsAndBondChange().  ## Vulnerability Detail  First case of the _calculateTakeFlowsAndBondChange() logic needs to use `scaledQuoteTokenAmount` in two steps, first as a constraint, then as a total collateral value. Th"
32,Ajna,133,removeCollateral miss bankrupcy logic and can make future LPs sharing losses with the current ones,hyh,High; Has Duplicates; Will Fix; Reward,"Collateral, Deposit, Insolvency","hyh  high  # removeCollateral miss bankrupcy logic and can make future LPs sharing losses with the current ones  ## Summary  LenderActions' removeCollateral() do not checks for bucket solvency after it has removed a collateral from there. This can lead to losses for future depositors of the bucket.  ## Vulnerability Detail  Bankrupcy check logic now exist in all asset removing functions. That prevent a situation when a bucket defaults, but next LP deposit makes in solvent again and next LP share"
32,Ajna,119,Executing funded standard proposals can be prevented by a proposal slate with duplicate proposals,berndartmueller,High; Will Fix; Reward,Other,"berndartmueller  high  # Executing funded standard proposals can be prevented by a proposal slate with duplicate proposals  ## Summary  Anyone can propose a slate of standard proposals to be funded in a distribution period with the `StandardFunding.checkSlate` function. The proposal slate can contain duplicate proposal ids, which, if the slate is the top slate, can be used to prevent a standard proposal from being executed (funded).  ## Vulnerability Detail  A funded standard proposal is execute"
32,Ajna,105,ERC721Pool's mergeOrRemoveCollateral allows to remove collateral while auction is clearable,hyh,High; Will Fix; Reward,"Liquidation, Interest Rate, Borrow Logic","hyh  high  # ERC721Pool's mergeOrRemoveCollateral allows to remove collateral while auction is clearable  ## Summary  User facing mergeOrRemoveCollateral() can effectively remove collateral, but lacks _revertIfAuctionClearable() check, i.e. allows to remove it while auction wasn't cleared.  ## Vulnerability Detail  mergeOrRemoveCollateral() can remove collateral funds from the pool with _transferFromPoolToAddress() when the amount requested has been merged. As settling the auction can alter the "
32,Ajna,103,Remaining collateral used by ERC721Pool is missed in Auctions take and bucketTake return structures,hyh,High; Will Fix; Reward,"Interest Rate, Borrow Logic, Collateral",hyh  high  # Remaining collateral used by ERC721Pool is missed in Auctions take and bucketTake return structures  ## Summary  ERC721Pool's take() and bucketTake() use remaining collateral variable to adjust borrower's collateral ids array after their debt is settled in an auction. In both cases this variable isn't initialized in Auctions's take() and bucketTake() and all collateral of the borrower ends up being frozen in the pool.  ## Vulnerability Detail  Being run with uninitialized zero `resu
32,Ajna,89,A bucket can go bankrupt without the bankruptcy time being updated,yixxas,High; Duplicate; Reward,"Collateral, Deposit","yixxas  high  # A bucket can go bankrupt without the bankruptcy time being updated  ## Summary When `bucketCollateral == 0 && bucketDeposit == 0 && bucketLPs != 0`, the bucket should be declared bankrupt, and `bucket.lps` set to 0, however, this is not check upon in `removeCollateral()`.  ## Vulnerability Detail `removeCollateral()` can be used to remove all collaterals from a bucket. This is used for ERC721 pools. On the other hand, `removeMaxCollateral()` is used for ERC20 pools and can also b"
32,Ajna,83,`moveQuoteToken()` can cause bucket to go bankrupt but it is not reflected in the accounting,yixxas,High; Escalation Resolved; Reward,"Collateral, Deposit","yixxas  high  # `moveQuoteToken()` can cause bucket to go bankrupt but it is not reflected in the accounting  ## Summary Both `removeQuoteToken()` and `moveQuoteToken()` can be used to completely remove all quote tokens from a bucket. When this happens, if at the same time `bucketCollateral == 0 && lpsRemaining != 0`, then the bucket should be declared bankrupt. This update is done in `removeQuoteToken()` but not in `moveQuoteToken()`.  ## Vulnerability Detail `removeQuoteToken()` has "
32,Ajna,68,ERC721Pool's take will proceed with truncated collateral amount and full debt when borrower's collateral is fractional,hyh,High; Will Fix; Reward,"Interest Rate, Borrow Logic, Collateral","hyh  high  # ERC721Pool's take will proceed with truncated collateral amount and full debt when borrower's collateral is fractional  ## Summary  Caller of take() can end up paying the debt corresponding to the fractional ERC721 collateral of a borrower, but receiving only truncated part of the this collateral in return (paying the debt for `1.9`, receiving `1.0`), with the borrower keeping the remainder.  ## Vulnerability Detail  Fractional part of ERC721 collateral is gifted to the borrower in "
32,Ajna,39,The deposit / withdraw / trade transaction lack of expiration timestamp check and slippage control,ctf_sec,High; Will Fix; Reward,"Liquidation, Interest Rate, Borrow Logic",ctf_sec  high  # The deposit / withdraw / trade transaction lack of expiration timestamp check and slippage control  ## Summary  The deposit / withdraw / trade transaction lack of expiration timestamp and slippage control  ## Vulnerability Detail  Let us look into the heavily forked Uniswap V2 contract addLiquidity function implementation  https://github.com/Uniswap/v2-periphery/blob/0335e8f7e1bd1e8d8329fd300aea2ef2f36dd19f/contracts/UniswapV2Router02.sol#L61  ```solidity // **** ADD LIQUIDITY *
75,Ajna Update,110,Debt write off can be prohibited by HPB depositor by continuously allocating settlement blocking dust deposits in the higher buckets,hyh,High; Sponsor Confirmed; Will Fix; Reward,"Liquidation, Interest Rate, Borrow Logic","hyh  high  # Debt write off can be prohibited by HPB depositor by continuously allocating settlement blocking dust deposits in the higher buckets  ## Summary  High price bucket depositor who faces bad debt settlement can add multiple dust quote token deposits to many higher price buckets and stale settlement.  ## Vulnerability Detail  HPB depositor have incentives to and actually can defend themselves from using their deposits in bad debt write offs by doing multiple dust quote token"
75,Ajna Update,108,The kick function uses outdated LUP to update Interest State,Chinmay,High; Duplicate; Reward,"Interest Rate, Borrow Logic, Deposit","Chinmay  medium  # The kick function uses outdated LUP to update Interest State  ## Summary The ```kick function``` in ```Pool.sol``` updates interest rates etc. via the ```_updateInterestState``` function using the LUP from the ```KickResult``` struct. But unlike the other functions in ```Pool.sol``` that use ```_updateInterestState``` function, kick uses an outdated value of LUP for the calculations.   ## Vulnerability Detail  Every major function in Pool.sol calls ```PoolCommons.updateInteres"
75,Ajna Update,107,"LUP is not recalculated after adding kicking penalty to pool's debt, so kick() updates the pool state with an outdated LUP",hyh,High; Has Duplicates; Sponsor Confirmed; Will Fix; Reward,"Interest Rate, Borrow Logic, Collateral","hyh  high  # LUP is not recalculated after adding kicking penalty to pool's debt, so kick() updates the pool state with an outdated LUP  ## Summary  _kick() first calculates LUP, then adds kicking penalty, so the LUP returned without recalculation doesn't include the penalty and this way is outdated whenever it is not zero.  ## Vulnerability Detail  kick() and kickWithDeposit() (when deposit doesn't have any excess over the needed bond) returns _kick() calculated LUP, which is generally higher t"
75,Ajna Update,106,"Settlement can be called when auction period isn't concluded, allowing HPB depositors to game bad debt settlements",hyh,High; Sponsor Confirmed; Will Fix; Reward,"Liquidation, Borrow Logic, Collateral","hyh  medium  # Settlement can be called when auction period isn't concluded, allowing HPB depositors to game bad debt settlements  ## Summary  The end of auction period is included to it across the logic, but settlePoolDebt() treats the last moment as if it is beyond the period.  ## Vulnerability Detail  In settlePoolDebt() SettlerActions.sol#L113 the end of period control do not revert at `block.timestamp == kickTime + 72 hours`, allowing to run the settlement at the very last moment of the per"
75,Ajna Update,87,"moveQuoteToken updates pool state using intermediary LUP, biasing pool's interest rate calculations",hyh,High; Sponsor Confirmed; Will Fix; Reward,"Interest Rate, Collateral, Deposit","hyh  high  # moveQuoteToken updates pool state using intermediary LUP, biasing pool's interest rate calculations  ## Summary  In LenderActions's moveQuoteToken() LUP is being evaluated after liquidity removal, but before liquidity addition. This intermediary LUP doesn't correspond to the final state of the pool, but is returned as if it does, leading to a bias in pool target utilization and interest rate calculations.  ## Vulnerability Detail  moveQuoteToken() calculates LUP after deposit remova"
75,Ajna Update,86,kickWithDeposit removes the deposit without HTP pool state check,hyh,High; Sponsor Confirmed; Will Fix; Reward,"Liquidation, Interest Rate, Borrow Logic","hyh  high  # kickWithDeposit removes the deposit without HTP pool state check  ## Summary  In order to cover kick bond KickerActions kickWithDeposit() removes the deposit from the pool, but misses the `new_LUP >= HTP` check, allowing for the invariant breaking state.   ## Vulnerability Detail  Every deposit removal in the protocol comes with the `LUP >= HTP` final state check, that ensures that active loans aren't eligible for liquidation (Ajna white paper `4.1 Deposit`).  kickWithDeposit() can "
75,Ajna Update,82,Pool's kickWithDeposit misses liquidation debt check,hyh,High; Sponsor Confirmed; Will Fix; Reward,"Liquidation, Interest Rate, Borrow Logic","hyh  high  # Pool's kickWithDeposit misses liquidation debt check  ## Summary  _revertIfAuctionDebtLocked() is missed in kickWithDeposit() function, that can actually remove deposit from anywhere, including HPB that are frozen by liquidation debt accumulator.  ## Vulnerability Detail  The inability to remove quote token deposit that is placed high enough to be covered by liquidation debt accumulator is a part of system design (see `7.5 Liquidation Debt` of Ajna protocol white paper).  The corres"
114,Ajna #2,71,Reserves can be stolen by settling artificially created bad debt from them,hyh,High; Sponsor Confirmed; Will Fix; Escalation Resolved; Reward,"Borrow Logic, Collateral, Deposit","hyh  high  # Reserves can be stolen by settling artificially created bad debt from them ## Summary  It is possible to inflate LUP and pull almost all the collateral from the loan, then settle this artificial bad debt off reserves, stealing all of them by repeating the attack.  ## Vulnerability Detail  LUP is determined just in time of the execution, but `removeQuoteToken()` will check for `LUP > HTP = Loans.getMax(loans).thresholdPrice`, so the attack need to circumvent this.   Attacker acts via"
114,Ajna #2,69,"Subsequent takes increase next kicker reward, allowing total kicker reward to be artificially amplified by splitting take into a batch",hyh,High; Sponsor Disputed; Will Fix; Escalation Resolved; Reward,"Borrow Logic, Collateral","hyh  high  # Subsequent takes increase next kicker reward, allowing total kicker reward to be artificially amplified by splitting take into a batch ## Summary  Kicker reward is being determined as a proportion of auction price to neutral price (NP) distance to the distance between NP and threshold price (TP). The latter is determined on the fly, with the current debt and collateral, and in the presence of take penalty, actually rises with every take.  This way for any taker it will be profitable"
247,Exactly Protocol,161,"`unassignedEarnings` of each maturity doesn't change after liquidation, resulting in the attacker being able to cheat and steal the yield from maturities",Trumpero,High; Duplicate; Reward,"Liquidation, Interest Rate, Borrow Logic","Trumpero  medium  # `unassignedEarnings` of each maturity doesn't change after liquidation, resulting in the attacker being able to cheat and steal the yield from maturities  ## Summary In the Market contract, the `liquidate()` function reduces the debt of each maturity but does not reduce `unassignedEarnings`. This allows an attacker to cheat and steal the yield from the maturities. A similar problem can be found in `clearBadDebt()` function. ## Vulnerability Detail * In the `liquidate()` funct"
247,Exactly Protocol,148,`Market` is vulnerable to inflation attacks,0x73696d616f,High; Duplicate; Reward,"Interest Rate, Borrow Logic, Deposit","0x73696d616f  medium  # `Market` is vulnerable to inflation attacks  ## Summary  `Market` is vulnerable to inflation attacks occur when the market has no liquidity and an attacker deposits 1 share, donates significant assets and steals the next deposits due to rounding.  ## Vulnerability Detail  `Market` uses the `ERC4626` standard by importing the [Solmate](https://github.com/transmissions11/solmate/blob/main/src/tokens/ERC4626.sol) dependency. The inflation attack is well known and is executed"
247,Exactly Protocol,128,`unassignedEarnings` in a fixed pool may become inaccessible,00xSEV,High; Duplicate; Reward,"Liquidation, Interest Rate, Borrow Logic","00xSEV  medium  # `unassignedEarnings` in a fixed pool may become inaccessible  ## Summary When the last borrower in a fixed pool is liquidated and no one deposits afterward, all the `unassignedEarnings` in the pool will be locked.  ## Vulnerability Details During the `liquidate` operation of a position in an immature pool, `pool.unassignedEarnings` are only reduced to a value corresponding to `block.timestamp`. [accrueEarnings](https://github.com/sherlock-audit/2024-04-interest-rate-model/blob/"
247,Exactly Protocol,119,"When the borrower is liquidated, there will be some funds untracked in the market.",ether_sky,High; Duplicate; Reward,"Liquidation, Interest Rate, Borrow Logic","ether_sky  medium  # When the borrower is liquidated, there will be some funds untracked in the market.  ## Summary In the `market`, all `funds` should be tracked accurately, whether they are currently held, `borrowed` by `borrowers`, or repaid in the future. To ensure this, the `market` has a sophisticated tracking system that functions effectively. However, there will be some funds left untracked in the `market` when the `borrower` of the `maturity pool` is liquidated before `maturity`. ## Vul"
247,Exactly Protocol,114,Unassigned pool earnings can be stolen when a maturity borrow is liquidated by depositing at maturity with 1 principal,0x73696d616f,High; Has Duplicates; Sponsor Confirmed; Will Fix; Reward,"Liquidation, Interest Rate, Borrow Logic","0x73696d616f  high  # Unassigned pool earnings can be stolen when a maturity borrow is liquidated by depositing at maturity with 1 principal  ## Summary  When a borrowed maturity is liquidated, `canDiscount` in `Market::noTransferRepayAtMaturity()` is `false`, which ignores the unassigned earnings. Thus, an attacker may borrow and deposit at maturity with a principal of 1 and get all these unassigned rewards.  ## Vulnerability Detail  On `Market::liquidate()`, borrowed maturities will be liquida"
247,Exactly Protocol,41,The Rounding Done in Protocol's Favor Can Be Weaponized to Drain the Protocol,kankodu,High; Has Duplicates; Sponsor Confirmed; Won't Fix; Escalation Resolved; Reward,"Interest Rate, Borrow Logic, Collateral","kankodu  high  # The Rounding Done in Protocol's Favor Can Be Weaponized to Drain the Protocol  ## Summary - When the totalSupply of a market is 0, an attacker can take advantage of #1 and #2 to drain the entire protocol.  ## Vulnerability Detail - The attacker inflates the value of 1 share to a large value, making it sufficient to borrow all the borrowable assets using stealth donation as described in #1 using the original account. - They create a throwAway account and mint 1 wei of share to th"
247,Exactly Protocol,37,First Depositor Attack,santipu_,High; Duplicate; Reward,"Interest Rate, Borrow Logic, Deposit","santipu_  high  # First Depositor Attack  ## Summary  The first depositor of a market can steal part of the funds deposited by the next users.   ## Vulnerability Detail  A malicious user can perform a donation to execute a classic first depositor/ERC4626 inflation Attack against the new Exactly markets. The general process of this attack is well-known, and a detailed explanation of this attack can be found in many of the resources such as the following:  - https://blog.openzeppelin.com/a-novel-d"
247,Exactly Protocol,35,Inflation Attack through stealth donation,kankodu,High; Duplicate; Reward,"Interest Rate, Borrow Logic, Deposit",kankodu  high  # Inflation Attack through stealth donation  ## Summary - Inflation Attack is possible even though balances are kept track of internally  ## Vulnerability Detail - Where: All Markets - When: totalSupply() of a market is zero. This can happen at the start of the market or when a market becomes less popular at the end of it's life cycle.  - Description:     - When totalSupply() of a market is zero an attacker goes ahead and executes the following steps         - deposit a few assets
11,Union Finance,133,repayBorrow is inaccessible by overdue borrowers,hyh,High; Has Duplicates; Sponsor Confirmed,"Interest Rate, Borrow Logic","hyh  high  # repayBorrow is inaccessible by overdue borrowers  ## Summary  User facing UToken's `repayBorrow() -> _repayBorrowFresh()` will be reverted when borrower is overdue, making it permanently impossible to pay the debt within the system.  ## Vulnerability Detail  UToken's _repayBorrowFresh() will attempt to update frozen info when borrower is overdue, but the corresponding function of UserManager, updateFrozenInfo(), is `onlyComptroller`, so the call will be reverted.  As repayBorrow() w"
11,Union Finance,74,Staker rewards can be gathered with maximal multiplier no matter how borrowers are overdue,hyh,High; Has Duplicates; Sponsor Confirmed,"Interest Rate, Borrow Logic, Withdraw","hyh  high  # Staker rewards can be gathered with maximal multiplier no matter how borrowers are overdue  ## Summary  Frozen coin age of an account is based on the `vouch.lastUpdated`, which is set to the current block not only on initial borrowing and debt full interest payment or notional repayment, but also on any repetitive borrowing from a vouch.  Using this a staker can collude with their borrowers, asking them to borrow a minimal amount, so staker's `memberTotalFrozen` end up being zero an"
170,Tapioca,149,`totalBorrow.elastic` and `totalBorrow.base` aren't updated in BB and SGL regular liquidations,hyh,High; Duplicate; Reward,"Liquidation, Borrow Logic, Collateral","hyh  high  # `totalBorrow.elastic` and `totalBorrow.base` aren't updated in BB and SGL regular liquidations  ## Summary  `totalBorrow.elastic` and `totalBorrow.base` aren't updated on regular liquidations in BB and SGLLiquidation.  ## Vulnerability Detail  `totalBorrow.elastic` and `totalBorrow.base` has to be updated on debt change, but they aren't.  ## Impact  Severe accounting mismatch leads to protocol-wide losses for the users.  ## Code Snippet  `totalBorrow.elastic` and `totalBorrow.base` "
170,Tapioca,148,Liquidation fees are permanently frozen on Penrose YB account,hyh,High; Has Duplicates; Sponsor Confirmed; Will Fix; Reward,"Liquidation, Interest Rate, Borrow Logic","hyh  high  # Liquidation fees are permanently frozen on Penrose YB account  ## Summary  There is no treatment of liquidation fees in SGL, they are frozen on Penrose YB account.  ## Vulnerability Detail  There are 3 kinds of fees, borrow/interest and liquidation ones. The latter miss the handling logic, so such funds are accumulated and frozen.  ## Impact  Protocol-wide loss of funds, which othwerwise would be channelled to stakers.  ## Code Snippet  Interest fees are accumulated in the `accrueIn"
170,Tapioca,140,Pending allowances can be exploited,GiuseppeDeLaZara,High; Has Duplicates; Sponsor Disputed; Will Fix; Escalation Resolved; Reward,"Borrow Logic, Collateral, Deposit","GiuseppeDeLaZara  high  # Pending allowances can be exploited  ## Summary  Pending allowances can be exploited in multiple places in the codebase.  ## Vulnerability Detail  [`TOFT::marketRemoveCollateralReceiver`](https://github.com/sherlock-audit/2024-02-tapioca/blob/dc2464f420927409a67763de6ec60fe5c028ab0e/TapiocaZ/contracts/tOFT/modules/TOFTMarketReceiverModule.sol#L161) has the following flow:  - It calls `removeCollateral` ona a market with the following parameters: `from = msg_user`, `to ="
170,Tapioca,136,Nesting remote transfer messages to steal tokens,ComposableSecurity,High; Duplicate; Sponsor Disputed; Won't Fix; Reward,Fund Theft,"ComposableSecurity  high  # Nesting remote transfer messages to steal tokens  ## Summary  The user can use a nested `MSG_REMOTE_TRANSFER` message in a valid `MSG_REMOTE_TRANSFER` to execute back the remote transfer as the owner of tokens (stealing their tokens). Additionally, the allowance check can be easily bypassed so the attacker can make an unauthorized cross-transfer of any supported token belonging to any user (victim).  ## Vulnerability Detail  Tapioca allows to execute a cro"
170,Tapioca,135,OFT can be impersonated through `_lzCompose` with multiple compose messages,ComposableSecurity,High; Duplicate; Escalation Resolved; Reward,Other,"ComposableSecurity  high  # OFT can be impersonated through `_lzCompose` with multiple compose messages  ## Summary  The [`_lzCompose`](https://github.com/sherlock-audit/2024-02-tapioca/blob/main/Tapioca-bar/gitmodule/tapioca-periph/contracts/tapiocaOmnichainEngine/TapiocaOmnichainReceiver.sol#L146) function in `TapiocaOmnichainReceiver` contract handles the cross-chain messages retrieved from different chains. The first parameter `srcChainSender_` represents the sender of the message on"
170,Tapioca,134,Unprotected `executeModule` function allows to steal the tokens,ComposableSecurity,High; Has Duplicates; Sponsor Confirmed; Won't Fix; Reward,"Collateral, Deposit, Withdraw",ComposableSecurity  high  # Unprotected `executeModule` function allows to steal the tokens  ## Summary  The `executeModule` function allows anyone to execute any module with any params. That allows attacker to execute operations on behalf of other users.  ## Vulnerability Detail  Here is the `executeModule` function:  https://github.com/sherlock-audit/2024-02-tapioca/blob/main/Tapioca-bar/contracts/usdo/Usdo.sol#L152-L159  All its parameters are controlled by the caller and anyone can be the ca
170,Tapioca,133,TOFT can be forcefully unwrapped resulting in long-term DoS,GiuseppeDeLaZara,High; Duplicate; Reward,"Collateral, DoS","GiuseppeDeLaZara  high  # TOFT can be forcefully unwrapped resulting in long-term DoS  ## Summary [`TOFTGenericModule::receiveWithParamsReceiver`](https://github.com/sherlock-audit/2024-02-tapioca/blob/dc2464f420927409a67763de6ec60fe5c028ab0e/TapiocaZ/contracts/tOFT/modules/TOFTGenericReceiverModule.sol#L47) function can be abused to wipe out anyone's allowance of the TOFT token. At the same time, it unwraps the TOFT. As a result, the allowance mechanism is broken and there is no point i"
170,Tapioca,130,TOFTOptionsReceiverModule will have the user lose the whole output TAP when requested to exercise all eligible options,hyh,High; Has Duplicates; Sponsor Confirmed; Will Fix; Reward,"Oracle, Withdraw, Reentrancy","hyh  high  # TOFTOptionsReceiverModule will have the user lose the whole output TAP when requested to exercise all eligible options  ## Summary  TOFTOptionsReceiverModule's `exerciseOptionsReceiver()` will execute successfully, but lose (freeze permanently) all the output TAP amount of the user if being run with zero TAP amount (`_options.tapAmount`), which is valid use case of TapiocaOptionBroker's `exerciseOption()`, corresponding to the full position exercise.  ## Vulnerability Detail  Specif"
170,Tapioca,121,Wrong usage of Stargate’s ETH router in balancer enables attackers to steal all bridged  native funds,0xadrii,High; Duplicate; Escalation Resolved; Reward,"Deposit, Withdraw, Reentrancy","0xadrii  high  # Wrong usage of Stargate’s ETH router in balancer enables attackers to steal all bridged  native funds  ## Summary  Using Stargate's ETH router will break rebalancing interactions when bridging native assets, making it possible for attackers to steal the native bridged funds.  ## Vulnerability Detail  Tapioca employs a rebalancer contract that constantly reweights the backing of mtOFT's across the mtOFT's supported networks using Stargate. When a `rebalance()` is triggered, the `"
170,Tapioca,113,Recursive _lzCompose() call can be leveraged to steal all generated USDO fees,0xadrii,High; Has Duplicates; Escalation Resolved; Reward,"Flash Loan, Borrow Logic, Fund Drain","0xadrii  high  # Recursive _lzCompose() call can be leveraged to steal all generated USDO fees  ## Summary  It is possible to steal all generated USDO fees by leveraging the recursive _lzCompose() call triggered in compose calls.  ## Vulnerability Detail  The `USDOFlashloanHelper` contract allows users to take USDO flash loans. When a user takes a flash loan some fees will be enforced and transferred to the USDO contract:  ```solidity // USDOFlashloanHelper.sol function flashLoan"
170,Tapioca,111,Wrong parameter in remote transfer makes it possible to steal all USDO balance from users,0xadrii,High; Has Duplicates; Sponsor Confirmed; Will Fix; Reward,"Fund Drain, Fund Theft","0xadrii  high  # Wrong parameter in remote transfer makes it possible to steal all USDO balance from users  ## Summary Setting a wrong parameter when performing remote transfers enables an attack flow where USDO can be stolen from users.  ## Vulnerability Detail  The following bug describes a way to leverage  Tapioca’s remote transfers in order to drain any user’s USDO balance. Before diving into the issue, a bit of background regarding compose calls is required in order to properly understand t"
170,Tapioca,110,exerciseOptionsReceiver() user can send dangerous compose across-chain as _options.from,bin2chen,High; Duplicate; Reward,Other,"bin2chen  high  # exerciseOptionsReceiver() user can send dangerous compose across-chain as _options.from  ## Summary An important security guarantee for the `lzCompose` mechanism is that `srcChainSender` can guarantee that it is called by users themselves. However, ` exercisoptionsreceiver () `->` _sendpacket ()` can specify ` _options.from` as ` srcChainSender` for remote call. This gives users beyond the original authorization to execute other methods in other chains as ` _options.from`.  ## "
170,Tapioca,109,Multiple lzCompose messages did not verify the legality of _srcChainSender,bin2chen,High; Duplicate; Sponsor Confirmed; Will Fix; Reward,"Collateral, Front-running","bin2chen  high  # Multiple lzCompose messages did not verify the legality of _srcChainSender  ## Summary In the current protocol, several modules only require the `_toeComposeMsg` to execute. However, there is no validation of the legality of `_srcChainSender`.  As a result, anyone can construct a `_toeComposeMsg` to execute arbitrary `lzCompose` information.  ## Vulnerability Detail  Let's take `TOFTMarketReceiverModule.marketRemoveCollateralReceiver` as an example.  This module's "
170,Tapioca,102,"exerciseOptionsReceiver() Lack of Ownership Check for oTAP, Allowing Anyone to Use oTAPTokenID",bin2chen,High; Sponsor Confirmed; Will Fix; Reward,Front-running,"bin2chen  high  # exerciseOptionsReceiver() Lack of Ownership Check for oTAP, Allowing Anyone to Use oTAPTokenID  ## Summary In `UsdoOptionReceiverModule.exerciseOptionsReceiver()`: For this method to execute successfully, the `owner` of the `oTAPTokenID` needs to approve it to `address(usdo)`. Once approved, anyone can front-run execute `exerciseOptionsReceiver()` and utilize this authorization.  ## Vulnerability Detail In `USDO.lzCompose()`, it is possible to specify `_msgType == MSG_TAP_EXERC"
170,Tapioca,93,leverageUpReceiver() Missing Security Check for msg_.marketHelper,bin2chen,High; Duplicate; Reward,"Borrow Logic, Collateral",bin2chen  high  # leverageUpReceiver() Missing Security Check for msg_.marketHelper  ## Summary In the `TOFTMarketReceiverModule.leverageUpReceiver()` function there is a lack of validation to verify whether the user-provided `marketHelper` is whitelisted.  This oversight could allow malicious user to pass in a harmful `marketHelper` and construct arbitrary `calls data`.  ## Vulnerability Detail The current implementation of `TOFTMarketReceiverModule.leverageUpReceiver()` is as follows:  ```soli
170,Tapioca,90,Malicious MarketHelper contract can be used in TOFTMarketReceiverModule's leverageUpReceiver and marketRemoveCollateralReceiver functions,hyh,High; Has Duplicates; Sponsor Disputed; Will Fix; Reward,"Borrow Logic, Collateral, Withdraw","hyh  high  # Malicious MarketHelper contract can be used in TOFTMarketReceiverModule's leverageUpReceiver and marketRemoveCollateralReceiver functions  ## Summary  User-supplied `marketHelper` contract is called for building market's `execute()` call, but in `leverageUpReceiver()` and `marketRemoveCollateralReceiver()` it's not whitelisted.  ## Vulnerability Detail  An attacker can craft any logic and provide it as `marketHelper`, placing arbitrary `modules` and `calls` for `market` `execute()`,"
170,Tapioca,88,"`SGLLiquidation._extractLiquidationFees()` function transfers fee shares directly to Penrose, resulting in these fees being stuck",duc,High; Duplicate; Reward,"Liquidation, Deposit, Withdraw","duc  high  # `SGLLiquidation._extractLiquidationFees()` function transfers fee shares directly to Penrose, resulting in these fees being stuck  ## Summary The Penrose contract collects fees from markets by pulling these fee shares from the markets, using `Market.refreshPenroseFees` function. However, `SGLLiquidation._extractLiquidationFees()` transfers fee shares directly (in YieldBox) to Penrose, and these fees will be stuck in the Penrose contract since there is no way to collect them. ## Vuln"
170,Tapioca,87,TOFTOptionsReceiverModule miss cross-chain transformation for deposit and lock amounts,hyh,High; Sponsor Confirmed; Will Fix; Reward,"Collateral, Deposit","hyh  high  # TOFTOptionsReceiverModule miss cross-chain transformation for deposit and lock amounts  ## Summary  Cross-chain token decimals transformation is applied partially in TOFTOptionsReceiverModule's `lockAndParticipateReceiver()` and `mintLendXChainSGLXChainLockAndParticipateReceiver()`.  ## Vulnerability Detail  Currently only first level amounts are being transformed in cross-chain TOFTOptionsReceiverModule, while the nested deposit and lock amounts involved aren't.  Whenever the decim"
170,Tapioca,85,Liquidation's caller in the market can avoid fees,duc,High; Duplicate; Reward,"Liquidation, Borrow Logic, Collateral","duc  medium  # Liquidation's caller in the market can avoid fees  ## Summary During the liquidation of the market, the target receiver will receive the collateral of the liquidated user and should transfer back to the market contract the asset tokens corresponding to the liquidated borrow amount. The excess tokens will be used to extract fees for the market. However, the caller of the liquidation can transfer the exact liquidated borrow amount, resulting in 0 excess assets. ## Vulnerability Deta"
170,Tapioca,82,Fully exercise option to receive fully eligible amount via TOFTOptionsReceiverModule may result in loss of fund,ctf_sec,High; Duplicate; Sponsor Confirmed; Won't Fix; Reward,"Oracle, Fund Loss, Share Manipulation",ctf_sec  medium  # Fully exercise option to receive fully eligible amount via TOFTOptionsReceiverModule may result in loss of fund  ## Summary  Fully exercise option to receive fully eligible amount via TOFTOptionsReceiverModule may result in loss of fund  ## Vulnerability Detail  Fully exercise option to receive fully eligible amount may result in loss of fund  https://github.com/sherlock-audit/2024-02-tapioca/blob/dc2464f420927409a67763de6ec60fe5c028ab0e/TapiocaZ/contracts/tOFT/modules/TOFTOpt
170,Tapioca,75,lack of market helper address validation allows theft of fund,ctf_sec,High; Duplicate; Sponsor Disputed; Will Fix; Reward,"Borrow Logic, Collateral, Withdraw",ctf_sec  high  # lack of market helper address validation allows theft of fund  ## Summary  lack of market helper address validation allows theft of fund  ## Vulnerability Detail  In `TOFTMarketReceiverModule.sol` [Line of code](https://github.com/sherlock-audit/2024-02-tapioca/blob/dc2464f420927409a67763de6ec60fe5c028ab0e/TapiocaZ/contracts/tOFT/modules/TOFTMarketReceiverModule.sol#L74)  ```solidity function leverageUpReceiver(bytes memory _data) public payable {         /// @dev decode receive
170,Tapioca,73,"The borrowing approval of the market is risky for users, as the spender can steal unlimited funds of user with a small allowance",duc,High; Duplicate; Sponsor Disputed; Won't Fix; Reward,"Borrow Logic, Collateral, Deposit","duc  high  # The borrowing approval of the market is risky for users, as the spender can steal unlimited funds of user with a small allowance  ## Summary The `buyCollateral` function allows the sender to borrow on behalf of the user and pull asset tokens as supply asset from the user to buy collateral. The requirement is simply that the sender needs to have a borrow allowance from the user greater than the received collateral value. However, a malicious sender with only a small borrow all"
170,Tapioca,69,All ETH can be stolen during rebalancing for `mTOFTs` that hold native,GiuseppeDeLaZara,High; Has Duplicates; Sponsor Disputed; Will Fix; Reward,"Deposit, Fund Theft, Vault",GiuseppeDeLaZara  high  # All ETH can be stolen during rebalancing for `mTOFTs` that hold native  ## Summary Rebalancing of ETH transfers the ETH to the destination mTOFT without calling `sgRecieve` which leaves the ETH hanging inside the `mTOFT` contract.  This can be exploited to steal all the ETH.  ## Vulnerability Detail Rebalancing of `mTOFTs` that hold native tokens is done through the `routerETH` contract inside the `Balancer.sol` contract.  Here is the code snippet for the `routerETH` co
170,Tapioca,55,Liquidation without bad debt doesn't update totalBorrow of market,duc,High; Duplicate; Reward,"Liquidation, Borrow Logic, Collateral","duc  high  # Liquidation without bad debt doesn't update totalBorrow of market  ## Summary During a liquidation of BigBang or Singularity contract, it doesn't update the `totalBorrow` although it still updates the borrow storage (`userBorrowPart`) of user. ## Vulnerability Detail In `_liquidateUser()` function of BBLiquidation contract, it get liquidated borrow amount and collateral share from `_updateBorrowAndCollateralShare`, then updates`totalCollateralShare`.  ```solidity= function _liquidat"
170,Tapioca,53,"`_computeClosingFactor` function will return incorrect values, lower than needed, because it uses `collateralizationRate` to calculate the denominator",duc,High; Has Duplicates; Sponsor Confirmed; Will Fix; Reward,"Liquidation, Exchange Rate, Borrow Logic","duc  high  # `_computeClosingFactor` function will return incorrect values, lower than needed, because it uses `collateralizationRate` to calculate the denominator  ## Summary `_computeClosingFactor` is used to calculate the required borrow amount that should be liquidated to make the user's position solvent. However, this function uses `collateralizationRate` (defaulting to 75%) to calculate the liquidated amount, while the threshold to be liquidatable is `liquidationCollateralizationRate` (def"
170,Tapioca,51,SGL Liquidation Fees be Locked in Penrose,bin2chen,High; Duplicate; Sponsor Confirmed; Reward,"Liquidation, Deposit, Withdraw","bin2chen  high  # SGL Liquidation Fees be Locked in Penrose  ## Summary During the execution of `SGL._extractLiquidationFees()`, the `LiquidationFees` are directly stored in the `penrose` contract. However, the `penrose` contract does not offer any method to handle these fees already present within it.  ## Vulnerability Detail When `SGL` undergoes liquidation, the `_extractLiquidationFees()` function stores the `LiquidationFees` in the `penrose` contract.  The code implementation is as follows: "
170,Tapioca,50,Unrestricted srcChainSender in USDO.executeModule(),bin2chen,High; Duplicate; Sponsor Confirmed; Will Fix; Reward,"Access Control, DoS","bin2chen  high  # Unrestricted srcChainSender in USDO.executeModule()  ## Summary The `USDO.executeModule()` method lacks proper access control for internal `Module` usage, allowing any user to invoke internal modules and bypass security restrictions.  ## Vulnerability Detail `USDO` registers 4 modules: - UsdoSender - UsdoReceiver - UsdoMarketReceiver - UsdoOptionReceiver  and Anyone can execute these 4 modules using the `executeModule()` function.  However, let's take `UsdoOptionReceiver` as an"
170,Tapioca,49,Unupdated totalBorrow After BigBang Liquidation,bin2chen,High; Has Duplicates; Sponsor Confirmed; Will Fix; Reward,"Liquidation, Interest Rate, Borrow Logic","bin2chen  high  # Unupdated totalBorrow After BigBang Liquidation  ## Summary During the liquidation process, BigBang only reduces the user's `userBorrowPart[user]`, but fails to update the global `totalBorrow`. Consequently, all subsequent debt calculations are incorrect.  ## Vulnerability Detail Currently, the implementation relies on the `BBLiquidation._updateBorrowAndCollateralShare()` method to calculate user debt repayment and collateral collection.  The code snippet is as follows: ```soli"
170,Tapioca,48,UsdoMarketReceiverModule::removeAssetReceiver msg_.externalData.marketHelper is unchecked enabling arbitrary market actions from magnetar,cergyk,High; Duplicate; Sponsor Disputed; Will Fix; Reward,"Collateral, Fund Drain, Fund Theft","cergyk  high  # UsdoMarketReceiverModule::removeAssetReceiver msg_.externalData.marketHelper is unchecked enabling arbitrary market actions from magnetar  ## Summary Magnetar is an approved operator/periphery to simplify actions on user accounts. As such it has privileged access to accounts, and ensures that an unauthorized user can not access another account by using `_checkSender` checks.  However in this check any address in the cluster, is also authorized on any users account.  Unfortunately"
170,Tapioca,45,"For some cross-chain calls, the _toeComposeReceiver of BaseTOFTReceiver and USDOReceiver should check _srcChainSender == data.user",cccz,High; Duplicate; Reward,"Deposit, Fund Theft","cccz  high  # For some cross-chain calls, the _toeComposeReceiver of BaseTOFTReceiver and USDOReceiver should check _srcChainSender == data.user  ## Summary BaseTOFTReceiver and USDOReceiver's _toeComposeReceiver does not require _srcChainSender == data.user, which allows an attacker to steal the assets of an approved user ## Vulnerability Detail When a user initiates a cross-chain call, an arbitrary composeMsg can be constructed, which can use any address as data.user. In some functions, assets"
170,Tapioca,37,BaseTOFTReceiver::_toeComposeReceiver some compose calls are not authenticated,cergyk,High; Duplicate; Reward,"Collateral, Front-running","cergyk  high  # BaseTOFTReceiver::_toeComposeReceiver some compose calls are not authenticated  ## Summary In layerzero v2, the concept of compose message has been introduced, enabling users to break the execution of complex xChain transactions in multiple steps.  Compose message is the second call which can be executed after lzReceive has been called to acknowledge reception of the main message on target chain.  The variable `_srcChainSender` allows for checking the cross-chain initiator of the"
170,Tapioca,35,Market::_computeClosingFactor wrong collateralization calculation can cause liquidatee solvency to become worse,cergyk,High; Duplicate; Sponsor Confirmed; Reward,"Liquidation, Borrow Logic, Collateral","cergyk  high  # Market::_computeClosingFactor wrong collateralization calculation can cause liquidatee solvency to become worse  ## Summary During a market liquidation, a closing factor is computed to ensure that enough of a liquidatee position is closed to make the liquidatee solvent again. However due to a wrong variable used in the calculation, the closing factor is wrongly computed and can lead to the solvency of a liquidatee to become worse after liquidation.  ## Vulnerability Detail   Let'"
170,Tapioca,34,BigBang/Singularity::_updateBorrowAndCollateralShare totalBorrow variable is never updated and breaks a few core mechanics,cergyk,High; Duplicate; Sponsor Disputed; Reward,"Liquidation, Interest Rate, Borrow Logic","cergyk  high  # BigBang/Singularity::_updateBorrowAndCollateralShare totalBorrow variable is never updated and breaks a few core mechanics  ## Summary  When liquidating users, their individual borrow share is reduced, however the variable tracking `totalBorrow` is not updated. This breaks the accounting for a few core mechanisms   ## Vulnerability Detail As we can see in the function `_updateBorrowAndCollateralShare`: https://github.com/sherlock-audit/2024-02-tapioca/blob/main/Tapioca-bar/contra"
170,Tapioca,33,BBLiquidation::_liquidateUser liquidator can bypass protocol fee on liquidation by returning returnedShare == borrowShare,cergyk,High; Has Duplicates; Sponsor Disputed; Will Fix; Escalation Resolved; Reward,"Liquidation, Borrow Logic, Collateral","cergyk  high  # BBLiquidation::_liquidateUser liquidator can bypass protocol fee on liquidation by returning returnedShare == borrowShare  ## Summary When a liquidator liquidates a position on BigBang/Singularity market, they do not get the full liquidationBonus amount, but a callerShare which depends on the efficiency of the liquidation.   However since this share is taken after the liquidator has swapped the seized collateral to an asset amount, the liquidator can simply choose to return enoug"
170,Tapioca,32,BBLiquidation/SGLLiquidation::_updateBorrowAndCollateralShare liquidator can bypass bad debt handling to ensure whole liquidation reward,cergyk,High; Sponsor Confirmed; Will Fix; Reward,"Liquidation, Borrow Logic, Collateral","cergyk  high  # BBLiquidation/SGLLiquidation::_updateBorrowAndCollateralShare liquidator can bypass bad debt handling to ensure whole liquidation reward  ## Summary When handling liquidation in BigBang and Singularity market, the protocol ensures that the liquidatee has enough collateral to cover for the liquidation and reward. If that's not the case, then the reward for the liquidator is shrunk proportionally to the bad debt incurred by the protocol.  However the liquidator can simply choose to"
170,Tapioca,31,BBLeverage::buyCollateral Malicious operator can abuse _allowedBorrow approval on Big bang market,cergyk,High; Duplicate; Sponsor Disputed; Will Fix; Reward,"Oracle, Borrow Logic, Collateral","cergyk  high  # BBLeverage::buyCollateral Malicious operator can abuse _allowedBorrow approval on Big bang market  ## Summary buyCollateral enables a user to deleverage a borrow position on a BigBang market. However in the case an operator uses an user allowance to carry the operation on the user behalf, he can abuse the approval to make the user transfer an arbitrary amount (within the limits of a yieldbox approval to the market).   ## Vulnerability Detail We can see that the `_allowe"
170,Tapioca,19,Any Oft Token Holder Can be Forcefully Unwrapped,Tendency,High; Duplicate; Sponsor Confirmed; Will Fix; Reward,Front-running,"Tendency  medium  # Any Oft Token Holder Can be Forcefully Unwrapped  ## Summary `TOFTGenericReceiverModule` Module is intended to be called down [lzCompose](https://github.com/sherlock-audit/2024-02-tapioca/blob/dc2464f420927409a67763de6ec60fe5c028ab0e/TapiocaZ/gitmodule/tapioca-periph/contracts/tapiocaOmnichainEngine/TapiocaOmnichainReceiver.sol#L120-L140) function execution, but can currently be abused, by calling this module directly via `mTOFT::executeModule` function, to forcefully "
170,Tapioca,17,Flaw in Cross-Chain Approval System Raises Risk of Unauthorized Token Transfers,Tendency,High; Duplicate; Reward,Fund Drain,"Tendency  medium  # Flaw in Cross-Chain Approval System Raises Risk of Unauthorized Token Transfers  ## Summary When [TOFTOptionsReceiverModule::exerciseOptionsReceiver](https://github.com/sherlock-audit/2024-02-tapioca/blob/dc2464f420927409a67763de6ec60fe5c028ab0e/TapiocaZ/contracts/tOFT/modules/TOFTOptionsReceiverModule.sol#L142-L182) is invoked during a composed `cross-chain` call, in the case when the owner in the `destination chain` isn't the same as the `source chain` sender, the requireme"
170,Tapioca,14,Unverified `_srcChainSender` parameter allows to impersonate the sender,ComposableSecurity,High; Has Duplicates; Sponsor Confirmed; Won't Fix; Reward,"Collateral, Deposit",ComposableSecurity  high  # Unverified `_srcChainSender` parameter allows to impersonate the sender  ## Summary  The `_toeComposeReceiver` function accepts the `_srcChainSender` parameter that represents the sender of cross-chain message (via LayerZero's OFT) on the source chain. The function executes modules depending on the `_msgType` parameter and some of them do not accept the `_srcChainSender` parameter. Lack of verification for `_srcChainSender` means that the attacker can execute those mo
280,Zivoe,702,Reward rate can be diluted in rewards contracts,heedfxn,High; Duplicate; Reward,"Deposit, Reentrancy","heedfxn  medium  # Reward rate can be diluted in rewards contracts  heedfxn  medium  ## Summary Reward rate can be diluted in rewards contracts ## Vulnerability Detail `ZivoeRewards` as well as `ZivoeRewardsVesting` use a function `depositReward` to deposit a reward to be vested over time. Claimable rewards are emitted every second according to `rewardRate`. When `depositReward` is called and a reward period is still ongoing, the newly deposited reward is added with remaining period reward and a"
280,Zivoe,693,Potential loss of rewards and incorrect account of _totalSupply if the user executes `withdraw()` before being revoked,denzi_,High; Duplicate; Reward,"Withdraw, Underflow, Front-running","denzi_  high  # Potential loss of rewards and incorrect account of _totalSupply if the user executes `withdraw()` before being revoked  ## Summary  In the ZivoeRewardsVesting contract, a harmful state can occur if a user front-runs a `revokeVestingSchedule()` transaction with a `withdraw()` transaction. This can lead to incorrect accounting of `_totalSupply`, potentially resulting in financial discrepancies and impacting the integrity of the contract's state.  ## Vulnerability Detail  This state"
280,Zivoe,685,Incorrect Updation of _checkpoints[account] in `ZivoeRewardsVesting::revokeVestingSchedule()` can mess up accounting of votes,denzi_,High; Duplicate; Reward,Withdraw,"denzi_  medium  # Incorrect Updation of _checkpoints[account] in `ZivoeRewardsVesting::revokeVestingSchedule()` can mess up accounting of votes  ## Summary   The `_checkpoints[account]` in `ZivoeRewardsVesting::revokeVestingSchedule()` is not updated correctly, which can lead to incorrect accounting of votes.   ## Vulnerability Detail  Vestings are created for a user in `ZivoeRewardsVesting` contract when the ITO calls `ZivoeRewardsVesting::createVestingSchedule`. At the end of this function, a "
280,Zivoe,675,`ZivoeRewardsVesting::revokeVestingSchedule` incorrectly decreases the total staking supply `_totalSupply`,Aymen0909,High; Duplicate; Reward,"Withdraw, Underflow, Reentrancy","Aymen0909  high  # `ZivoeRewardsVesting::revokeVestingSchedule` incorrectly decreases the total staking supply `_totalSupply`  ## Summary  When a vesting schedule is revoked with `ZivoeRewardsVesting::revokeVestingSchedule`, the staking total supply `_totalSupply` amount is incorrectly decreased by the full vesting amount without accounting for previous user withdrawals, which will result in wrong `_totalSupply` accounting leading to some users being unable to withdraw their staked tokens (fund "
280,Zivoe,663,Unrestricted Access to `depositReward()` in `ZivoeRewards.sol`,blockchain555,High; Duplicate; Reward,"Deposit, Withdraw, Access Control","blockchain555  high  # Unrestricted Access to `depositReward()` in `ZivoeRewards.sol`  ## Summary The lack of access control in the `depositReward()` function allows anyone to call it, resulting in stakers not receiving their full rewards upon fund withdrawal. ## Vulnerability Detail The `depositReward()` function allows anyone to deposit rewards and update the reward rate, impacting the amount stakers receive when withdrawing funds. ```solidity     function depositReward(address _rewardsToken, "
280,Zivoe,659,_writeCheckpoint function is called with wrong amounts for a user if some tokens have already been withdrawn.,Varun_05,High; Duplicate; Reward,"Withdraw, Reentrancy",Varun_05  high  # _writeCheckpoint function is called with wrong amounts for a user if some tokens have already been withdrawn.  ## Summary _writeCheckpoint function is called with wrong amounts if some tokens have already been withdrawn which can cause user to left with some votes even though its balance has already been reduced to zero.  ## Vulnerability Detail Following is revokeVestingSchedule function ```solidity function revokeVestingSchedule(address account) external updateReward(account)
280,Zivoe,654,depositReward can be called by any one with any asset leading to lost/locked funds,0brxce,High; Duplicate; Reward,Deposit,"0brxce  medium  # depositReward can be called by any one with any asset leading to lost/locked funds  ## Summary depositRewards is designed to receive tokens which should be distributed as rewards but since it's an external function with no permissioning, there's the potential for users to lose funds and have them locked in the respective rewards contract.  ## Vulnerability Detail The addReward function which adds an asset as a reward in the rewards contract is a privileged function requiring th"
280,Zivoe,651,_writeCheckpoint function is called with wrong amounts if some tokens have already been withdrawn,Varun_05,High; Duplicate; Reward,"Withdraw, Underflow, Reentrancy",Varun_05  high  # _writeCheckpoint function is called with wrong amounts if some tokens have already been withdrawn  ## Summary _writeCheckpoint function is called with wrong amounts if some tokens have already been withdrawn which can cause wrong calculation of votes and thus eventually causing underflow. ## Vulnerability Detail Following is revokeVestingSchedule function ```solidity function revokeVestingSchedule(address account) external updateReward(account) onlyZVLOrITO nonReentrant {      
280,Zivoe,650,`ZivoeRewardsVesting.depositReward` and `ZivoeRewards.depositReward` lack of permission check and parameter check.,jasonxiale,High; Duplicate; Reward,"Deposit, Reentrancy","jasonxiale  high  # `ZivoeRewardsVesting.depositReward` and `ZivoeRewards.depositReward` lack of permission check and parameter check.  ## Summary `ZivoeRewardsVesting.depositReward` and `ZivoeRewards.depositReward` don't validate the caller, and the parameters. A malicious user can call these two function with malicious parameter, which can affect the rewards `rewardRate`, thus can affect the depositors' rewards.  ## Vulnerability Detail Take `ZivoeRewardsVesting.depositReward` as an example, i"
280,Zivoe,646,When someone creates a vesting schedule and creates it with revocable opition!their is bug with how the `vesting.totalVested`is changed accruing in `revokeVestingSchedule`,supercool,High; Duplicate; Reward,"Withdraw, Fund Loss",supercool  high  # When someone creates a vesting schedule and creates it with revocable opition!their is bug with how the `vesting.totalVested`is changed accruing in `revokeVestingSchedule`  ## Summary The user has a choice about how they want to their vesting schedule. It can be revocable or you have to wait until withdraw gives the user some tokens. Furthermore when someone/user calls `revokeVestingSchedule()` and changes `vesting.totalVested` it will be assigned to `vestingtotalWithdrawn`.La
280,Zivoe,644,_totalSupply reduced by wrong amount for some cases,Varun_05,High; Duplicate; Reward,"Withdraw, Underflow, Reentrancy","Varun_05  high  # _totalSupply reduced by wrong amount for some cases  ## Summary _totalSupply reduced by wrong amount for some cases  when revokeVesting schedule is called. ## Vulnerability Detail Following is revokeVestingSchedule function  ```solidity function revokeVestingSchedule(address account) external updateReward(account) onlyZVLOrITO nonReentrant {         require(             vestingScheduleSet[account],              ""ZivoeRewardsVesting::revokeVestingSchedule() !vestingScheduleSet[a"
280,Zivoe,629,Attacker can nullify rewards in ZivoeRewards and ZivoeRewardsVesting,0xvj,High; Duplicate; Reward,"Deposit, Reentrancy","0xvj  medium  # Attacker can nullify rewards in ZivoeRewards and ZivoeRewardsVesting  ## Summary Attacker can continously call depositReward in ZivoeRewards and ZivoeRewardsVesting to nullify staking rewards.   ## Vulnerability Detail In ZivoeRewards and ZivoeRewardsVesting any user can deposit rewards using `depositReward` at any time. In the function the `periodFinish` is set to `block.timestamp + rewardDuration`. ```solidity     function depositReward(address _rewardsToken, uint256 reward) ex"
280,Zivoe,615,Distribution of `ZVE` Tokens to ITO users is not supplied as intended by the protocol.,blockchain555,High; Duplicate; Reward,Other,"blockchain555  medium  # Distribution of `ZVE` Tokens to ITO users is not supplied as intended by the protocol.  ## Summary The intention of the protocol is to distribute `5%` of ZVETokens to ITO users. However, because the distribution formula is wrong, the supply is less than the `5%` intended by the protocol. ## Vulnerability Detail As intended by the protocol, ITO users vest their `ZVE` Tokens in `ZivoeRewardsVesting` for a certain period of time. https://github.com/sherlock-audit/2024-03-zi"
280,Zivoe,601,Severe dust in rewards of `ZivoeRewards` and `ZivoeRewardsVesting`,Quanta,High; Duplicate; Reward,"Deposit, Rounding, Precision","Quanta  medium  # Severe dust in rewards of `ZivoeRewards` and `ZivoeRewardsVesting`  ## Summary  The reward rate calculations in [ZivoeRewards.sol#L233](https://github.com/sherlock-audit/2024-03-zivoe/blob/main/zivoe-core-foundry/src/ZivoeRewards.sol#L233) can lead to an excesive dust and permanent loss of funds.  ## Vulnerability Detail  In the contracts, when `depositReward` is called, new rewards are sent to the contract. Subsequently, the contract calculates the `rewardRate` by dividing the"
280,Zivoe,597,The usage of `totalSupply()` of tokens may introduce some issues with calculating the amount to vest when `ZivoeITO.claimAirdrop()` is called,lemonmon,High; Duplicate; Reward,Deposit,"lemonmon  medium  # The usage of `totalSupply()` of tokens may introduce some issues with calculating the amount to vest when `ZivoeITO.claimAirdrop()` is called  ## Summary  The function `ZivoeITO.claimAirdrop()` is using `totalSupply()` of `zSTT` and `zJTT` to calculate the amount of airdropped $ZVE that should be vested, which may be an issue.  ## Vulnerability Detail  When a user claims their airdrop of $ZVE that are vested after ITO (Initial Tranche Offering) concluded, they call the functi"
280,Zivoe,596,`ZivoeRewardsVesting.revokeVestingSchedule()` may set a user's votes from their $ZVE vesting to a wrong value,lemonmon,High; Duplicate; Reward,Withdraw,"lemonmon  medium  # `ZivoeRewardsVesting.revokeVestingSchedule()` may set a user's votes from their $ZVE vesting to a wrong value  ## Summary  Due to an issue inside the function `ZivoeRewardsVesting.revokeVestingSchedule()`, a user's votes from their $ZVE vesting may be set to a wrong value.  ## Vulnerability Detail  There is an issues with the votes calculation for a vesting schedule inside the function `ZivoeRewardsVesting.revokeVestingSchedule()`:  Let's assume that Governance creates Alice'"
280,Zivoe,580,`ZivoeRewards.depositReward()` and `ZivoeRewardsVesting.depositReward()` may be subject of a griefing attack to manipulate reward emissions,lemonmon,High; Duplicate; Reward,"Deposit, Access Control","lemonmon  high  # `ZivoeRewards.depositReward()` and `ZivoeRewardsVesting.depositReward()` may be subject of a griefing attack to manipulate reward emissions  ## Summary  The functions `ZivoeRewards.depositReward()` and `ZivoeRewardsVesting.depositReward()` may be exploited due to missing access control and missing check against the `reward` param.  ## Vulnerability Detail  The function `ZivoeRewards.depositReward()` can be called by anybody, and it is possible to call this function with the val"
280,Zivoe,577,ZVE tokens will get stuck in ZivoeRewardsVesting due to an underflow.,sl1,High; Duplicate; Reward,"Withdraw, Underflow, Reentrancy","sl1  high  # ZVE tokens will get stuck in ZivoeRewardsVesting due to an underflow.  ## Summary User's ZVE tokens will get stuck in ZivoeRewardsVesting due to an underflow without a way to rescue them. ## Vulnerability Detail When a vesting schedule is created for a user, his vesting ZVE tokens are automatically stake in order to earn additional rewards. [ZivoeRewardsVesting.sol#L424](https://github.com/sherlock-audit/2024-03-zivoe/blob/d4111645b19a1ad3ccc899bea073b6f19be04ccd/zivoe-core-foundry/"
280,Zivoe,574,An issue with calculating total supplies inside the function `ZivoeRewardsVesting.revokeVestingSchedule()` may lead to DOS condition or to account a wrong total number of votes in the system,lemonmon,High; Duplicate; Reward,"Withdraw, Underflow, DoS",lemonmon  medium  # An issue with calculating total supplies inside the function `ZivoeRewardsVesting.revokeVestingSchedule()` may lead to DOS condition or to account a wrong total number of votes in the system  ## Summary  The function `ZivoeRewardsVesting.revokeVestingSchedule()` has issues with setting the total supplies `_totalSupply` and `_totalSupplyCheckpoints`.  ## Vulnerability Detail  There are issues with the calculations of `_totalSupply` and `_totalSupplyCheckpoints` inside the func
280,Zivoe,573,"Malicious actors can manipulate rewards for ZVE vesting, extending the time to accrue the whole reward",krikolkk,High; Duplicate; Reward,"Deposit, Access Control","krikolkk  medium  # Malicious actors can manipulate rewards for ZVE vesting, extending the time to accrue the whole reward  ## Summary  [The function](https://github.com/sherlock-audit/2024-03-zivoe/blob/main/zivoe-core-foundry/src/ZivoeRewardsVesting.sol#L352) `depositReward` in `ZivoeRewardsVesting` can be called by anyone, making anyone available to deposit new rewards. However, the formula to calculate the new reward rate is an average of remaining rewards and new rewards divided by rewards "
280,Zivoe,567,"Malicious actors can manipulate ZVE staking rewards, extending the time to accrue the whole reward",krikolkk,High; Duplicate; Reward,"Deposit, Access Control","krikolkk  medium  # Malicious actors can manipulate ZVE staking rewards, extending the time to accrue the whole reward  ## Summary  [The function](https://github.com/sherlock-audit/2024-03-zivoe/blob/main/zivoe-core-foundry/src/ZivoeRewards.sol#L228) `depositReward` in `ZivoeRewards` can be called by anyone, making anyone available to deposit new rewards. However, the formula to calculate the new reward rate is an average of remaining rewards and new rewards divided by reward duration, splitting"
280,Zivoe,559,Users Can Still Vote After Their Vest Is Revoked,sakshamguruji,High; Duplicate; Reward,Withdraw,"sakshamguruji  high  # Users Can Still Vote After Their Vest Is Revoked  ## Summary  Little bit tricky one but let's make it as simple as possible (PoC attached), the purpose of `revokeVestingSchedule()` in the ZivoeRewardsVesting.sol is to ->  a.) Stop the user from accruing more yield(reward) for his vested amount.  b.) Return to him what's withdrawble(staking token) at that moment.  c.) When `revokeVestingSchedule()` is called for a user that user can not call `withdraw()` after (checked via "
280,Zivoe,558,totalSupplycheckpoints Is Updated Incorrectly,sakshamguruji,High; Duplicate; Reward,"Withdraw, Underflow","sakshamguruji  high  # totalSupplycheckpoints Is Updated Incorrectly  ## Summary  The totalSupplyCheckpoints checkpoint has been updated incorrectly in the `revokeVestingSchedule` function since it does not account for the stake already withdrawn.  ## Vulnerability Detail   1.) `revokeVestingSchedule` is called ,  it calculates   `uint256 vestingAmount = vestingScheduleOf[account].totalVesting;`  https://github.com/sherlock-audit/2024-03-zivoe/blob/main/zivoe-core-foundry/src/ZivoeRewardsVesting"
280,Zivoe,544,Attacker Can Reduce Reward Yield Using 0 Deposits,sakshamguruji,High; Duplicate; Reward,Deposit,sakshamguruji  high  # Attacker Can Reduce Reward Yield Using 0 Deposits  ## Summary  An attacker can deposit 0 reward amount via the function `depositReward()` and dilute the rewards for other users .  ## Vulnerability Detail  The function `depositRewards()` is used to transfer in rewards to the `ZivoeRewards` contract which would be distributed to the users/stakers.  https://github.com/sherlock-audit/2024-03-zivoe/blob/main/zivoe-core-foundry/src/ZivoeRewards.sol#L228-L241  You can see there i
280,Zivoe,537,A malicious attacker can make significant amount of reward token to be locked in `ZivoeRewards` by calling `depositReward()` frequently.,KupiaSec,High; Duplicate; Reward,"Deposit, Reentrancy","KupiaSec  high  # A malicious attacker can make significant amount of reward token to be locked in `ZivoeRewards` by calling `depositReward()` frequently.  ## Summary  A large amount of reward Token(like `USDC`) can be locked in `ZivoeRewards`. In [ZivoeRewards.depositReward()](https://github.com/sherlock-audit/2024-03-zivoe/blob/d4111645b19a1ad3ccc899bea073b6f19be04ccd/zivoe-core-foundry/src/ZivoeRewards.sol#L228C5-L243C6), `rewardRate` is calculated by dividing `reward`(or `reward + leftover`)"
280,Zivoe,536,"The `revokeVestingSchedule` function does not correctly track `_totalSupply`, `_totalSupplyCheckpoints` and `_checkpoints[account]`",KupiaSec,High; Duplicate; Reward,"Withdraw, Underflow, Reentrancy","KupiaSec  high  # The `revokeVestingSchedule` function does not correctly track `_totalSupply`, `_totalSupplyCheckpoints` and `_checkpoints[account]`  ## Summary  In [ZivoeRewardsVesting.revokeVestingSchedule()](https://github.com/sherlock-audit/2024-03-zivoe/blob/d4111645b19a1ad3ccc899bea073b6f19be04ccd/zivoe-core-foundry/src/ZivoeRewardsVesting.sol#L429), `_totalSupply` and `_totalSupplyCheckpoints` are updated by subtracting `vestingAmount`, and `_checkpoints[account]` is updated by subtracti"
280,Zivoe,533,The depositors participating in the ITO may claim an airdrop amount different from the actual value,KupiaSec,High; Duplicate; Reward,"Deposit, Reentrancy","KupiaSec  high  # The depositors participating in the ITO may claim an airdrop amount different from the actual value  ## Summary  In [`ZivoeITO.claimAirdrop()`](https://github.com/sherlock-audit/2024-03-zivoe/blob/d4111645b19a1ad3ccc899bea073b6f19be04ccd/zivoe-core-foundry/src/ZivoeITO.sol#L203), a `vestingSchedule` for the depositor is calculated as as `upper * middle / lower`, using the `totalSupply()` of `$zSTT` and `$zJTT` tokens. Depositors have the ability to change the `totalSupply()` of"
280,Zivoe,498,Calling `revokeVestingSchedule` function does not reduce `_checkpoints[account]` at `block.number` to 0,rbserver,High; Duplicate; Reward,"Withdraw, Reentrancy","rbserver  medium  # Calling `revokeVestingSchedule` function does not reduce `_checkpoints[account]` at `block.number` to 0  ## Summary The `revokeVestingSchedule` function would be called before the `account` is fully vested, and such function call does not reduce `_checkpoints[account]` at `block.number` to 0 though it should. This inflates the number of votes owned by the `account`, and such `account` can use these extra votes, which it is not entitled to, to pass proposals that should not be"
280,Zivoe,496,`ZivoeRewards.depositReward` and `ZivoeRewardsVesting.depositReward` functions can be called with 0 as `reward` input,rbserver,High; Duplicate; Reward,"Deposit, Reentrancy","rbserver  medium  # `ZivoeRewards.depositReward` and `ZivoeRewardsVesting.depositReward` functions can be called with 0 as `reward` input  ## Summary After the `ZivoeRewards.depositReward` or `ZivoeRewardsVesting.depositReward` function is called to deposit an amount of the corresponding reward token for distribution, subsequent calls of such function with 0 as the `reward` input for the same reward token would extend such reward token's `periodFinish` and reduce the claimable portion of such re"
280,Zivoe,492,[M-#] Griefing attack possible in `ZivoeRewards::depositRewards()` by continuously extending `periodFinish`,Nihavent,High; Duplicate; Reward,"Deposit, Access Control, Reentrancy","Nihavent  medium  # [M-#] Griefing attack possible in `ZivoeRewards::depositRewards()` by continuously extending `periodFinish`  ## Summary  Lack of checks on who can call and how much value   ## Vulnerability Detail  Any address can call `ZivoeRewards::depositRewards()` with any amount of `_rewardsToken`. Each time this function is called, `rewardData[_rewardsToken].periodFinish` is set to `block.timestamp` + `rewardData[_rewardsToken].rewardsDuration`, and a new `rewardData[_rewardsToken].rewa"
280,Zivoe,489,[M-#] ITO participants' vested ZVE rewards are diluted by post-ITO deposits into tranches due to rewards being denominated by the total supply of `zSTT` and `zJTT` at the time when claimAirdrop() is called.,Nihavent,High; Duplicate; Reward,Deposit,Nihavent  medium  # [M-#] ITO participants' vested ZVE rewards are diluted by post-ITO deposits into tranches due to rewards being denominated by the total supply of `zSTT` and `zJTT` at the time when claimAirdrop() is called.  ## Summary  Any ITO depositor who calls `ZivoeITO::claimAirdrop()` after any post-ITO deposit is made to either tranche will have a diluted allocation of vested $ZVE. The amount of dilution is dependant on the volume of post-ITO deposits which occur before the user calls 
280,Zivoe,485,"`revokeVestingSchedule` function, when called after staking token withdrawal of the user whose vesting schedule is to be revoked, incorrectly reduces `_totalSupply` and `_totalSupplyCheckpoints` at `block.number` to values that are lower than what they should be",rbserver,High; Duplicate; Reward,"Withdraw, Reentrancy","rbserver  high  # `revokeVestingSchedule` function, when called after staking token withdrawal of the user whose vesting schedule is to be revoked, incorrectly reduces `_totalSupply` and `_totalSupplyCheckpoints` at `block.number` to values that are lower than what they should be  ## Summary The `revokeVestingSchedule` function, when called after the staking token withdrawal of the user whose vesting schedule is to be revoked, incorrectly reduces `_totalSupply` and `_totalSupplyCheckpoints` at `"
280,Zivoe,484,malicious users can deposit 0 amount of rewards to lower the rewardRate， which will result in loss of rewards for the normal users,CL001,High; Duplicate; Reward,Deposit,"CL001  high  # malicious users can deposit 0 amount of rewards to lower the rewardRate， which will result in loss of rewards for the normal users  ## Summary malicious users can deposit 0 amount of rewards to lower the `rewardRate` https://github.com/sherlock-audit/2024-03-zivoe/blob/d4111645b19a1ad3ccc899bea073b6f19be04ccd/zivoe-core-foundry/src/ZivoeRewards.sol#L228 ## Vulnerability Detail Assume:  Normally:   Sam stake 1000 ZVE tokens   YDL has been unlocked and starts yield distribution,`rew"
280,Zivoe,481,`_totalSupply` is updated with wrong values when a vesting schedule is revoked,Shield,High; Duplicate; Reward,"Deposit, Withdraw",Shield  medium  # `_totalSupply` is updated with wrong values when a vesting schedule is revoked  ## Summary The reduction in the `_totalSupply` value in `revokeVestingSchedule` is not correct ## Vulnerability Detail The ITO or the ZVL multisig can call `revokeVestingSchedule` to revoke anyone's vesting schedule  `_totalSupply` is the sum of all the deposit amounts of all vesting schedules for ZVE token created so on every `createVestingSchedule` call it is incremented by the `amountToVest`  ```
280,Zivoe,479,cannot forward extra rewards from both OCY_Convex to OCT_YDL.,BoRonGod,High; Has Duplicates; Sponsor Confirmed; Will Fix; Reward,Other,"BoRonGod  high  # cannot forward extra rewards from both OCY_Convex to OCT_YDL.  ## Summary  Convex specifies `rewardContract` to be a `VirtualBalanceRewardPool`, but all three OCY_Convex uses it as a ERC20 token, which make it impossible to claim extra rewards and forward them to the OCT_YDL.  ## Vulnerability Detail  According to [Convex doc](https://docs.convexfinance.com/convexfinanceintegration/baserewardpool#extra-rewards):  > The BaseRewardPool has an array of child reward c"
280,Zivoe,477,Protocol unable to get extra Rewards in OCY_Convex_C,BoRonGod,High; Has Duplicates; Sponsor Confirmed; Will Fix; Escalation Resolved; Reward,"Deposit, Reentrancy","BoRonGod  high  # Protocol unable to get extra Rewards in OCY_Convex_C  ## Summary  Convex would wrap `rewardToken` for pools with IDs 151+, but the counting logic in `OCY_Convex_C.sol` makes it impossible for zivoe to forward yield.  ## Vulnerability Detail  In `OCY_Convex_C.sol `, A convex pool with id `270` is used:       /// @dev Convex information.     address public convexDeposit = 0xF403C135812408BFbE8713b5A23a04b3D48AAE31;     address public convexPoolToken = 0x383E6b4437b59fff47B619CBA8"
280,Zivoe,476,All staked users rewards can be slowed down by anybody,Maniacs,High; Duplicate; Reward,Deposit,Maniacs  medium  # All staked users rewards can be slowed down by anybody  ## Summary In `ZivoeRewards` contract users can stake ZVE/Senior/Junior tokens to get rewards. These rewards in the tests are set to be distributed for 30 days but by calling [`depositReward`](https://github.com/sherlock-audit/2024-03-zivoe/blob/main/zivoe-core-foundry/src/ZivoeRewards.sol#L228) anybody can slow this distribution rate by 35%.  ## Vulnerability Detail I will start with a simple example.  We call [`depositR
280,Zivoe,472,airdrop amount is calculated using Incorrect total supplies in ITO,0xvj,High; Duplicate; Reward,Deposit,"0xvj  high  # airdrop amount is calculated using Incorrect total supplies in ITO  ## Summary  In the `claimAirdrop` function of the `ZivoeITO` contract, the airdrop amount is currently calculated using the current total token supplies of tranches. However, it should be calculated based on the total token supplies at the end of the ITO.   ## Vulnerability Detail  Users can only call the `claimAirdrop` function after the ITO concludes. However, once the ITO concludes, the tranches will be open, al"
280,Zivoe,471,All staked users will not receive rewards if they are with low token decimals,Maniacs,High; Duplicate; Reward,"Deposit, Withdraw, Rounding","Maniacs  high  # All staked users will not receive rewards if they are with low token decimals  ## Summary All users who have staked in any of the `StakingReward` contracts can lose all token rewards of low decimal tokens (USDC for example) if the difference between ZVE/Junior/Senior staked tokens is large enough when compared to the offered low decimal tokens as a reward.   The bigger the difference between these 2 values, the more feasible is going to be for an attacker to keep updating `rewar"
280,Zivoe,465,user votes are reduced by Incorrect amount in `revokeVestingSchedule` function,0xvj,High; Duplicate; Reward,"Withdraw, Reentrancy",0xvj  high  # user votes are reduced by Incorrect amount in `revokeVestingSchedule` function  ## Summary  In `revokeVestingSchedule` function of `ZivoeVestingSchedule` contract instead of reducing the user votes by revokedAmount the votes are reduced by amount vested in that call.  ## Vulnerability Detail  In vesting contract when revoking the vesting schedule of an investor instead of reducing the votes by remaining unvested amount votes are reduced by the total amount released in that call. Du
280,Zivoe,463,`totalSupply` is reduced by incorrect amount in revokeVestingSchedule function,0xvj,High; Duplicate; Reward,"Withdraw, Underflow, Reentrancy",0xvj  high  # `totalSupply` is reduced by incorrect amount in revokeVestingSchedule function  ## Summary  In revokeVestingSchedule function of `ZivoeRewardVesting` contract `totalSupply` and _totalSupplyCheckpoints are reduced by totalVesting amount instead of reducing it by revokedAmount.  ## Vulnerability Detail  In vesting contract when revoking the vesting schedule of an investor instead of reducing `totalSupply` by remaining unvested amount  `totalSupply` is reduced by the total vestingAmou
280,Zivoe,460,Attacker can intentionally grief the `rewardRate`,sunill_eth,High; Duplicate; Reward,"Deposit, Access Control",sunill_eth  high  # Attacker can intentionally grief the `rewardRate`  ## Summary Attacker can intentionally grief the `rewardRate` variable ## Vulnerability Detail If we look at how the `rewardRate` variable is [calculated](https://github.com/sherlock-audit/2024-03-zivoe/blob/d4111645b19a1ad3ccc899bea073b6f19be04ccd/zivoe-core-foundry/src/ZivoeRewards.sol#L228-L238) when a user deposits rewards:  ```solidity     else {         uint256 remaining = rewardData[_rewardsToken].periodFinish.sub(block
280,Zivoe,449,Malicious vester can steal rewards in `ZivoeRewardsVesting.sol`,Audinarey,High; Duplicate; Reward,"Deposit, Withdraw, Fund Theft",Audinarey  high  # Malicious vester can steal rewards in `ZivoeRewardsVesting.sol`  ## Summary The `ZivoeRewardsVesting.sol` contract is susceptible to rewards getting stolen by a malicious vester.  A tested scenarios under which this can happen  Malicious Vester spams the last reward distribution period by calling [`ZivoeRewardsVesting::depositReward(...)`](https://github.com/sherlock-audit/2024-03-zivoe/blob/main/zivoe-core-foundry/src/ZivoeRewardsVesting.sol#L352) to add a reward of `1 wei` a
280,Zivoe,447,claimRewards action on `OCY_Convex_A` will revert on extra rewards > 0,Ironsidesec,High; Duplicate; Reward,"Withdraw, Reentrancy","Ironsidesec  medium  # claimRewards action on `OCY_Convex_A` will revert on extra rewards > 0  ## Summary [OCY_Convex_A.claimRewards](https://github.com/sherlock-audit/2024-03-zivoe/blob/01e00e6f27b58392a6fa0b82c84a46a783a0df3c/zivoe-core-foundry/src/lockers/OCY/OCY_Convex_A.sol#L263) will always revert due to the wrong token called in [L267](https://github.com/sherlock-audit/2024-03-zivoe/blob/01e00e6f27b58392a6fa0b82c84a46a783a0df3c/zivoe-core-foundry/src/lockers/OCY/OCY_Convex_A.sol#L2"
280,Zivoe,444,"In `OCY_Convex_A::claimRewards` rewardContract is used as ERC20, but it is not ECR20 which holds rewards",den_sosnovskyi,High; Duplicate; Reward,Other,"den_sosnovskyi  medium  # In `OCY_Convex_A::claimRewards` rewardContract is used as ERC20, but it is not ECR20 which holds rewards  ## Summary In `OCY_Convex_A::claimRewards` `rewarcContract` is used as ERC20 to send from it some amount of tokens as reward to `OCT_YDL`, but it seems that `rewarcContract` is not needed ERC20 token  ## Vulnerability Detail In `OCY_Convex_A::claimRewards` we want to send rewardAmount to `OCT_YDL`. `rewarcContract` has `IBaseRewardPool_OCY_Convex_A` interf"
280,Zivoe,443,"Everytime an user deposits using the function ZivoeRewards::depositReward, the periodFinish is reset, causing the rewardRate to be increasingly lower.",Kunhah,High; Duplicate; Reward,"Deposit, Withdraw, Reentrancy","Kunhah  medium  # Everytime an user deposits using the function ZivoeRewards::depositReward, the periodFinish is reset, causing the rewardRate to be increasingly lower.  # Everytime an user deposits using the function `ZivoeRewards::depositReward`, the `periodFinish` is reset, causing the `rewardRate` to be increasingly lower.  | Category          | Severity | File             | | ----------------- | -------- | ---------------- | | Denial of Service | Medium   | ZivoeRewards.sol |  ## Summary  T"
280,Zivoe,442,Rewards will be stuck in the `ZivoeRewardsVesting` contract without a way to withdraw them,Audinarey,High; Duplicate; Reward,"Deposit, Withdraw, Fund Loss",Audinarey  high  # Rewards will be stuck in the `ZivoeRewardsVesting` contract without a way to withdraw them  ## Summary The `ZivoeRewardsVesting.sol` contract is susceptible to rewards getting stuck in the contract.  A tested scenarios under which this can happen  Malicious user spams the last reward distribution period by calling [`ZivoeRewardsVesting::depositReward(...)`](https://github.com/sherlock-audit/2024-03-zivoe/blob/main/zivoe-core-foundry/src/ZivoeRewardsVesting.sol#L352) to add a r
280,Zivoe,441,Staking reward accrual in `ZivoeRewards` contract can be blocked.,Tricko,High; Duplicate; Reward,"Deposit, Withdraw, Rounding","Tricko  high  # Staking reward accrual in `ZivoeRewards` contract can be blocked.  ## Summary If frequent calls to `updateReward()` occur, it can block staking reward accrual for specific addresses in the `ZivoeRewards` contract. This vulnerability can be exploited by malicious actors to prevent any account from accruing staking rewards at minimal cost.  ## Vulnerability Detail In the `ZivoeRewards` contract, when rewards are available, staking rewards accumulate over the `rewardDuration` period"
280,Zivoe,432,vesters `ZVE` tokens will be locked in the `ZiveoVestingRewards.sol` without a means of withdrawal if a vester's schedule is revoked,Audinarey,High; Duplicate; Reward,"Deposit, Withdraw, Underflow","Audinarey  high  # vesters `ZVE` tokens will be locked in the `ZiveoVestingRewards.sol` without a means of withdrawal if a vester's schedule is revoked  ## Summary During withdrawal, when [`withdraw()`](https://github.com/sherlock-audit/2024-03-zivoe/blob/main/zivoe-core-foundry/src/ZivoeRewardsVesting.sol#L501) is called the  [`_totalSupply`](https://github.com/sherlock-audit/2024-03-zivoe/blob/main/zivoe-core-foundry/src/ZivoeRewardsVesting.sol#L508) and [`_totalSupplyCheckpoints`](https://git"
280,Zivoe,422,Vulnerability in ClaimAirdrop Function Risks Incorrect ZVE Distribution and Potential Drain from ZivoeRewardsVesting Contract,hulkvision,High; Duplicate; Reward,"Deposit, Fund Drain",hulkvision  high  # Vulnerability in ClaimAirdrop Function Risks Incorrect ZVE Distribution and Potential Drain from ZivoeRewardsVesting Contract  ## Summary A BlackHat could exploit claimAirdrop function and cause Incorrect ZVE Distribution for ITO participants and possibly drain ZVE from ZivoeRewardsVesting contract under specific conditions.  ## Vulnerability Detail `uint256 lower = IERC20(IZivoeGlobals_ITO(GBL).zSTT()).totalSupply() * 3  +(IERC20(IZivoeGlobals_ITO(GBL).zJTT()).totalSupply())
280,Zivoe,421,ZivoeRewardsVesting leaves a user voting power after their token allocation was revoked,Ruhum,High; Duplicate; Reward,"Withdraw, Reentrancy","Ruhum  high  # ZivoeRewardsVesting leaves a user voting power after their token allocation was revoked  ## Summary After a user's token allocation is revoked, the contract still assigns them some voting power.  ## Vulnerability Detail When a user is assigned a vesting schedule, they receive the total amount of tokens as voting power. If that token allocation is revoked, only the withdrawable amount of tokens at that time is subtracted from the user's voting power. The rest is left as is. Thus, t"
280,Zivoe,412,Spillage of Funds or Reward Tokens Due To Rounding,SUPERMAN_I4G,High; Duplicate; Reward,"Deposit, Rounding, Reentrancy","SUPERMAN_I4G  high  # Spillage of Funds or Reward Tokens Due To Rounding  ## Summary The ```depositReward``` function present in the ```ZivoeRewards.sol``` (and ```ZivoeRewardsVesting.sol```) contract is responsible for initiating rewards or yield distribution upon a successful call. This function transfers the reward amount (for a specific reward token) into the contract, and calculates the ```rewardRate``` for the reward token. However each time ```rewardRate``` is calculated, certain portion "
280,Zivoe,411,Malicious user can continuously extend the finish period of a reward token and cause reward dilution for other legit users of the Zivoe reward system.,forgebyola,High; Duplicate; Reward,"Deposit, Reentrancy, First Depositor",forgebyola  medium  # Malicious user can continuously extend the finish period of a reward token and cause reward dilution for other legit users of the Zivoe reward system.  ## Summary A malicious user can make empty rewards deposits into the `ZivoeRewards` contract for a rewardToken to extend the periodFinish of that rewardToken continuously. This would dilute the reward for every other user of the ZivoeReward contract.   ## Vulnerability Detail Users can stake tokens in the `ZivoeRewards` cont
280,Zivoe,409,Incorrect accounting in `ZivoeRewardsVesting::revokeVestingSchedule()` will cause late user(s) to be denied the complete withdrawal of ZVE in `ZivoeRewardsVesting::withdraw()`,Dliteofficial,High; Duplicate; Reward,"Withdraw, Underflow, Reentrancy","Dliteofficial  high  # Incorrect accounting in `ZivoeRewardsVesting::revokeVestingSchedule()` will cause late user(s) to be denied the complete withdrawal of ZVE in `ZivoeRewardsVesting::withdraw()`  ## Summary  ## Vulnerability Detail  Given that ZivoeITO is a template contract for Initial Tranche Offering, even though it doesn't currently support revoking a vesting schedule, there could be a variation of this that causes the inability of late user(s) from withdrawing the ZVE locked in the Rewa"
280,Zivoe,408,"A malicious actor can reduce the reward rate in ZivoeRewardsVesting, depriving stakers of the rewards they rightfully deserve within the same timeframe.",Dliteofficial,High; Duplicate; Reward,"Deposit, Withdraw, Reentrancy","Dliteofficial  medium  # A malicious actor can reduce the reward rate in ZivoeRewardsVesting, depriving stakers of the rewards they rightfully deserve within the same timeframe.  ## Summary  ## Vulnerability Detail  When users participate in the Initial Tranche Offering by depositing in the junior or senior tranche, they are entitled to 1zJTT and 1pzJTT, as well as 1zSTT and 3pzSTT, respectively. The pzSTT and pzJTT are the rewards for participating in the tranches, rewards redeemable in proport"
280,Zivoe,407,"A malicious actor can reduce the reward rate in ZivoeRewards, depriving stakers of the rewards they rightfully deserve within the same timeframe.",Dliteofficial,High; Duplicate; Reward,"Deposit, Withdraw, Reentrancy","Dliteofficial  medium  # A malicious actor can reduce the reward rate in ZivoeRewards, depriving stakers of the rewards they rightfully deserve within the same timeframe.  ## Summary  ## Vulnerability Detail  ZivoeRewards allows zSTT, zJTT, and ZVE holders to stake their tokens to earn more rewards either by calling `ZivoeRewards::stake()` or getting someone to call `ZivoeRewards::stakeFor()` on their behalf. As a result, users who stake their tokens become liquidity providers (LPs). LPs in Zivo"
280,Zivoe,404,Incorrect Accounting in `ZivoeVesting` can damage internal accounting of protocol,forgebyola,High; Duplicate; Reward,"Withdraw, Reentrancy","forgebyola  medium  # Incorrect Accounting in `ZivoeVesting` can damage internal accounting of protocol  ## Summary medium Incorrect accounting of totalSupply and totalCheckpoints in `ZivoeRewardsVesting.revokeVestingSchedule` can cause internal accounting of the ZivoeVesting contract to be altered adversely which can cause loss to the protocol  ## Vulnerability Detail In `ZivoeRewardVesting`, vesting schedules can be created by the ITO and locker contracts for a user. This locks an amount for t"
280,Zivoe,399,`OCY_Convex_C.claimRewards` will revert if extra rewards  > 0,Ironsidesec,High; Duplicate; Reward,"Withdraw, Reentrancy","Ironsidesec  medium  # `OCY_Convex_C.claimRewards` will revert if extra rewards  > 0    ## Summary [OCY_Convex_C.claimRewards]() will always revert due to the wrong token called in [L217](https://github.com/sherlock-audit/2024-03-zivoe/blob/01e00e6f27b58392a6fa0b82c84a46a783a0df3c/zivoe-core-foundry/src/lockers/OCY/OCY_Convex_C.sol#L217 ). Look at the recommendation section for better understanding.   Impact: permanent loss of rewards.   ## Vulnerability Detail   Anyone can c"
280,Zivoe,393,Voting Power Retention After Vesting Revocation,Tychai0s,High; Duplicate; Reward,Withdraw,"Tychai0s  medium  # Voting Power Retention After Vesting Revocation  ## Summary The contract allows users to retain voting power beyond what has vested when revoking a vesting schedule, leading to an inconsistency between the actual token balance and voting power.  ## Vulnerability Detail In the [`ZivoeRewardsVesting.sol`](https://github.com/sherlock-audit/2024-03-zivoe/blob/main/zivoe-core-foundry/src/ZivoeRewardsVesting.sol#L453) contract, when a user revokes a vesting schedule, the contract o"
280,Zivoe,391,There is an error in the claimRewards function within the OCY_Convex_A and OCY_Convex_C contracts,ether_sky,High; Duplicate; Reward,Reentrancy,"ether_sky  medium  # There is an error in the claimRewards function within the OCY_Convex_A and OCY_Convex_C contracts  ## Summary  ## Vulnerability Detail When claiming `rewards` from `Convex`, there is also an option to claim `extra rewards`. Currently, the `pools` have no `extra rewards`, but the `manager` can add `extra rewards` to these `pools` in the future. In the case when there are `extra rewards`, there is an error in the claiming process. Instead of transferring the `rewar"
280,Zivoe,386,Tokens will be stuck in ZivoeRewards contracts because of precision loss when calculating reward rate,flacko,High; Duplicate; Reward,"Deposit, Precision","flacko  medium  # Tokens will be stuck in ZivoeRewards contracts because of precision loss when calculating reward rate  ## Summary Due to precision loss when calculating the `rewardRate` in the rewards and vesting contracts, reward tokens will accumulate and be left stuck.  ## Vulnerability Detail When rewards are deposited to an instance of **ZivoeRewards** or **ZivoeRewardsVesting** via `depositRewards()`, the `rewardRate` for the deposited `_rewardsToken` will be either calculated for the fi"
280,Zivoe,384,Staking rewards in ZivoeRewards/ZivoeRewardsVesting can be delayed.,sl1,High; Duplicate; Reward,"Deposit, Access Control","sl1  medium  # Staking rewards in ZivoeRewards/ZivoeRewardsVesting can be delayed.  ## Summary ZivoeRewards and ZivoeRewardsVesting allow staking of tokens to receive yield. Currently, anyone can prolong the time for rewards to get distributed, essentially locking funds in the contract and diluting the yield for users. ## Vulnerability Detail To deposit rewards for distribution `depositReward()` must be called. During that the rewardRate is calculated and the end timestamp of the distribution is"
280,Zivoe,382,`ZivoeITO`'s `claimAirdrop` will be impacted by the new `zSTT` and `zJTT` minting. Users will receive less rewards than they should.,saidam017,High; Duplicate; Reward,Deposit,"saidam017  high  # `ZivoeITO`'s `claimAirdrop` will be impacted by the new `zSTT` and `zJTT` minting. Users will receive less rewards than they should.  ## Summary  When the ITO ends, `migrateDeposits` is called to conclude the ITO by transferring the stablecoins to the DAO, then `unlock` the `YDL` and `ZVT` (Zivoe Tranches) contract. Then users who participated in the ITO can call `claimAirdrop` to claim the `zJTT` and `zSTT`, as well as to receive extra vested `ZVE` rewards that depend on the "
280,Zivoe,379,`revokeVestingSchedule` will not completely remove users voting power,saidam017,High; Duplicate; Reward,"Withdraw, Reentrancy","saidam017  medium  # `revokeVestingSchedule` will not completely remove users voting power  ## Summary  Currently, `ZVL` can revoke the created vesting schedule by calling `revokeVestingSchedule`. However, this action will not completely remove user's voting power. Revoked users will still retain the remaining unstaked tokens as voting power inside the checkpoints accounting.  ## Vulnerability Detail  When `revokeVestingSchedule` is called, it can be observed that it will decrease user's balance"
280,Zivoe,378,`revokeVestingSchedule` incorrectly update total supply and checkpoints,saidam017,High; Duplicate; Reward,"Withdraw, Reentrancy","saidam017  medium  # `revokeVestingSchedule` incorrectly update total supply and checkpoints  ## Summary  Currently, `ZVL` can revoke the created vesting schedule by calling `revokeVestingSchedule`. However, this action will incorrectly update the total supply and checkpoints inside the Vesting contract, potentially leading to issues such as incorrect reward distribution and users failing to withdraw from the vesting contract.  ## Vulnerability Detail  When `revokeVestingSchedule` is called, it "
280,Zivoe,376,Any user can grief rewards distribution `rewardRate` variable,amar,High; Duplicate; Reward,"Deposit, Access Control",amar  high  # Any user can grief rewards distribution `rewardRate` variable  ## Summary Any user can grief the rewards distribution `rewardRate` variable ## Vulnerability Detail Let's take a closer look at how the `rewardRate` variable is [calculated](https://github.com/sherlock-audit/2024-03-zivoe/blob/d4111645b19a1ad3ccc899bea073b6f19be04ccd/zivoe-core-foundry/src/ZivoeRewards.sol#L228-L238) in the `ZivoeRewards.sol` contract when any arbitrary user deposits rewards:  ```solidity     else {   
280,Zivoe,372,"""Revoked"" vesting amount can still be used for voting even after vesting is revoked",amar,High; Duplicate; Reward,Withdraw,"amar  high  # ""Revoked"" vesting amount can still be used for voting even after vesting is revoked  ## Summary When a user's vesting schedule is revoked, the voting checkpoints are not zero'd out properly and any leftover vesting amount which is considered revoked, will still be able to be used when voting ## Vulnerability Detail When a user's vesting schedule is created, the vesting amount is [staked](https://github.com/sherlock-audit/2024-03-zivoe/blob/main/zivoe-core-foundry/src/ZivoeRewardsVe"
280,Zivoe,368,Initial depositors are unable to airdrop ZVE tokens correctly in the Initial Tranche Offering,ether_sky,High; Duplicate; Reward,"Deposit, Reentrancy, Fund Loss","ether_sky  high  # Initial depositors are unable to airdrop ZVE tokens correctly in the Initial Tranche Offering  ## Summary In the `Initial Tranche Offering`, initial `depositors` can deposit `stable coins` and airdrop `ZVE` tokens at the end of the `ITO`. The airdrop should account for `5%` of the total `ZVE` supply. This step is crucial for attracting more users to deposit `stable coins` into the `protocol` by providing `ZVE` tokens. However, these `depositors` may end up airdropping fewer `Z"
280,Zivoe,361,Wrong value decremented from `_totalSupplyCheckpoints` when revoking a vesting schedule will lead to last users not being able to withdraw their funds,amar,High; Duplicate; Reward,"Withdraw, Underflow",amar  high  # Wrong value decremented from `_totalSupplyCheckpoints` when revoking a vesting schedule will lead to last users not being able to withdraw their funds  ## Summary Wrong value is decremented from `_totalSupplyCheckpoints` when vesting is revoked ## Vulnerability Detail Vesting schedules in Zivoe can be [revoked](https://github.com/sherlock-audit/2024-03-zivoe/blob/d4111645b19a1ad3ccc899bea073b6f19be04ccd/zivoe-core-foundry/src/ZivoeRewardsVesting.sol#L429-L467) if created revokable.
280,Zivoe,360,Wrong value decremented from `totalSupply` when revoking a vesting schedule will lead to last users not being able to withdraw their funds,amar,High; Duplicate; Reward,"Withdraw, Underflow",amar  high  # Wrong value decremented from `totalSupply` when revoking a vesting schedule will lead to last users not being able to withdraw their funds  ## Summary Wrong value is decremented from `_totalSupply` when vesting is revoked ## Vulnerability Detail Vesting schedules in Zivoe can be [revoked](https://github.com/sherlock-audit/2024-03-zivoe/blob/d4111645b19a1ad3ccc899bea073b6f19be04ccd/zivoe-core-foundry/src/ZivoeRewardsVesting.sol#L429-L467) if created revokable. The issue is that the 
280,Zivoe,358,Post-ITO Total Supply (Tranche tokens) Changes Cause Inequitable $ZVE Vesting in ZivoeITO Airdrop,0xShax2nk.in,High; Duplicate; Reward,Deposit,0xShax2nk.in  medium  # Post-ITO Total Supply (Tranche tokens) Changes Cause Inequitable $ZVE Vesting in ZivoeITO Airdrop  ## Summary  The ZivoeITO smart contract is designed to handle the distribution of rewards on the conclusion of an ITO. The `claimAirdrop()` function is responsible for calculating and distributing $ZVE tokens to participants based on their contributions or participation during the ITO.  ## Vulnerability Detail  Once the ITO is concluded it unlocks the ZivoeTranches contract 
280,Zivoe,357,Checkpoints for total supply and balance are incorrectly updated when revoking the vesting schedule.,ether_sky,High; Duplicate; Reward,"Withdraw, Reentrancy","ether_sky  medium  # Checkpoints for total supply and balance are incorrectly updated when revoking the vesting schedule.  ## Summary In the `ZivoeRewardsVesting`, the `checkpoints` for `total supply` and `balance` are incorrectly updated when revoking the `vesting schedule`. ## Vulnerability Detail The `ZVL` can create a `revokable vesting schedule` for a user. ```solidity function createVestingSchedule(     address account,      uint256 daysToCliff,      uint256 daysToVest,      uint256 amount"
280,Zivoe,356,`OCE_ZVE. forwardEmissions` lacks access control,Ironsidesec,High; Duplicate; Reward,"Deposit, Withdraw, Access Control","Ironsidesec  high  # `OCE_ZVE. forwardEmissions` lacks access control    ## Summary Issues happen on stZVE, stJTT, and stSTT contarcts. But the root cause is from  `OCE_ZVE` contract's [forwardEmissions](https://github.com/sherlock-audit/2024-03-zivoe/blob/01e00e6f27b58392a6fa0b82c84a46a783a0df3c/zivoe-core-foundry/src/lockers/OCE/OCE_ZVE.sol#L131)   This issue is not a duplicate of another issue where `(stZVE).depositReward` lacks access control, even if you fix `(stZVE).depositReward` to have "
280,Zivoe,352,ZivoeRewardsVesting's totalSupply breaks when a user's vesting schedule is revoked,Ruhum,High; Duplicate; Reward,"Withdraw, Underflow, Reentrancy","Ruhum  high  # ZivoeRewardsVesting's totalSupply breaks when a user's vesting schedule is revoked  ## Summary When a user's vesting schedule is revoked, it removes more tokens from `totalSupply` than it should causing the reward token distribution to be flawed.  ## Vulnerability Detail When a vesting schedule is revoked it subtracts `vestingAmount` from `totalSupply`, where `vestingAmount` is the total amount of tokens that are assigned to the user:  ```sol     /// @notice Ends vesting schedule "
280,Zivoe,348,`ZivoeRewards` Anyone can prolong the reward distribution time,marchev,High; Duplicate; Reward,"Deposit, Access Control","marchev  medium  # `ZivoeRewards` Anyone can prolong the reward distribution time  ## Summary  Anyone can prolong the time for reward distribution with as little as 1 wei.  ## Vulnerability Detail  In the `ZivoeRewards` and `ZivoeRewardsVesting` contracts, rewards are added via the `depositReward()` function and are then distributed to all stakers over a set duration. The distribution rate, or `rewardRate`, is recalculated every time rewards are deposited according to this code:  ```sol // Updat"
280,Zivoe,343,`ZivoeRewardsVesting`  : reward rate can be deflated,Ironsidesec,High; Duplicate; Reward,"Deposit, Access Control, Reentrancy","Ironsidesec  high  # `ZivoeRewardsVesting`  : reward rate can be deflated  ## Summary Issue happens on `ZivoeRewardsVesting` contract's [depositReward](https://github.com/sherlock-audit/2024-03-zivoe/blob/01e00e6f27b58392a6fa0b82c84a46a783a0df3c/zivoe-core-foundry/src/ZivoeRewardsVesting.sol#L352)    root cause: missing access control to `depositReward` Impact : 1. make reward emission very slow by decreasing reward rate, 3. causing DOS to yield distribution on [ZivoeYDL.distributeYield](https:/"
280,Zivoe,338,` ZivoeRewardsVesting.withdraw` will revert due to wrong `_totalSupplyCheckpoints` acounting,Ironsidesec,High; Duplicate; Reward,"Withdraw, Underflow, Reentrancy",Ironsidesec  medium  # ` ZivoeRewardsVesting.withdraw` will revert due to wrong `_totalSupplyCheckpoints` acounting     ## Summary   **Root cause :** wrong `_totalSupplyCheckpoints` accounting on [ZivoeRewardsVesting.revokeVestingSchedule](https://github.com/sherlock-audit/2024-03-zivoe/blob/01e00e6f27b58392a6fa0b82c84a46a783a0df3c/zivoe-core-foundry/src/ZivoeRewardsVesting.sol#L452)`   **impact :**     1. DOS on [ZivoeRewardsVesting.withdraw](https://github.com/sherlock-audit/2024-03-zivoe/blob
280,Zivoe,335,`_writeCheckpoint` wrongly updated in the `revokeVestingSchedule` function causing incorrect management of voting power.,Afriaudit,High; Duplicate; Reward,"Withdraw, Reentrancy","Afriaudit  medium  # `_writeCheckpoint` wrongly updated in the `revokeVestingSchedule` function causing incorrect management of voting power.  ## Summary The ` _writeCheckpoint(_totalSupplyCheckpoints, _subtract, vestingAmount)` function is called when revoking a schedule and its intended to update the `_totalSupplyCheckpoints` which record the historical total supply of votes. When a schedule is being revoked in the `ZivoeRewardsVesting` contract, the total votes allocated to the  user is being"
280,Zivoe,328,Splitting ITO into 2 or more airdrops is more profitable,AMOW,High; Duplicate; Reward,"Deposit, Share Manipulation","AMOW  medium  # Splitting ITO into 2 or more airdrops is more profitable  ## Summary User can split their ITO into 2, claim the first airdrop, burn their zSTT and zJTT and get more vested tokens from the second airdrop claim ## Vulnerability Detail Once ITO is over, users are able to call [`claimAirdrop()`](https://github.com/Zivoe/zivoe-core-foundry/blob/ad27cffdf96eaaa33274bfba0dda9b60e36d29a2/src/ZivoeITO.sol#L203) which transfers their senior and junior creditsOwned, calls `createVestingSche"
280,Zivoe,321,Revoking a vesting schedule after funds have been withdrawn breaks LP totalSupply accounting,AMOW,High; Duplicate; Reward,"Withdraw, Reentrancy","AMOW  high  # Revoking a vesting schedule after funds have been withdrawn breaks LP totalSupply accounting  ## Summary Revoking a user's vesting schedule reduces the LP `_totalSupply` variable by the original `totalVesting`. If a user has accumulated funds and calls `withdraw`, the LP _totalSupply is reduced by `amountWithdrawable`. If a user has withdrawn funds and gets their vesting revoked afterwards, _totalSupply would be wrongfully over-decreased by the withdrawn amount + total original ves"
280,Zivoe,319,Permisionless `depositReward` allows substantial grief of `rewardRate`,AMOW,High; Duplicate; Reward,"Deposit, Access Control, Reentrancy","AMOW  high  # Permisionless `depositReward` allows substantial grief of `rewardRate`  ## Summary Upon calling [`depositReward`](https://github.com/sherlock-audit/2024-03-zivoe/blob/main/zivoe-core-foundry/src/ZivoeRewards.sol#L228-L242) in `ZivoeRewards` and `ZivoeRewardsVesting` leftover rewards to distribute are divided by the entire distribution duration, decreasing the rate substantially.  ## Vulnerability Detail In both rewards contracts, the `depositReward` method lacks access control and "
280,Zivoe,316,Incorrect subtraction in `ZivoeRewardsVesting#revokeVestingSchedule()`,0xpiken,High; Duplicate; Reward,"Withdraw, Underflow, Reentrancy",0xpiken  high  # Incorrect subtraction in `ZivoeRewardsVesting#revokeVestingSchedule()`  ## Summary Incorrect values are used for subtraction in [`ZivoeRewardsVesting#revokeVestingSchedule()`](https://github.com/sherlock-audit/2024-03-zivoe/blob/main/zivoe-core-foundry/src/ZivoeRewardsVesting.sol#L429-L467)  ## Vulnerability Detail `ZVL` can set a revokable (`revokable = true`) vestingSchedule for an account via calling [`ZivoeRewardsVesting#createVestingSchedule()`](https://github.com/sherlock-
280,Zivoe,314,wrong `_totalSupply` accounting  causing DOS on `ZivoeRewardsVesting.withdraw` and `ZivoeRewardsVesting.revokeVestingSchedule`,Ironsidesec,High; Duplicate; Reward,"Withdraw, Underflow, Reentrancy",Ironsidesec  medium  # wrong `_totalSupply` accounting  causing DOS on `ZivoeRewardsVesting.withdraw` and `ZivoeRewardsVesting.revokeVestingSchedule`        ## Summary   Root cause: wrong `_totalSupply` accounting on  [ZivoeRewardsVesting.revokeVestingSchedule](https://github.com/sherlock-audit/2024-03-zivoe/blob/01e00e6f27b58392a6fa0b82c84a46a783a0df3c/zivoe-core-foundry/src/ZivoeRewardsVesting.sol#L451)   impact :     1. DOS on [ZivoeRewardsVesting.withdraw](https://github.com/sherlock-audit/2
280,Zivoe,311,`_totalSupply` parameter wrongly updated  in `revokeVestingSchedule` function causing loss of reward for users with vesting schedule in `ZivoeRewardsVesting`,Afriaudit,High; Duplicate; Reward,"Withdraw, Reentrancy","Afriaudit  high  # `_totalSupply` parameter wrongly updated  in `revokeVestingSchedule` function causing loss of reward for users with vesting schedule in `ZivoeRewardsVesting`  ## Summary When a schedule is being revoked in the `ZivoeRewardsVesting` contract, the total amount of tokens vest `totalVesting`  of the user is being deducted from the variable `_totalSupply`. However the amount of token already vested to and withdrawn by the user which had already being deducted from `_totalSupply` pr"
280,Zivoe,310,A revoked vesting recipient can still vote with checkpoints worth `vestingAmount - vested amount`,Ironsidesec,High; Duplicate; Reward,"Withdraw, Reentrancy","Ironsidesec  medium  # A revoked vesting recipient can still vote with checkpoints worth `vestingAmount - vested amount`  ## Summary In [ZivoeRewardsVesting.revokeVestingSchedule](https://github.com/sherlock-audit/2024-03-zivoe/blob/01e00e6f27b58392a6fa0b82c84a46a783a0df3c/zivoe-core-foundry/src/ZivoeRewardsVesting.sol#L429),  the balance is set to 0, meaning any voting rights have to be completely removed, and all the vesting allocation is also set to 0. But some checkpoints are not removed due"
280,Zivoe,303,ZivoeRewards::depositReward anybody can reset remaining rewards duration,cergyk,High; Duplicate; Reward,"Deposit, Reentrancy","cergyk  medium  # ZivoeRewards::depositReward anybody can reset remaining rewards duration  ## Summary  An attacker can spread remaining rewards over the whole `rewardDuration`  with amount == 0  ## Vulnerability Detail  `ZivoeRewards::depositReward` and `ZivoeRewardsVesting::depositReward` are used to deposit a reward to these contracts for distribution.  The issue with the function is it is unpermissioned, but it impacts the distribution of existing rewards to users: By depositing 1 wei of rew"
280,Zivoe,294,`OCY_Convex_C::claimRewards` will trap extra rewards in the contract instead of transferring them to `OCT_YDL`,cergyk,High; Duplicate; Reward,Reentrancy,"cergyk  high  # `OCY_Convex_C::claimRewards` will trap extra rewards in the contract instead of transferring them to `OCT_YDL`  ## Summary  `OCY_Convex_C::claimRewards` will trap rewards in `OCY_Convex_C` because `balanceOf()` is called on the `rewardToken` which is a wrapper around CVX or PyUSD, whereas CVX or PyUSD are directly received by OCY_Convex_C.  ## Vulnerability Detail  > Please note that we will be explaining the issue using OCY_Convex_C because it has two `extraRewards` (CVX and pyU"
280,Zivoe,292,Airdrop rewards for ITO pariticipants will be diluted.,sl1,High; Duplicate; Reward,Deposit,"sl1  medium  # Airdrop rewards for ITO pariticipants will be diluted.  ## Summary The Initial Tranche Offering is a liquidity bootstrapping event and will be the first opportunity for users to deposit stablecoins and receive protocol tokens. To incentivize participation, 5% of the ZVE token supply will be airdropped to users that participate in this event. Currently, there exists a flaw in `claimAirdrop()` function of the ZivoeITO, which will result in airdrop rewards being diluted. ## Vulnerabi"
280,Zivoe,291,"In `ZivoeITO`, since `claimAirdrop` doesn't use total supply of junior & senior tranch tokens at the time of the token migration, the owners of credit may receive less $ZVE than expected.",didi,High; Duplicate; Reward,Deposit,"didi  medium  # In `ZivoeITO`, since `claimAirdrop` doesn't use total supply of junior & senior tranch tokens at the time of the token migration, the owners of credit may receive less $ZVE than expected.  ## Summary  In `ZivoeITO`, the depositors will receive $ZVE according to the amount of purchased amount of junior & senior tranch tokens. This amount of $ZVE is calculated based on the proportion of owned junior & senior tranch tokens against those total supply at the moment of ITO is ended. Ho"
280,Zivoe,289,depositReward() function reduces rewardRate incorrectly causing delayed reward distribution and can be used by a griefer,t0x1c,High; Duplicate; Reward,"Interest Rate, Deposit, Fund Loss","t0x1c  high  # depositReward() function reduces rewardRate incorrectly causing delayed reward distribution and can be used by a griefer  ## Summary The `depositReward()` function in both `ZivoeRewards.sol` and `ZivoeRewardsVesting.sol` modifies the `rewardRate` incorrectly by reducing it more than it ought to. While this in itself is problematic in the normal flow of events, a griefer can further exploit this by depositing `0 wei` and continually delaying reward payout through a reduction in the"
280,Zivoe,277,claimRewards may fail to execute,Drynooo,High; Duplicate; Reward,Other,"Drynooo  high  # claimRewards may fail to execute  ## Summary If there are additional rewards, the[ claimRewards function will fail](https://github.com/sherlock-audit/2024-03-zivoe/blob/d4111645b19a1ad3ccc899bea073b6f19be04ccd/zivoe-core-foundry/src/lockers/OCY/OCY_Convex_C.sol#L217). Because rewardContract does not have a transfer function.  ## Vulnerability Detail Find one of the [rewardContracts ](https://etherscan.io/address/0x6dF312B6367F53e4b7875738d32DE7925A72a1CF#code)based on "
280,Zivoe,273,Malicious actor can reduce reward rate potentially preventing users from ever getting full reward in the ZivoeRewards contract.,Afriaudit,High; Duplicate; Reward,"Deposit, Access Control","Afriaudit  high  # Malicious actor can reduce reward rate potentially preventing users from ever getting full reward in the ZivoeRewards contract.  ## Summary A malicious actor could spread out reward meant to be claimed in a few days over another 30 days period and can continually do this at zero cost to the malicious actor, and can do this repeatedly preventing users from ever actualizing full reward or a very long time to achieve full reward  ## Vulnerability Detail The `depositReward` functi"
280,Zivoe,271,`ZivoeRewards` : anyone can deflate the reward rate.,Ironsidesec,High; Duplicate; Reward,"Deposit, Access Control, Reentrancy","Ironsidesec  high  # `ZivoeRewards` : anyone can deflate the reward rate.  ## Summary Issue happens on `ZivoeRewards` contract's [depositReward](https://github.com/sherlock-audit/2024-03-zivoe/blob/01e00e6f27b58392a6fa0b82c84a46a783a0df3c/zivoe-core-foundry/src/ZivoeRewards.sol#L228)    root cause: missing access control to `depositReward` Impact : 1. make reward emission very slow by decreasing reward rate, 3. causing DOS to yield distribution on [ZivoeYDL.distributeYield](https://github.com/sh"
280,Zivoe,270,Malicious users can deposit 0 assets to prolong the reward end time,Bauer,High; Duplicate; Reward,Deposit,"Bauer  high  # Malicious users can deposit 0 assets to prolong the reward end time  ## Summary  The function `depositReward()` allows for depositing assets, including 0, to extend the end time of reward tokens.   ## Vulnerability Detail  The purpose of the `depositReward()` function is to deposit a reward into the contract for distribution. After updating the rewardRate of the reward token, the protocol updates `rewardData[_rewardsToken].lastUpdateTime = block.timestamp` and `rewardData[_rewards"
280,Zivoe,264,_totalSupply update errors will cause user reward calculation errors.,Drynooo,High; Duplicate; Reward,Withdraw,"Drynooo  medium  # _totalSupply update errors will cause user reward calculation errors.  ## Summary In the revokeVestingSchedule function, revocation causes _totalSupply to be reduced. But the contract incorrectly subtracts vestingAmount. This may make _totalSupply less than it actually is, making the reward calculation larger.  ## Vulnerability Detail Assumptions: 1. After createVestingSchedule, some time has passed. The user's tokens have been partially unlocked. 2. The user calls the withdra"
280,Zivoe,263,`ZivoeRewards`  lacks  reward rate and balance check on `depositReward()`,Ironsidesec,High; Duplicate; Reward,"Deposit, Withdraw, Overflow",Ironsidesec  medium  # `ZivoeRewards`  lacks  reward rate and balance check on `depositReward()`  ## Summary  From [ZivoeRewards.depositReward()](https://github.com/sherlock-audit/2024-03-zivoe/blob/01e00e6f27b58392a6fa0b82c84a46a783a0df3c/zivoe-core-foundry/src/ZivoeRewards.sol#L228) This issue's root cause is the missing validation of reward rate. And it cannot be fixed by making the deposit reward action access control callable by only the YDL contract. So the proper fix is to add the check l
280,Zivoe,262,Division may cause a lot of reward tokens to be locked in the contract,Drynooo,High; Duplicate; Reward,"Deposit, Precision, Reentrancy","Drynooo  high  # Division may cause a lot of reward tokens to be locked in the contract  ## Summary The rewardRate is calculated by division in the depositReward function, but the loss of precision is not considered. This results in some funds being locked up in the contract.  ## Vulnerability Detail If rewardsToken is USDC, the token precision is 6. Calculated based on the rewardsDuration in the test contract being 30 days, each call to the depositReward function may cause a maximum loss of 2.5"
280,Zivoe,261,An attacker can extend the user's reward release time,Drynooo,High; Duplicate; Reward,"Deposit, Reentrancy","Drynooo  medium  # An attacker can extend the user's reward release time  ## Summary The contract uses the depositReward function to inject rewards, but attackers can also use this function to extend the reward release cycle. Because the release time will be reset when this function is called.  ## Vulnerability Detail The attacker only needs to call the depositReward function and set [the reward quantity parameter](https://github.com/sherlock-audit/2024-03-zivoe/blob/d4111645b19a1ad3ccc899bea073"
280,Zivoe,260,Incorrect calculations can result in user losses,Drynooo,High; Duplicate; Reward,Deposit,"Drynooo  high  # Incorrect calculations can result in user losses  ## Summary When calculating the number of airdrops that users can obtain, it will be calculated based on the supply of zSTT and zJTT. An increase in supply will dilute the number of airdrops that users should receive.  ## Vulnerability Detail When calculating the number of airdrops available to users, [the supply of zSTT and zJTT is used as the denominator, but seniorCreditsOwned and juniorCreditsOwned are used as the numerator]("
280,Zivoe,259,Users' votes are not correctly removed while ````revokeVestingSchedule()````,KingNFT,High; Duplicate; Reward,"Withdraw, Reentrancy","KingNFT  medium  # Users' votes are not correctly removed while ````revokeVestingSchedule()````  ## Summary In ````ZivoeRewardsVesting.revokeVestingSchedule()````, users' balance history (````_checkpoints[account]````) are wrongly updated, users can still cast votes after revoking.  ## Vulnerability Detail The issue arises on L453, the amount that should be removed is not the current ````amountWithdrawable()````, but ````_balances[account]````. Otherwise, users' voting power still exist after ``"
280,Zivoe,253,`ZivoeRewardsVesting` Flawed total supply accounting may lead to failed or exploitable vesting schedule revocations,marchev,High; Duplicate; Reward,"Reentrancy, Withdraw, Underflow","marchev  high  # `ZivoeRewardsVesting` Flawed total supply accounting may lead to failed or exploitable vesting schedule revocations  ## Summary  An error in the accounting of the vestZVE `_totalSupply` will lead to a failure in revoking the last vesting schedule if any tokens have already been withdrawn from it.  ## Vulnerability Detail  The `ZivoeRewardsVesting` contract, which manages the vestZVE tokens, uses `_totalSupply` to track the total amount of non-transferrable vestZVE tokens. The `_"
280,Zivoe,251,Vestable ZVE amounts can be inflated or deflated to any victim despositor,Ironsidesec,High; Duplicate; Reward,Deposit,"Ironsidesec  high  # Vestable ZVE amounts can be inflated or deflated to any victim despositor    ## Summary Vestable ZVE amounts can be inflated or deflated to any victim despositor. Due to the calculation dependence of the volatile current ZVE, zJTT, and zSTT tokens total supply.   ## Vulnerability Detail  https://github.com/sherlock-audit/2024-03-zivoe/blob/01e00e6f27b58392a6fa0b82c84a46a783a0df3c/zivoe-core-foundry/src/ZivoeITO.sol#L203-L242  ```solidity File: 2024-03-zivoe\zivoe-core-foundr"
280,Zivoe,247,Attacker can manipulate other users' staking rewards with `depositReward()`,0xboriskataa,High; Duplicate; Reward,"Deposit, Access Control, Reentrancy",0xboriskataa  high  # Attacker can manipulate other users' staking rewards with `depositReward()`  ## Summary Most of the code used in `ZivoeRewards` is a modified version of the synthetix staking contract. An example of it can be found here: https://solidity-by-example.org/defi/staking-rewards/. There is a function in `ZivoeRewards` called `depositReward()` which takes most of its implementation from the function `notifyRewardAmount()` in the provided link. The problem is that the `depositRewar
280,Zivoe,246,A malicious actor can withold up to 25% of rewards from ZivoeRewards for multiple months for all users at no cost,14si2o_Flint,High; Duplicate; Reward,"Deposit, Precision, Access Control","14si2o_Flint  medium  # A malicious actor can withold up to 25% of rewards from ZivoeRewards for multiple months for all users at no cost  ## Summary  The `depositReward(rewardToken,amount)` function is called by the Zivoe YDL to deposit monthly rewards which can then be distributed to the various actors. If a deposit happens while there is still a reward being distributed, the leftover reward will add with the deposited reward to calculate a new rewardRate and the reward duration will reset to "
280,Zivoe,242,Loss of staker due to lack of access control of `depositReward()` in `ZivoeRewards.sol` and `ZivoeRewardsVesting.sol`.,FastTiger,High; Duplicate; Reward,"Deposit, Withdraw, Access Control","FastTiger  high  # Loss of staker due to lack of access control of `depositReward()` in `ZivoeRewards.sol` and `ZivoeRewardsVesting.sol`.  ## Summary Since `depositReward()` can be called by anyone, stakers cannot receive exact rewards when they withdraw funds. ## Vulnerability Detail The `depositReward()` function is as follows. ```solidity     function depositReward(address _rewardsToken, uint256 reward) external updateReward(address(0)) nonReentrant {         IERC20(_rewardsToken).safeTransfe"
280,Zivoe,239,Incorrect logic causes inaccurate values for a weight/votes checkpoint,samuraii77,High; Duplicate; Reward,"Withdraw, Reentrancy",samuraii77  medium  # Incorrect logic causes inaccurate values for a weight/votes checkpoint  ## Summary Incorrect value for the `_writeCheckpoint()` function used in `ZivoeRewardsVesting::revokeVestingSchedule()` causes an inaccurate value for a weight/votes checkpoint  ## Vulnerability Detail This is the `ZivoeRewardsVesting::withdraw()` function: ```solidity     function withdraw() public nonReentrant updateReward(_msgSender()) {             uint256 amount = amountWithdrawable(_msgSender()); 
280,Zivoe,238,`ZivoeRewardsVesting` Miscalculation when revoking vesting schedule incorrectly grants users the entire vesting schedule voting power,marchev,High; Duplicate; Reward,"Reentrancy, Withdraw, Precision","marchev  high  # `ZivoeRewardsVesting` Miscalculation when revoking vesting schedule incorrectly grants users the entire vesting schedule voting power  ## Summary  Due to an incorrect calculation, revoking a vesting schedule grants the user full voting power associated with the entire vesting schedule instead of the amount that has vested up to that point.  ## Vulnerability Detail  The Zivoe protocol allows vesting schedules to be revoked if `revokable` is set to `true`:  https://github.com/sher"
280,Zivoe,235,The 5% ZVE Token is not distributed to the ITO participants.,dany.armstrong90,High; Duplicate; Reward,Deposit,"dany.armstrong90  medium  # The 5% ZVE Token is not distributed to the ITO participants.  ## Summary For ITO participants, 5% of ZVE Token should be distributed, but less than that because of the misdistribution formula.  ## Vulnerability Detail `ZivoeITO.sol#claimAirdrop`function is following. ```solidity     function claimAirdrop(address depositor) external returns (         uint256 zSTTClaimed, uint256 zJTTClaimed, uint256 ZVEVested     ) {         ...          // Temporarily store credit val"
280,Zivoe,234,It may not be consistent in calculating the Reward compensation for LPs.,dany.armstrong90,High; Duplicate; Reward,"Deposit, Access Control, Reentrancy","dany.armstrong90  medium  # It may not be consistent in calculating the Reward compensation for LPs.  ## Summary The attacker uses the `ZivoeRewards.sol#depositReward` function with no access control and destroy consistency in the distribution of the Reward rewards to LPs.  ## Vulnerability Detail `ZivoeRewards.sol#depositReward`function is following. ```solidity     function depositReward(address _rewardsToken, uint256 reward) external updateReward(address(0)) nonReentrant {         IERC20(_rew"
280,Zivoe,222,`claimRewards()` might revert due to Incorrect token transferring,0xpiken,High; Duplicate; Reward,Deposit,"0xpiken  medium  # `claimRewards()` might revert due to Incorrect token transferring  ## Summary When [`OCY_Convex_A#claimRewards()`](https://github.com/sherlock-audit/2024-03-zivoe/blob/main/zivoe-core-foundry/src/lockers/OCY/OCY_Convex_A.sol#L246-L266) or [`OCY_Convex_C#claimRewards()`](https://github.com/sherlock-audit/2024-03-zivoe/blob/main/zivoe-core-foundry/src/lockers/OCY/OCY_Convex_C.sol#L200-L220) is called to claim extra rewards, `rewardContract` was mistakenly used to call `sa"
280,Zivoe,220,"Revoking a vesting schedule underrepresents `_totalSupply` of vestZVE contract, causing the earnings to be unfairly distributed.",9oelm,High; Duplicate; Reward,"Deposit, Withdraw, Reentrancy","9oelm  medium  # Revoking a vesting schedule underrepresents `_totalSupply` of vestZVE contract, causing the earnings to be unfairly distributed.  ## Summary  Zivoe Labs can create a vesting schedule ([`ZivoeRewardsVesting::createVestingSchedule`](https://github.com/sherlock-audit/2024-03-zivoe/blob/d4111645b19a1ad3ccc899bea073b6f19be04ccd/zivoe-core-foundry/src/ZivoeRewardsVesting.sol#L381-L381)) for its stakeholders such as employees, advisors, and early contributors.  Later, the Zivoe Laborat"
280,Zivoe,218,Incorrectly Checkpoint Accounting in RevokeVestingSchedule,JigglypuffAndPikachu,High; Duplicate; Reward,"Withdraw, Reentrancy","JigglypuffAndPikachu  high  # Incorrectly Checkpoint Accounting in RevokeVestingSchedule  ## Summary  ## Vulnerability Detail  `revokeVestingSchedule()` will reduce the revoked account balance to zero as it will withdraw any withdrawable amount and remove any future yet-to-be-vested amount.   However, it only subtracts the `_checkpoints[account]` by the withdrawable amount and did not subtract any future yet-to-be-vested amount.    ```Solidity     function revokeVestingSchedule(address account) "
280,Zivoe,214,revokeVestingSchedule Miscalculates totalSupply,JigglypuffAndPikachu,High; Duplicate; Reward,Withdraw,"JigglypuffAndPikachu  high  # revokeVestingSchedule Miscalculates totalSupply  ## Summary  ## Vulnerability Detail  When revoking vested tokens,`vestingAmount` is subtracted from `totalSupply`, when the supply is only decreased by `amount`. Vesting amount is the total vested amount not the actual amount withdrawn. Instead, they should use the amount actually revoked while taking into account past withdrawals.   ```solidity _totalSupply = _totalSupply.sub(vestingAmount); _writeCheckpoint(_totalSu"
280,Zivoe,207,````_totalSupply```` and ````_totalSupplyCheckpoints```` are wrongly updated while ````revokeVestingSchedule()````,KingNFT,High; Duplicate; Reward,"Withdraw, Underflow, Reentrancy","KingNFT  medium  # ````_totalSupply```` and ````_totalSupplyCheckpoints```` are wrongly updated while ````revokeVestingSchedule()````  ## Summary In ````ZivoeRewardsVesting.revokeVestingSchedule()````, the ````_totalSupply```` and ````_totalSupplyCheckpoints```` are wrongly updated, which would cause users unable to withdraw their vested ````ZVE```` token.  ## Vulnerability Detail The issue arises on L440, the correct````vestingAmount ```` that  ````_totalSupply```` should be subtracted is the r"
280,Zivoe,205,Late stakers can steal a portion of existing stakers' rewards in `ZivoeRewards` and `ZivoeRewardsVesting` by making rewards distribution non-linear.,9oelm,High; Duplicate; Reward,"Deposit, Withdraw, Reentrancy","9oelm  high  # Late stakers can steal a portion of existing stakers' rewards in `ZivoeRewards` and `ZivoeRewardsVesting` by making rewards distribution non-linear.  ## Summary  When you have stZVE, stJTT, stSTT, or vestZVE on Zivoe, you are eligible for an additional reward in some ERC20 tokens, for example DAI. The reward is 'vested linearly', which means stakers or those with a vesting schedule will receive a reward proportionally based on the length of time they stake their assets for.  Howev"
280,Zivoe,204,Users Never Lose Their Assigned Weight After Their Vesting Schedule is Revoked,Tendency,High; Duplicate; Reward,Withdraw,"Tendency  high  # Users Never Lose Their Assigned Weight After Their Vesting Schedule is Revoked  ## Summary When a revokeable vesting schedule is revoked in [ZivoeRewardsVesting::revokeVestingSchedule](https://github.com/sherlock-audit/2024-03-zivoe/blob/d4111645b19a1ad3ccc899bea073b6f19be04ccd/zivoe-core-foundry/src/ZivoeRewardsVesting.sol#L429-L467) function, only the current user withdrawable amount is deducted from the user stored weight, while the user balance is defaulted to zero, thus le"
280,Zivoe,203,Incorrect logic in the `ZivoeRewardsVesting.sol` contract can cause inaccuracies in the voting weight,samuraii77,High; Duplicate; Reward,"Withdraw, Reentrancy","samuraii77  high  # Incorrect logic in the `ZivoeRewardsVesting.sol` contract can cause inaccuracies in the voting weight  ## Summary Incorrect logic in the `ZivoeRewardsVesting.sol` contract can cause inaccuracies in the voting weight. The `ZivoeRewardsVesting::revokeVestingSchedule()` uses the `vestingAmount` variable which is equal to the total vesting amount of a certain vesting schedule. However, that causes issues if the user has withdrawn money from his vesting schedule before the revocat"
280,Zivoe,199,Incorrect `_totalSupply` update in ZivoeRewardsVesting.revokeVestingSchedule() could prevent last users from withdrawing from the contract,mt030d,High; Duplicate; Reward,"Withdraw, Underflow, Reentrancy","mt030d  medium  # Incorrect `_totalSupply` update in ZivoeRewardsVesting.revokeVestingSchedule() could prevent last users from withdrawing from the contract  ## Summary  The ﻿`revokeVestingSchedule()` function does not consider the already withdrawn amount when subtracting it from the ﻿`_totalSupply`. This over-subtraction may prevent the last users from withdrawing from the contract due to an underflow in `﻿_totalSupply`.  ## Vulnerability Detail  When a team member were to leave the project, t"
280,Zivoe,198,`ZivoeRewardsVesting.revokeVestingSchedule()` leaves phantom voting powers for the revoked account,mt030d,High; Duplicate; Reward,"Withdraw, Reentrancy","mt030d  high  # `ZivoeRewardsVesting.revokeVestingSchedule()` leaves phantom voting powers for the revoked account  ## Summary  The revokeVestingSchedule() function in the ZivoeRewardsVesting contract (i.e. vestZVE) does not remove all the voting power from the account, resulting in the account having phantom voting powers in DAO governance.  ## Vulnerability Detail  When a team member were to leave the project, the ZVL (admin role) would call the `revokeVestingSchedule()` function from the Zivo"
280,Zivoe,195,Reward rate in ZivoeRewards and ZivoeRewardsVesting can be dragged out and diluted,mt030d,High; Duplicate; Reward,"Deposit, Access Control","mt030d  high  # Reward rate in ZivoeRewards and ZivoeRewardsVesting can be dragged out and diluted  ## Summary  Attackers can keep calling `depositReward(_rewardsToken, 0)` to dilute the rewardRate and drag out the finish time.  ## Vulnerability Detail  The `depositReward()` function in `ZivoeRewards` and `ZivoeRewardsVesting` contracts receives a `reward` amount and extends the current reward end time (`periodFinish`) to `now + rewardsDuration`. It rebases the currently remaining rewards plus t"
280,Zivoe,193,Wrong TotalSupply For `claimAirdrop`,JigglypuffAndPikachu,High; Duplicate; Reward,"Interest Rate, Deposit, Share Manipulation","JigglypuffAndPikachu  high  # Wrong TotalSupply For `claimAirdrop`  ## Summary  The totalSupply at the end of the ITO is not checkpointed.Therefore the airdrop formula is incorrectly distributed based on the current total supply rather than distributing proportionally to the fraction of the senior and junior credits the claimants had.  ## Vulnerability Detail  In `claimAirdrop`, the formula for determine how much vested ZVE is given to a user is:  ```solidity creditsOwnedAdjusted * ZVE_totalSupp"
280,Zivoe,185,ITO liquidity provider might receive less $ZVE than expected due to incorrect calculation,0xpiken,High; Duplicate; Reward,Deposit,0xpiken  medium  # ITO liquidity provider might receive less $ZVE than expected due to incorrect calculation  ## Summary ITO liquidity provider might receive less $ZVE than expected due to incorrect calculation ## Vulnerability Detail - Anyone can deposit whitelisted stable coin into [`ZivoeITO.sol`](https://github.com/sherlock-audit/2024-03-zivoe/blob/main/zivoe-core-foundry/src/ZivoeITO.sol) for `$zJTT` or `$zSTT` by calling [`ZivoeITO#depositSenior()`](https://github.com/sherlock-audit/2024-0
280,Zivoe,183,Late ITO airdrop claimers might get less $ZVE reward than they should,mt030d,High; Duplicate; Reward,"Deposit, Share Manipulation","mt030d  medium  # Late ITO airdrop claimers might get less $ZVE reward than they should  ## Summary  To compute users' shares of $ZVE reward, the `ZivoeITO.claimAirdrop()` function uses the total supply of zSTT and zJTT tokens, which would be inflated as more people deposit funds into the `ZivoeTranches`, resulting in a dilluted reward for late claimers.  ## Vulnerability Detail  After the initial tranche offer (ITO) concludes, users can call the claimAirdrop() function from the ZivoeITO contrac"
280,Zivoe,181,Withdrawal and Revoking of a Vesting Schedule Could be DoSed Due to Bad Accounting,Tendency,High; Duplicate; Reward,"Withdraw, Underflow, DoS","Tendency  high  # Withdrawal and Revoking of a Vesting Schedule Could be DoSed Due to Bad Accounting   ## Summary When revoking a vesting schedule, the user's total vested amount is deducted from the `_totalSupplyCheckpoints` variable, not considering possible prior deducted amounts from a withdrawal ## Vulnerability Detail [ZivoeRewardsVesting::revokeVestingSchedule](https://github.com/sherlock-audit/2024-03-zivoe/blob/d4111645b19a1ad3ccc899bea073b6f19be04ccd/zivoe-core-foundry/src/ZivoeRewards"
280,Zivoe,180,"Revoking a vesting schedule underrepresents `_totalSupply` of vestZVE in a certain case, inflating `rewardPerToken` and causing a financial loss for the protocol.",9oelm,High; Duplicate; Reward,"Deposit, Withdraw, Reentrancy","9oelm  medium  # Revoking a vesting schedule underrepresents `_totalSupply` of vestZVE in a certain case, inflating `rewardPerToken` and causing a financial loss for the protocol.  ## Summary Zivoe Labs can create a vesting schedule ([`ZivoeRewardsVesting::createVestingSchedule`](https://github.com/sherlock-audit/2024-03-zivoe/blob/d4111645b19a1ad3ccc899bea073b6f19be04ccd/zivoe-core-foundry/src/ZivoeRewardsVesting.sol#L381-L381)) for its stakeholders such as employees, advisors, and early contri"
280,Zivoe,179,Revoked vesting schedule owner still can `castVote` to affect voting result,9oelm,High; Duplicate; Reward,"Withdraw, Reentrancy","9oelm  medium  # Revoked vesting schedule owner still can `castVote` to affect voting result  ## Summary $vestZVE is one of the three tokens ($ZVE, $stZVE, $vestZVE) used for voting for governance proposals as per [`_getVotes` implementation in ZivoeGovernorV2](https://github.com/sherlock-audit/2024-03-zivoe/blob/d4111645b19a1ad3ccc899bea073b6f19be04ccd/zivoe-core-foundry/src/ZivoeGovernorV2.sol#L144-L152).   An `account`'s balance of $vestZVE is incremented by creating a vesting schedule ([`Ziv"
280,Zivoe,163,"ITO depositors will lose part of their ZVE allocation, since the calculation is based on TotalSupply, which becomes dynamic the moment ITO ends and migrateDeposits is called.",14si2o_Flint,High; Duplicate; Reward,"Deposit, Fund Loss, Share Manipulation","14si2o_Flint  high  # ITO depositors will lose part of their ZVE allocation, since the calculation is based on TotalSupply, which becomes dynamic the moment ITO ends and migrateDeposits is called.  ## Summary  The protocol is planning to distribute 5% of total ZVE supply for the Initial Token Offering. Users that have made deposits during ITO can call `claimAirdrop` after ITO has ended to receive their tranche tokens and vest their share of the 5% of ZVE supply.   However, the moment ITO has end"
280,Zivoe,162,Anyone can prolong the yield distribution period to dilute the staker's reward,0xpiken,High; Duplicate; Reward,"Deposit, Access Control, Reentrancy","0xpiken  medium  # Anyone can prolong the yield distribution period to dilute the staker's reward  ## Summary Due to lack of access control on [`ZivoeRewards#depositReward()`](https://github.com/sherlock-audit/2024-03-zivoe/blob/main/zivoe-core-foundry/src/ZivoeRewards.sol#L228-L243) and [`ZivoeRewardsVesting#depositReward()`](https://github.com/sherlock-audit/2024-03-zivoe/blob/main/zivoe-core-foundry/src/ZivoeRewardsVesting.sol#L352-L367), anyone can call these functions with only spending `1 "
280,Zivoe,161,```claimRewards(true)``` in ```OCC_Convex_A``` and ```OCC_Convex_C``` will always revert because of wrong integration about extra rewards in convex,AllTooWell,High; Duplicate; Reward,Other,"AllTooWell  high  # ```claimRewards(true)``` in ```OCC_Convex_A``` and ```OCC_Convex_C``` will always revert because of wrong integration about extra rewards in convex  ## Summary ```claimRewards(true)``` in ```OCC_Convex_A``` and ```OCC_Convex_C``` will always revert because of wrong integration about extra rewards in convex. ## Vulnerability Detail [Convex docs](https://docs.convexfinance.com/convexfinanceintegration/baserewardpool) about extra rewards: > Extra Rewards The BaseRewar"
280,Zivoe,157,Malicious actor can call `ZivoeRewards:depositReward` with 1 wei many times increase the reward’s `periodFinish` making the contract unusable..,0xAnmol,High; Duplicate; Reward,"Deposit, Access Control, Reentrancy","0xAnmol  high  # Malicious actor can call `ZivoeRewards:depositReward` with 1 wei many times increase the reward’s `periodFinish` making the contract unusable..  ## Summary Anyone can call `ZivoeRewards:depositReward` with 1 wei and increase the distribution time for rewards infinitely, which will cause a delay in rewards distribution for a prolonged period.   ## Vulnerability Detail The `ZivoeRewards:depositReward` is a public function that can be called by anyone to deposit the reward.    http"
280,Zivoe,155,Attacker can decrease reward rate in ZivoeRewards and ZivoeRewardsVesting,Ruhum,High; Duplicate; Reward,Deposit,"Ruhum  high  # Attacker can decrease reward rate in ZivoeRewards and ZivoeRewardsVesting  ## Summary An attacker can decrease the reward rate for a reward token in ZivoeRewards and ZivoeRewardsVesting by calling `depositReward()` without depositing any tokens.  ## Vulnerability Detail In `depositRewards()`, the reward rate is calculated using:  ```sol uint256 remaining = rewardData[_rewardsToken].periodFinish.sub(block.timestamp); uint256 leftover = remaining.mul(rewardData[_rewardsToken].reward"
280,Zivoe,154,Incorrect Accounting of `_totalSupply` and  `_totalSupplyCheckpoints` in `zivoeStakingRewards:revokeVestingSchedule` can cause DOS.,0xAnmol,High; Duplicate; Reward,"Withdraw, Underflow, Reentrancy",0xAnmol  medium  # Incorrect Accounting of `_totalSupply` and  `_totalSupplyCheckpoints` in `zivoeStakingRewards:revokeVestingSchedule` can cause DOS.  ## Summary If a vested user calls `withdraw` before the `revokeVestingSchedule` It will break the accounting of the `_totalSupply` and  `_totalSupplyCheckpoints` resulting in the DOS of the system.  ## Vulnerability Detail When a vested user calls the `withdraw` function to claim his vested amount. The `_totalSupply` and `_totalSupplyCheckpoints`
280,Zivoe,153,Revoking a Schedule Will DoS Some Withdrawals,Tendency,High; Duplicate; Reward,"Withdraw, Underflow, DoS","Tendency  high  # Revoking a Schedule Will DoS Some Withdrawals  ## Summary When a vesting schedule is being revoked, the amount already claimed/withdrawn isn't taken into account and thus subtracts the full user vested amount from the `_totalSupply`, which will cause an accounting issue if the user has, thus DoSing a user down the line from claiming their vested ZVE due to an underflow revert ## Vulnerability Detail After a revokeable vesting schedule has been created for a user in `ZivoeReward"
280,Zivoe,152,Double counting of the vote is possible in `ZivoeRewardVesting:revokeVestingSchedule` breaking the protocol core invariant.,0xAnmol,High; Duplicate; Reward,"Withdraw, Reentrancy","0xAnmol  high  # Double counting of the vote is possible in `ZivoeRewardVesting:revokeVestingSchedule` breaking the protocol core invariant.  ## Summary When the function `revokeVestingSchedule` is called, the vested amount until that point is subtracted from the delegated votes instead of the total vested amount. The unvested amount is left in the reward contract and can be used to create a delegation for another user with the same amount. However, this violates the protocol invariant making th"
280,Zivoe,149,"After ITO Ends, Users Claimable `$ZVE` Tokens are Prone to Manipulation",Tendency,High; Duplicate; Reward,Deposit,"Tendency  high  # After ITO Ends, Users Claimable `$ZVE` Tokens are Prone to Manipulation  ## Summary `ZivoeTranches` is initially left unpaused, allowing deposits after ITO ends and its contract unlocked, this hence reduces users' claimable ZVE as more users deposit into the tranches. ## Vulnerability Detail In `ZivoeITO` contract, after an ITO ends [claimAirdrop](https://github.com/sherlock-audit/2024-03-zivoe/blob/d4111645b19a1ad3ccc899bea073b6f19be04ccd/zivoe-core-foundry/src/ZivoeITO.sol#L2"
280,Zivoe,143,Airdrop amounts diminish over time due to continuous increase in `zSTT` and `zJTT` tokens total supply,zarkk01,High; Duplicate; Reward,"Deposit, Reentrancy","zarkk01  high  # Airdrop amounts diminish over time due to continuous increase in `zSTT` and `zJTT` tokens total supply  ## Summary The `ZivoeITO.sol` contract's airdrop distribution mechanism unfairly diminishes over time due to the continuous increase in the total supply of `zSTT` and `zJTT` tokens. This is caused by the `claimAirdrop()` function's calculation method, which doesn't account for the ongoing minting of `zSTT` and `zJTT` tokens in the `ZivoeTranches.sol` contract.  ## Vulnerabilit"
280,Zivoe,136,Rounding issue prevents distribution of a small amount reward tokens,beWater0given,High; Duplicate; Reward,"Deposit, Rounding","beWater0given  medium  # Rounding issue prevents distribution of a small amount reward tokens  ## Summary A rounding issue in the contract prevents the distribution of a small amount of reward tokens to depositors. Due to this issue, a portion of reward tokens remains locked within the contract.  ## Vulnerability Detail When the `depositReward` function is used to deposit a reward token amount that is not a number multiple of `rewardData[_rewardsToken].rewardsDuration`, the reward rate calculati"
280,Zivoe,135,Inaccurate vote total supply causes lower vote quorum,beWater0given,High; Duplicate; Reward,Other,"beWater0given  medium  # Inaccurate vote total supply causes lower vote quorum  ## Summary The function `revokeVestingSchedule` subtracts `vestingAmount` from `_totalSupplyCheckpoints`, resulting in the sum of all users' voting power is greater than total voting power, subseqently, the vote quorum is smaller than it should be.  ## Vulnerability Detail The function `revokeVestingSchedule` subtracts `amount` from `_checkpoints[account]`, the account retains `vestingAmount - amount` voting power af"
280,Zivoe,132,"At the end of initial tranche offering, the amount of ZVE airdropped to a depositor will not reflect his proportional ownership of pZVE",9oelm,High; Duplicate; Reward,Deposit,"9oelm  high  # At the end of initial tranche offering, the amount of ZVE airdropped to a depositor will not reflect his proportional ownership of pZVE  ## Summary  At the end of initial tranche offering (ITO), the amount of ZVE airdropped to an ITO participant very likely will not reflect his proportional ownership of pZVE.  ## Vulnerability Detail  Zivoe offers an [initial tranche offering (ITO)](https://docs.zivoe.com/user-docs/liquidity-providers/initial-tranche-offering) as a way to incentiv"
280,Zivoe,129,````depositReward()```` with zero amount to get reward tokens stuck in ````ZivoeRewards```` contracts,KingNFT,High; Has Duplicates; Sponsor Confirmed; Will Fix; Reward,"Deposit, Precision, Access Control","KingNFT  medium  # ````depositReward()```` with zero amount to get reward tokens stuck in ````ZivoeRewards```` contracts  ## Summary ````ZivoeRewards.depositReward()```` has no access control, attackers can call it with zero amount of ````reward```` to get some reward tokens stuck in contract. The locked amount could be significant especially when reward tokens have small decimals such as ````USDT/USDC/WBTC````.  ## Vulnerability Detail The issue arises due to precision loss on L233 and L237. ``"
280,Zivoe,123,Reward Dilution Vulnerability,Tychai0s,High; Duplicate; Reward,"Deposit, Access Control","Tychai0s  medium  # Reward Dilution Vulnerability  ## Summary The `depositReward()` function in the `ZivoeRewards.sol` contract is vulnerable to an attack where an attacker can dilute the rewards by depositing tiny amounts of the reward token repeatedly.  ## Vulnerability Detail In [`ZivoeRewards.sol:228`](https://github.com/sherlock-audit/2024-03-zivoe/blob/main/zivoe-core-foundry/src/ZivoeRewards.sol#L228), the contract updates the reward rate based on the newly deposited reward. However, the "
280,Zivoe,119,totalSupply is incorrectly calculated during revokeVestingSchedule(),t0x1c,High; Duplicate; Reward,"Withdraw, Overflow, Underflow","t0x1c  high  # totalSupply is incorrectly calculated during revokeVestingSchedule()  ## Summary If a user has already withdrawn some amount during the vesting period, then upon calling `revokeVestingSchedule()` the `_totalSupply` is decreased to a greater extent than it should be. This can even lead to a revert due to underflow and the user's vesting schedule can't be revoked.  ## Vulnerability Detail - Imagine a vesting schedule is created at timestamp `t` for Alice and the `amountToVest` she r"
280,Zivoe,118,Revoking vesting schedule does not subtract user votes correctly,SilverChariot,High; Has Duplicates; Sponsor Confirmed; Will Fix; Reward,Withdraw,"SilverChariot  medium  # Revoking vesting schedule does not subtract user votes correctly  ## Summary [ZivoeVestingRewards.revokeVestingSchedule()](https://github.com/sherlock-audit/2024-03-zivoe/blob/d4111645b19a1ad3ccc899bea073b6f19be04ccd/zivoe-core-foundry/src/ZivoeRewardsVesting.sol#L429-L467) should reduce the voting power of the user with the withdrawable amount plus the revoked amount. However, it reduces it only by the withdrawable amount.  ## Vulnerability Detail When called, `revokeVe"
280,Zivoe,114,Vesting schedule can't be `revoked` if user has `withdrawn` any stakingToken,araj,High; Duplicate; Reward,"Withdraw, Underflow, Reentrancy","araj  high  # Vesting schedule can't be `revoked` if user has `withdrawn` any stakingToken  ## Summary Vesting schedule in `Zivoe:: ZivoeRewardsVesting` can't be `revoked`, if user has `withdrawn` any amount of `stakingToken`  ## Vulnerability Detail Vesting schedule is revoked using `revokeVestingSchedule()`, which decreases the `vestingTokenAllocated`, `_totalSupply`,  `_balances`. Also writes the checkPoints ```solidity function revokeVestingSchedule(address account) external updateReward(acc"
280,Zivoe,112,Incorrect Calculation of `_totalSupply` of `vestZVE`,zarkk01,High; Duplicate; Reward,"Deposit, Withdraw, Underflow","zarkk01  high  # Incorrect Calculation of `_totalSupply` of `vestZVE`  ## Summary The `_totalSupply` of `vestZVE` are wrongly calculated due to double-subtracting upon revoking a `vestingSchedule` since it does not take into account potential previous withdrawals by the user.  ## Vulnerability Detail After the end of the ""Initial Tranches Offering"" in the `ZivoeITO.sol` contract, `vestingSchedules` are [created](https://github.com/sherlock-audit/2024-03-zivoe/blob/d4111645b19a1ad3ccc899bea073b6f"
280,Zivoe,100,`revokeVestingSchedule()` decreases the `_totalSupply` with more than needed,SilverChariot,High; Duplicate; Reward,Withdraw,"SilverChariot  high  # `revokeVestingSchedule()` decreases the `_totalSupply` with more than needed  ## Summary Inside `revokeVestingSchedule` the `vestingAmount` is subtracted from the `_totalSupply`. `vestingAmount` stores the whole vested amount which means if there were some withdraws before, the `_totalSupply` will be decreased more than necessary.  ## Vulnerability Detail `revokeVestingSchedule` is used to cancel vesting and can be called any time after the vesting has started. The functio"
280,Zivoe,94,Attacker can cause revert or decrease rewards.,Timenov,High; Duplicate; Reward,"Deposit, Underflow, Reentrancy",Timenov  high  # Attacker can cause revert or decrease rewards.  ## Summary In `ZivoeRewards` and `ZivoeRewardsVesting` users can stake a token and after time receive rewards. Rewards are added by trusted entity and after that anyone can deposit rewards. However there are certain conditions that will allow an attacker to take advantage of the current implementation and cause unsuspected reverts or decrease of rewards rate.  ## Vulnerability Detail Scenarios that attacker can use:   #### Scenario
280,Zivoe,89,Revoking a user can lead to miscalculations in rewards and DOS for the last users to withdraw.,asui,High; Duplicate; Reward,"Withdraw, Reentrancy, DoS",asui  high  # Revoking a user can lead to miscalculations in rewards and DOS for the last users to withdraw.  ## Summary In the ```ZivoeVestingSchedule``` contract the ```onlyZVLOrITO``` has the privilege to revoke a user through the ```revokeVestingSchedule```. If a user who had previously withdrawn some amount(or full) gets revoked then the ```_totalSupply``` will be deducted incorrectly(more than it should) which will lead to wrong ```rewardPerToken``` calculation which leads to more rewards 
280,Zivoe,84,User get less amount of pZVE than 5% of the total ZVE supply as expected,coffiasd,High; Duplicate; Reward,Deposit,"coffiasd  high  # User get less amount of pZVE than 5% of the total ZVE supply as expected  ## Summary According to DOC: [https://docs.zivoe.com/user-docs/liquidity-providers/initial-tranche-offering](https://docs.zivoe.com/user-docs/liquidity-providers/initial-tranche-offering) >Furthermore, for each stablecoin deposited, senior tranche depositors are awarded exactly 3 pZVE (pre-ZVE), and junior tranche depositors are awarded 1 pZVE. At the end of the ITO, 5% of the total ZVE supply will be air"
280,Zivoe,83,Anyone can decrease the rewardRate and increase the periodFinish for all the reward tokens.,asui,High; Duplicate; Reward,"Deposit, Withdraw, Reentrancy","asui  medium  # Anyone can decrease the rewardRate and increase the periodFinish for all the reward tokens.  ## Summary The protocol implememts [```depositReward```](https://github.com/sherlock-audit/2024-03-zivoe/blob/main/zivoe-core-foundry/src/ZivoeRewards.sol#L228C5-L243C6) function so that anyone/protocol itself can donate rewards to the stakers, however because ERC20 tokens doesn't revert on 0 amount transfers and the function doesn't implement a minimum amount to be donated, anyone can fa"
280,Zivoe,82,Malicious user can postpone ZVE stakers reward,pashap9990,High; Duplicate; Reward,Deposit,pashap9990  high  # Malicious user can postpone ZVE stakers reward  ## Summary Reward payed to stakers compute based on elapsed time from stake and reward rate and reward rate compute in depositReward function in ZivoeReward.sol contract and when for first time [ZivoeYDL contract](https://github.com/sherlock-audit/2024-03-zivoe/blob/main/zivoe-core-foundry/src/ZivoeYDL.sol#L260) deposits reward into ZivoeReward contract rewardRate compute based on reward amount divide by reward duration but ther
280,Zivoe,79,"If the reward token in ZivoeRewards and ZivoeRewardsVesting is a token with less than 18 decimals, rewards may get stuck in the contract",dimulski,High; Duplicate; Reward,"Deposit, Withdraw","dimulski  high  # If the reward token in ZivoeRewards and ZivoeRewardsVesting is a token with less than 18 decimals, rewards may get stuck in the contract  ## Summary The ``ZivoeRewards.sol`` and ``ZivoeRewardsVesting.sol`` contracts allow for multiple tokens to be used as rewards simultaneously. The ``ZivoeRewards.sol``  contract is a fork of the Synthetix rewards distribution contract, with slight modifications allowing for multiple tokens with different decimals to be used as rewards, requiri"
280,Zivoe,75,"Malicious users can deposit zero amount of reward tokens to manipulate the reward rate, leading to the loss of rewards for other users",coffiasd,High; Duplicate; Reward,"Deposit, Withdraw, Reentrancy","coffiasd  high  # Malicious users can deposit zero amount of reward tokens to manipulate the reward rate, leading to the loss of rewards for other users  ## Summary Malicious users can deposit zero amount of reward tokens to manipulate the reward rate, leading to the loss of rewards for other users  ## Vulnerability Detail In `ZivoeRewards.sol`/ `ZivoeRewardsVesting.sol` contract , after `ZVL` add reward token say `DAI` , anyone can deposit reward token to contract via `depositReward`. [https://"
280,Zivoe,73,Rewards in the different ZivoeRewards implementations can be diluted by a malicious user,dimulski,High; Duplicate; Reward,"Deposit, Access Control, Fund Theft","dimulski  medium  # Rewards in the different ZivoeRewards implementations can be diluted by a malicious user  ## Summary The ``ZivoeRewards.sol`` and the ``ZivoeRewardsVesting.sol`` are forked versions of the Synthetix rewards distribution contract, with slight modifications supporting different assets simultaneously as rewards, allowing everybody to call the [depositRewards()](https://github.com/sherlock-audit/2024-03-zivoe/blob/main/zivoe-core-foundry/src/ZivoeRewards.sol#L228-L243) function w"
280,Zivoe,70,Arbitrary address can dilute the staking rewards because of missing access control,SilverChariot,High; Duplicate; Reward,"Deposit, Access Control",SilverChariot  high  # Arbitrary address can dilute the staking rewards because of missing access control  ## Summary Anyone can call [ZivoeRewards.depositReward()](https://github.com/sherlock-audit/2024-03-zivoe/blob/d4111645b19a1ad3ccc899bea073b6f19be04ccd/zivoe-core-foundry/src/ZivoeRewards.sol#L228-L243) and [ZivoeRewardsVesting.depositReward()](https://github.com/sherlock-audit/2024-03-zivoe/blob/d4111645b19a1ad3ccc899bea073b6f19be04ccd/zivoe-core-foundry/src/ZivoeRewardsVesting.sol#L352-L3
280,Zivoe,69,`rewardRate` in `ZivoeRewards` can be manipulated,araj,High; Duplicate; Reward,"Deposit, Withdraw, Access Control","araj  high  # `rewardRate` in `ZivoeRewards` can be manipulated  ## Summary `rewardRate` in `ZivoeRewards` can be manipulated as anyone can call `ZivoeRewards::depositReward()` with 0(Zero) amount  ## Vulnerability Detail Rewards in `ZivoeRewards`(stSTT/stJTT/stZVE) contract is deposited through `ZivoeRewards::depositReward()`. In `depositReward()`,  `rewardRate` for that rewardToken is calculated as well as updated based on `periodFinish` (When current rewards will finish vesting) & this `perio"
280,Zivoe,67,Revoking user vesting DOSes the last withdrawers,dimulski,High; Duplicate; Reward,"Deposit, Withdraw, Reentrancy","dimulski  high  # Revoking user vesting DOSes the last withdrawers  ## Summary In the ``ZivoeRewardsVesting.sol`` contract a vesting schedule can be created either by the ``ZivoeITO.sol`` contract, based on user deposits, or directly by the ZVL address, which is a multisig wallet controlled by the Zivoe Laboratory by calling the [createVestingSchedule()](https://github.com/sherlock-audit/2024-03-zivoe/blob/main/zivoe-core-foundry/src/ZivoeRewardsVesting.sol#L381-L425) function. The ``ZivoeReward"
280,Zivoe,61,Revoking user's vesting doesn't remove all of the user's votes,dimulski,High; Duplicate; Reward,"Deposit, Withdraw, Reentrancy","dimulski  high  # Revoking user's vesting doesn't remove all of the user's votes  ## Summary The ``ZivoeGovernorV2.sol`` contract overrides the [_getVotes()](https://github.com/sherlock-audit/2024-03-zivoe/blob/main/zivoe-core-foundry/src/ZivoeGovernorV2.sol#L143-L152) function to the following:  ```solidity     function _getVotes(         address account,         uint256 blockNumber,         bytes memory /*params*/     ) internal view virtual override(Governor, GovernorVotes) returns (uint256) "
280,Zivoe,49,Incorrect depositReward function slows down reward vesting,novaman33,High; Duplicate; Reward,Deposit,novaman33  high  # Incorrect depositReward function slows down reward vesting  ## Summary In the ZivoeRewardsVesting.sol the depositReward function allows anyone to deposit reward to the vesting. However if there is an ongoing reward of the current token being vested this function will slow it down even if new reward is zero. ## Vulnerability Detail In the ZivoeRewardsVesting.sol the depositReward function allows anyone to deposit reward to the vesting. The way the function works for ongoing ves
280,Zivoe,45,User funds scheduled for vesting can get locked due to incorrectly decrementing the total supply in `ZivoeRewardsVesting`,samuraii77,High; Duplicate; Reward,"Withdraw, Reentrancy","samuraii77  high  # User funds scheduled for vesting can get locked due to incorrectly decrementing the total supply in `ZivoeRewardsVesting`  ## Summary In the `ZivoeRewardsVesting` contract, there are functionalities to create a vesting schedule, withdraw your funds from the vesting schedule and revoke the vesting schedule if the vesting schedule is set to be revokable. If a user withdraws his funds from the vesting schedule, the `totalSupply` will decrease. Then, if the vesting schedule is re"
280,Zivoe,41,"Every time you call `ZivoeRewardsVesting::depositReward()` to deposit a reward, after the reward is vested, there will almost always be some dust left behind, and the amount will expand infinitely.",joicygiore,High; Duplicate; Reward,"Deposit, Reentrancy","joicygiore  high  # Every time you call `ZivoeRewardsVesting::depositReward()` to deposit a reward, after the reward is vested, there will almost always be some dust left behind, and the amount will expand infinitely.  ## Summary Every time you call `ZivoeRewardsVesting::depositReward()` to deposit a reward, there will almost always be some dust left after the reward is vested. And it will not be used in subsequent calls, and will expand infinitely over time, locked in the contract.And when the "
280,Zivoe,40,"Anyone can call `ZivoeRewardsVesting::depositReward()` to deposit the corresponding token, lower the `rewardRate` and postpone `periodFinish` indefinitely",joicygiore,High; Duplicate; Reward,"Deposit, Reentrancy","joicygiore  medium  # Anyone can call `ZivoeRewardsVesting::depositReward()` to deposit the corresponding token, lower the `rewardRate` and postpone `periodFinish` indefinitely  ## Summary Anyone can call `ZivoeRewardsVesting::depositReward()` to deposit the corresponding token, lower the `rewardRate` and postpone `periodFinish` indefinitely ## Vulnerability Detail `ZivoeRewardsVesting::depositReward()` has no call limit, anyone can deposit 1 token, reduce `rewardRate` and extend `periodFinish` "
280,Zivoe,38,"Every time you call `ZivoeRewards::depositReward()` to deposit a reward, after the reward is vested, there will almost always be some dust left behind, and the amount will expand infinitely.",joicygiore,High; Duplicate; Reward,"Deposit, Reentrancy","joicygiore  high  # Every time you call `ZivoeRewards::depositReward()` to deposit a reward, after the reward is vested, there will almost always be some dust left behind, and the amount will expand infinitely.  ## Summary Every time you call `ZivoeRewards::depositReward()` to deposit a reward, there will almost always be some dust left after the reward is vested. And it will not be used in subsequent calls, and will expand infinitely over time, locked in the contract.And when the `rewardData[_r"
280,Zivoe,36,"Anyone can call `ZivoeRewards::depositReward()` to deposit the corresponding token, lower the `rewardRate` and postpone `periodFinish` indefinitely",joicygiore,High; Duplicate; Reward,"Deposit, Reentrancy","joicygiore  medium  # Anyone can call `ZivoeRewards::depositReward()` to deposit the corresponding token, lower the `rewardRate` and postpone `periodFinish` indefinitely  ## Summary Anyone can call `ZivoeRewards::depositReward()` to deposit the corresponding token, lower the `rewardRate` and postpone `periodFinish` indefinitely ## Vulnerability Detail `ZivoeRewards::depositReward()` has no call limit, anyone can deposit 1 token, reduce `rewardRate` and extend `periodFinish` infinitely ```js @>  "
280,Zivoe,35,"liquidity providers can maliciously burn tokens, causing the final result of `ZivoeITO::claimAirdrop()` to deviate significantly from expectations.",joicygiore,High; Duplicate; Reward,Deposit,"joicygiore  high  # liquidity providers can maliciously burn tokens, causing the final result of `ZivoeITO::claimAirdrop()` to deviate significantly from expectations.  ## Summary liquidity providers can maliciously burn tokens, causing the final result of `ZivoeITO::claimAirdrop()` to deviate significantly from expectations. ## Vulnerability Detail The `ZivoeITO::claimAirdrop()` method uses `token.totalSupply()` to obtain the total amount of tokens in real time to calculate the amount of ZVE th"
280,Zivoe,31,User cannot withdraw stakingToken due to incorrect calculation of _totalSupply,CL001,High; Has Duplicates; Sponsor Confirmed; Will Fix; Reward,"Withdraw, Overflow, Underflow","CL001  high  # User cannot withdraw stakingToken due to incorrect calculation of _totalSupply  ## Summary User cannot withdraw `stakingToken` due to incorrect calculation of `_totalSupply`  ## Vulnerability Detail Given:  1.userA VestingSchedule` amountToVest`= 20 ether ,`daysToCliff`=30 , `daysToVest`=120  2.userB VestingSchedule `amountToVest`= 30 ether , `daysToCliff`=30, `daysToVest`=120 _totalSupply =20 +30= 50  3.skip 60 days  userB withdraw (`amountWithdrawable =15`) _totalSupply = 50-15="
280,Zivoe,12,ITO can be manipulated,SilverChariot,High; Has Duplicates; Sponsor Confirmed; Will Fix; Reward,"Deposit, Fund Theft, Share Manipulation","SilverChariot  high  # ITO can be manipulated  ## Summary The ITO allocates 3 pZVE tokens per senior token minted and 1 pZVE token per junior token minted. When the offering period ends, users can claim the protocol `ZVE token` depending on the share of all pZVE they hold. Only 5% of the total ZVE tokens will be distributed to users, which is equal to `1.25M` tokens.  The ITO can be manipulated because it  uses `totalSupply()` in its calculations. ## Vulnerability Detail [`ZivoeITO.claimAirdrop("
280,Zivoe,11,Anyone could call `depositReward` with zero reward to extend the period finish time,Krace,High; Has Duplicates; Sponsor Confirmed; Will Fix; Reward,"Deposit, Reentrancy","Krace  medium  # Anyone could call `depositReward` with zero reward to extend the period finish time  ## Summary  Anyone could extend the reward finish time, potentially resulting in users receiving fewer rewards than expected within the same time period.  ## Vulnerability Detail  The function `depositReward` can be called by anyone, even with zero rewards, allowing it to be exploited to extend the reward finish time at little cost.  This could result in loss of rewards; for instance, if there a"
180,Smilee Finance,99,"Utilization rate for bonding curve purposes is calculated for a total of bull and bear usage, which can be abused to steal all vault funds",panprog,High; Sponsor Confirmed; Will Fix; Reward,"Oracle, Deposit, Fund Theft","panprog  high  # Utilization rate for bonding curve purposes is calculated for a total of bull and bear usage, which can be abused to steal all vault funds  ## Summary  The bonding curve used in the Smilee volatility calculation has the following purpose (from the docs): > to have volatility that responds to trades: specifically if a user buys volatility goes up, if they sell it goes down so as to ensure responsiveness to market actions  The problem is that this volatility used to price IG optio"
180,Smilee Finance,36,The sign of delta hedge amount can be reversed by malicious user due to incorrect condition in `FinanceIGDelta.deltaHedgeAmount`,panprog,High; Sponsor Confirmed; Will Fix; Reward,"Oracle, Deposit, Fund Drain","panprog  high  # The sign of delta hedge amount can be reversed by malicious user due to incorrect condition in `FinanceIGDelta.deltaHedgeAmount`  ## Summary  When delta hedge amount is calculated after the trade, the final check is to account for sqrt computation error and ensure the exchanged amount of side token doesn't exceed amount of side tokens the vault has. The issue is that this check is incorrect: it compares absolute value of the delta hedge amount, but always sets positive amount of"
176,Rio Network,380,DoS and locked funds caused by lack of epoch increment during EigenLayer settlement,ComposableSecurity,High; Duplicate; Reward,"Deposit, Withdraw, DoS","ComposableSecurity  high  # DoS and locked funds caused by lack of epoch increment during EigenLayer settlement  ## Summary If there are insufficient funds on ```RioLRTDepositPool``` to handle withdrawals, the ```settleEpochFromEigenLayer``` function is used. However, ```settleEpochFromEigenLayer``` does not increment epoch as it is done in the ```settleCurrentEpoch```. Because of that, subsequent withdrawals requestes are assigned to the same epoch. However, they cannot be correctly queued duri"
176,Rio Network,379,Front-running with a reduced number of validators to deallocate from another operator,ComposableSecurity,High; Duplicate; Reward,"Deposit, Withdraw, Front-running","ComposableSecurity  medium  # Front-running with a reduced number of validators to deallocate from another operator  ## Summary  Under certain conditions, the Operator may ensure that the funds instead of being deallocated from him, will be deallocated from another Operator whose actual utilization rate is lower by reporting a false (smaller) amount of exited validators.  ## Vulnerability Detail  To understand this vulnerability following functions must be understood ```reportOutOfOrderValidator"
176,Rio Network,378,`queueOperatorStrategyExit` doesn't decrease the operator shares allocation,Aymen0909,High; Duplicate; Sponsor Confirmed; Will Fix; Reward,"Deposit, Withdraw, Precision","Aymen0909  medium  # `queueOperatorStrategyExit` doesn't decrease the operator shares allocation  ## Summary  The `queueOperatorStrategyExit` function doesn't decrease the operator shares allocation when removing them, potentially causing issues with future allocations and heap organization when the operator is included again.  ## Vulnerability Detail  The `queueOperatorStrategyExit` function is utilized to queue a complete exit from the specified strategy for a given operator. It's called when "
176,Rio Network,364,Users might receive less funds from the queued withdrawals,Aymen0909,High; Duplicate; Reward,"Deposit, Withdraw, Share Manipulation","Aymen0909  medium  # Users might receive less funds from the queued withdrawals  ## Summary  Users will receive less funds when claiming withdrawals from an epoch that was queued into EigenLayer through `queueCurrentEpochSettlement` if other users request withdrawals in that same epoch.  ## Vulnerability Detail  For a user to withdraw funds from the protocol, they must first request a withdrawal using the `requestWithdrawal` function, which will queue the withdrawal in the current epoch by calli"
176,Rio Network,360,Epoch is not incremented when withdrawing from EigenLayer,monrel,High; Duplicate; Reward,"Withdraw, Share Manipulation","monrel  high  # Epoch is not incremented when withdrawing from EigenLayer  ## Summary  The epoch is not incremented when withdrawals happen through EigenLayer, users will lose their assets since they can not complete their withdrawals.   ## Vulnerability Detail  When we settle through `settleCurrentEpoch()` we increment `currentEpochsByAsset[asset]`.  https://github.com/sherlock-audit/2024-02-rio-network-core-protocol/blob/4f01e065c1ed346875cf5b05d2b43e0bcdb4c849/rio-sherlock-audit/contracts/res"
176,Rio Network,359,"RioLRTWithdrawalQueue.sol - If a withrawal is queued to EigenLayer it can then be settled normally, forcing the Deposit Pool to pay again for the sharesOwed, while some were already payed the first time",deth,High; Duplicate; Reward,"Exchange Rate, Deposit, Withdraw","deth  high  # RioLRTWithdrawalQueue.sol - If a withrawal is queued to EigenLayer it can then be settled normally, forcing the Deposit Pool to pay again for the sharesOwed, while some were already payed the first time  ## Summary  If a withrawal is queued to EigenLayer it can then be settled normally, forcing the Deposit Pool to pay again for the sharesOwed, while some were already payed the first time   ## Vulnerability Detail Withdrawals are processed through `_processUserWithdrawalsF"
176,Rio Network,353,Unable to Claim EigenLayer Withdrawals through `settleEpochFromEigenLayer`,Aymen0909,High; Duplicate; Reward,"Deposit, Withdraw, DoS","Aymen0909  medium  # Unable to Claim EigenLayer Withdrawals through `settleEpochFromEigenLayer`  ## Summary  If the deposit pool contains enough funds to settle an epoch after that epoch was already queued into EigenLayer withdrawal through `queueCurrentEpochSettlement`, the `settleEpochFromEigenLayer` function will be DoSed, and it will be impossible to claim the EigenLayer withdrawals for that epoch.  ## Vulnerability Detail  In the `RioLRTCoordinator` contract, when the `rebalance` function i"
176,Rio Network,348,Withdrawals will be impossible after `queueCurrentEpochSettlement` and `settleEpochFromEigenLayer` are called,Aymen0909,High; Duplicate; Reward,"Deposit, Withdraw, Share Manipulation","Aymen0909  high  # Withdrawals will be impossible after `queueCurrentEpochSettlement` and `settleEpochFromEigenLayer` are called  ## Summary  Both `settleEpochFromEigenLayer` and `queueCurrentEpochSettlement` fail to increment `currentEpochsByAsset`, thus hindering future withdrawals.  ## Vulnerability Detail  In the `RioLRTCoordinator` contract, during the invocation of the `rebalance` function, withdrawals can be processed in two ways, following the invocation of `_processUserWithdrawalsForCur"
176,Rio Network,339,Users can still request withdrawals and rebalance when settlement is queued.,Tricko,High; Duplicate; Reward,"Deposit, Withdraw, Fund Loss","Tricko  medium  # Users can still request withdrawals and rebalance when settlement is queued.  ## Summary Because epoch is not increased after `RioLRTWithdrawalQueue.queueCurrentEpochSettlement()`, further withdrawal requests and rebalances  to an epoch who has its settlement queued are still possible, consequently resulting is loss of funds to the users and to the protocol.   ## Vulnerability Detail When there aren't enough funds in the deposit pool to pay all withdrawals requests, w"
176,Rio Network,332,"When the deposit pool has insufficient deposits, currentEpochsByAsset[asset] is not updated",cu5t0mPe0,High; Duplicate; Reward,"Deposit, Withdraw, Fund Theft","cu5t0mPe0  high  # When the deposit pool has insufficient deposits, currentEpochsByAsset[asset] is not updated  ## Summary  When a user calls `requestWithdrawal`, the `rebalance` function is called. However, if the `deposit` pool does not have enough funds, you need to wait for `EigenLayer` to return the amount. But the `queueCurrentEpochSettlement` function does not update `currentEpochsByAsset[asset]`, which makes the entire logic confusing.  ## Vulnerability Detail  When users withdraw funds,"
176,Rio Network,331,Malicious operator can steal stakers ETH by setting a validator withdrawal credentials to an address he controls,zzykxx,High; Duplicate; Reward,"Deposit, Withdraw, Fund Theft",zzykxx  high  # Malicious operator can steal stakers ETH by setting a validator withdrawal credentials to an address he controls  ## Summary Malicious operator can steal stakers ETH by setting a validator withdrawal credentials to an address he controls.  ## Vulnerability Detail Validators are added by an operator manager by calling [RioLRTOperatorRegistry::addValidatorDetails()](https://github.com/sherlock-audit/2024-02-rio-network-core-protocol/blob/main/rio-sherlock-audit/contracts/restaking/
176,Rio Network,328,"The `allocation` of shares has to be deleted, if `old cap > 0 && new cap == 0` in `OperatorRegistryV1Admin.setOperatorStrategyCap()`.",KupiaSec,High; Duplicate; Reward,"Deposit, Withdraw, Share Manipulation","KupiaSec  high  # The `allocation` of shares has to be deleted, if `old cap > 0 && new cap == 0` in `OperatorRegistryV1Admin.setOperatorStrategyCap()`.   ## Summary In `OperatorRegistryV1Admin.setOperatorStrategyCap()`, `queueOperatorStrategyExit()` is called and `allocation` is not deleted, when `currentShareDetails.cap > 0 && newShareCap.cap == 0`. It may lead to storing an incorrect value of utilization of the operator registry, if `currentShareDetails.cap == 0 && newShareCap.cap > 0` in the "
176,Rio Network,327,"In `RioLRTCoordinator.requestWithdrawal()`, it doesn't validate the available shares properly when there are several unsettled epochs.",KupiaSec,High; Duplicate; Reward,"Exchange Rate, Deposit, Withdraw","KupiaSec  high  # In `RioLRTCoordinator.requestWithdrawal()`, it doesn't validate the available shares properly when there are several unsettled epochs.   ## Summary As I've reported as a different issue - `currentEpochsByAsset is not updated in RioLRTWithdrawalQueue.queueCurrentEpochSettlement()`, there might be several unsettled epochs that have requested withdrawals from EigenLayer.  But it checks the current epoch only while checking `availableShares` and users might request to withdraw more"
176,Rio Network,324,`currentEpochsByAsset` is not increased in `RioLRTWithdrawalQueue.queueCurrentEpochSettlement()`,KupiaSec,High; Duplicate; Reward,"Deposit, Withdraw, Share Manipulation","KupiaSec  high  # `currentEpochsByAsset` is not increased in `RioLRTWithdrawalQueue.queueCurrentEpochSettlement()`  ## Summary When there are not enough assets to fulfill `sharesOwed` of the current epoch in the deposit pool, `queueCurrentEpochSettlement()` is called. After that, a new epoch should be used for later withdrawal requests but it will overwrite the current epoch as the `currentEpochsByAsset` is not increased in `queueCurrentEpochSettlement()`.  ## Vulnerability Detail When the epoch"
176,Rio Network,316,The operator utilization heap is not updated correctly when a operator is deactivated,shaka,High; Duplicate; Reward,"Deposit, Withdraw, Share Manipulation","shaka  high  # The operator utilization heap is not updated correctly when a operator is deactivated  ## Summary  The deactivation of operators causes the operator utilization heap to be updated incorrectly, leading to errors in all calculations that depend on the heap.  ## Vulnerability Detail  When a [operator is deactivated](https://github.com/sherlock-audit/2024-02-rio-network-core-protocol/blob/main/rio-sherlock-audit/contracts/restaking/RioLRTOperatorRegistry.sol#L148-L150) the [`heapStore"
176,Rio Network,315,Assets for withdrawal can be locked,shaka,High; Duplicate; Reward,"Deposit, Withdraw, Share Manipulation","shaka  high  # Assets for withdrawal can be locked  ## Summary  On withdrawal processing, when the deposit pool does not have enough assets to cover the shares owed for the current epoch, the available assets are transferred to the withdrawal queue, and the remaining assets are queued for withdrawal from EigenLayer. However, the next time rebalance is called, this fact is not taken into account, so additional assets can be transferred to the withdrawal queue, locking the assets previousl"
176,Rio Network,307,"If `RioLRTOperatorRegistry.setOperatorValidatorCap` is called with zero cap, it cannot rebalance anymore",lemonmon,High; Duplicate; Reward,"Deposit, Withdraw","lemonmon  medium  # If `RioLRTOperatorRegistry.setOperatorValidatorCap` is called with zero cap, it cannot rebalance anymore  ## Summary  If `RioLRTOperatorRegistry.setOperatorValidatorCap` is called with zero cap, it cannot rebalance anymore due to `DivWadFailed` revert.   ## Vulnerability Detail  The proof of concept can be found here: https://gist.github.com/lemonmon1984/5aca3c4cb0c48a520d4462bb8d10a8df  The function is copied below. The scenario:  1. 3 operators are added 1. The cap for oper"
176,Rio Network,306,`RioLRTOperatorRegistry:activateOperator` does not properly update info to the storage,lemonmon,High; Duplicate; Sponsor Confirmed; Reward,"Deposit, Withdraw","lemonmon  high  # `RioLRTOperatorRegistry:activateOperator` does not properly update info to the storage  ## Summary  `RioLRTOperatorRegistry:activateOperator` does not properly update the activated operator information to the storage. In the worst case, (if the activation is followed by deactivating the last operator), it is not recoverable and no more rebalance is possible. Potentially bricking the restaking contract resulting in majority of fund freeze.   ## Vulnerability Detail "
176,Rio Network,305,"`RioLRTWithdrawalQueue:queueCurrentEpochSettlement` does not update the epoch, resulting in disabled `rebalance`",lemonmon,High; Duplicate; Reward,"Deposit, Withdraw, Share Manipulation","lemonmon  high  # `RioLRTWithdrawalQueue:queueCurrentEpochSettlement` does not update the epoch, resulting in disabled `rebalance`  ## Summary  When `RioLRTCoordinator:rebalance` is called, depending the shares owend and assets in the deposit pool, either `RioLRTWithdrawalQueue:settleCurrentEpoch` or `RioLRTWithdrawalQueue:queueCurrentEpochSettlement` is called.  In the case the `RioLRTWithdrawalQueue:queueCurrentEpochSettlement` is called, it will not properly update the epoch for the asset to "
176,Rio Network,304,"If `RioLRTOperatorRegistry:setOperatorStrategyShareCaps` is used to set the cap to zero, fund may be locked",lemonmon,High; Duplicate; Reward,"Deposit, Share Manipulation","lemonmon  high  # If `RioLRTOperatorRegistry:setOperatorStrategyShareCaps` is used to set the cap to zero, fund may be locked  ## Summary  The function `RioLRTOperatorRegistry:setOperatorStrategyShareCaps` calls on `s.setOperatorStrategyShareCaps(operatorId, newStrategyShareCaps)`, which is implemented in `OperatorRegistryV1Admin.sol`. The function then uses `setOperatorStrategyCap` in the same file.  The `OperatorRegistryV1Admin:setOperatorStrategyCap` function makes `utilizationHeap` by callin"
176,Rio Network,302,"RioLRTWithdrawalQueue.sol - If a withdrawal request is made after queueCurrentEpochSettlement is called, accounting will break if the epoch is settled from EigenLayer",deth,High; Duplicate; Reward,"Deposit, Withdraw, Fund Loss","deth  high  # RioLRTWithdrawalQueue.sol - If a withdrawal request is made after queueCurrentEpochSettlement is called, accounting will break if the epoch is settled from EigenLayer  ## Summary  If a withdrawal request is made after queueCurrentEpochSettlement is called, accounting will break if the epoch is settled from EigenLayer   ## Vulnerability Detail When there isn’t enough asset shares in the deposit pool to pay out a withdrawal request, the remaining shares are queued from EigenLayer.  A"
176,Rio Network,299,"RioLRTWithdrawalQueue.sol#settleEpochFromEigenLayer() -  currentEpochsByAsset[asset] isn’t incremented, bricking the entire withdrawal logic for the asset",deth,High; Duplicate; Reward,"Deposit, Withdraw, Share Manipulation","deth  high  # RioLRTWithdrawalQueue.sol#settleEpochFromEigenLayer() -  currentEpochsByAsset[asset] isn’t incremented, bricking the entire withdrawal logic for the asset  ## Summary currentEpochsByAsset[asset] isn’t incremented, bricking the entire withdrawal logic for the asset   ## Vulnerability Detail If a user requests a withdrawal for more tokens than the deposit pool currently has, the protocol will queue withdrawals from operators, this will in turn queue q withdrawal from EigenLayer.  Now"
176,Rio Network,289,`currentEpochsByAsset` must be increased by 1 in `RioLRTWithdrawalQueue.queueCurrentEpochSettlement()`.,kennedy1030,High; Duplicate; Reward,"Deposit, Withdraw, Share Manipulation","kennedy1030  high  # `currentEpochsByAsset` must be increased by 1 in `RioLRTWithdrawalQueue.queueCurrentEpochSettlement()`.  ## Summary  When calling `RIOLrtCoordinator.rebalance(asset)`, if there is no enough assets for `sharesOwed` of current epoch in `RIOLrtDepositPool`, `queueCurrentEpochSettlement()` is called. However the `currentEpochsByAsset` is not increased by 1. Thus, the current epoch of the asset is not be updated.  ## Vulnerability Detail https://github.com/sherlock-audit/2024-02-"
176,Rio Network,287,`rebalance()` can still be called while awaiting EigenLayer withdrawal,peanuts,High; Duplicate; Reward,"Deposit, Withdraw, Fund Theft","peanuts  medium  # `rebalance()` can still be called while awaiting EigenLayer withdrawal  ## Summary  When a user wants to withdraw their asset, if there is not enough in the deposit pool, eigenlayer is called and user has to wait for the eigenlayer withdraw duration to withdraw their asset. While waiting, more users can withdraw their asset, and RioLRTCoordinator.rebalance will be called again to withdraw from EigenLayer, effectively resetting the cooldown.  ## Vulnerability Detail "
176,Rio Network,278,Operators undelegating via EigenLayer is not handled,hash,High; Duplicate; Reward,"Withdraw, Share Manipulation",hash  medium  # Operators undelegating via EigenLayer is not handled  ## Summary Operators undelegating via EigenLayer is not handled  ## Vulnerability Detail EigenLayer's DelegationManager has a feature that allows operators to [undelegate](https://github.com/Layr-Labs/eigenlayer-contracts/blob/6de01c6c16d6df44af15f0b06809dc160eac0ebf/src/contracts/core/DelegationManager.sol#L211) a staker  ```solidity     function undelegate(address staker) external onlyWhenNotPaused(PAUSED_ENTER_WITHDRAWAL_QU
176,Rio Network,276,Operators can steal ETH by front running validator registration,hash,High; Duplicate; Sponsor Confirmed; Reward,"Deposit, Withdraw, Fund Theft","hash  high  # Operators can steal ETH by front running validator registration  ## Summary Operators can steal ETH by front running validator registration  ## Vulnerability Detail For pre-existing validators, further staking via the beacon deposit contract act as topups and [doesn't verify the withdrawal credentials and signature](https://eth2book.info/capella/part2/deposits-withdrawals/deposit-processing/#validator-top-ups). This allows an operator to steal the about to be staked ETH by adding t"
176,Rio Network,273,Validator keys are loaded incorrectly from storage to memory,hash,High; Duplicate; Reward,Other,"hash  medium  # Validator keys are loaded incorrectly from storage to memory  ## Summary `swapValidatorDetails` function loads validator keys incorrectly to memory  ## Vulnerability Detail Validator public keys are loaded from storage to memory incorrectly inside the `swapValidatorDetails` function.  The validator keys (48byte) are stored in storage as: > slotA : first 32bytes, sloat(A+1) : remaining 16bytes right padded  ```solidity     function saveValidatorDetails(         bytes32 position,  "
176,Rio Network,272,Epoch is not incremented when current epoch settlement is queued,hash,High; Duplicate; Reward,"Deposit, Withdraw, Fund Loss","hash  high  # Epoch is not incremented when current epoch settlement is queued  ## Summary Epoch is not incremented when current epoch settlement is queued   ## Vulnerability Detail The `queueCurrentEpochSettlement` function doesn't update the current epoch. Since the entire withdrawal process is epoch-based this breaks the entire withdrawal process.  For eg: 1. Newer withdrawal requests will be included to the same epoch, which if settled from eigenlayer will cause loss of funds for the user's "
176,Rio Network,268,Deactivating operators doesn't clear it's strategy allocations,hash,High; Duplicate; Reward,"Deposit, Withdraw, Share Manipulation","hash  medium  # Deactivating operators doesn't clear it's strategy allocations  ## Summary Deactivating operators doesn't clear it's strategy allocations  ## Vulnerability Detail When operators are deactivated, its strategy allocations are not cleared although its cap and utilization is handled.  Updates the cap by calling setOperatorStrategyCap ```solidity     function deactivateOperator(         RioLRTOperatorRegistryStorageV1.StorageV1 storage s,         IRioLRTAssetRegistry assetRegistry,   "
176,Rio Network,263,"RioLRTWithdrawalQueue.settleEpochFromEigenLayer does not increase the current epoch, resulting in a loop while rebalancing.",peanuts,High; Duplicate; Reward,"Deposit, Withdraw, Fund Theft","peanuts  high  # RioLRTWithdrawalQueue.settleEpochFromEigenLayer does not increase the current epoch, resulting in a loop while rebalancing.  ## Summary  Since epoch is not reset whenever `settleEpochFromEigenLayer()` is called, rebalancing will not work anymore and all subsequent withdrawals cannot be fulfilled.  ## Vulnerability Detail  `settleEpochFromEigenLayer()` is used when there is not enough assets in the deposit pool to complete withdrawal, and so the user has to wait for the cooldown "
176,Rio Network,251,currentEpochsByAsset Must Increase In queueCurrentEpochSettlement,sakshamguruji,High; Duplicate; Reward,"Deposit, Withdraw, Share Manipulation",sakshamguruji  medium  # currentEpochsByAsset Must Increase In queueCurrentEpochSettlement  ## Summary   When a withdrawal is settled from the Eigen Layer Side (deposit pool was unable to settle the withdrawal) then the `currentEpochsByAsset` is not incremented leading to a number of issues.  ## Vulnerability Detail  When a withdrawal is settled from the Eigen Layer Side (deposit pool was unable to settle the withdrawal) then the `currentEpochsByAsset` is not incremented leading to a number of i
176,Rio Network,241,The value of `operatorDetails.shareDetails[newShareCap.strategy].allocation` has to be deleted when `currentShareDetails.cap > 0 && newShareCap.cap == 0` at the function `OperatorRegistryV1Admin.setOperatorStrategyCap()`.,kennedy1030,High; Duplicate; Reward,"Deposit, Share Manipulation","kennedy1030  high  # The value of `operatorDetails.shareDetails[newShareCap.strategy].allocation` has to be deleted when `currentShareDetails.cap > 0 && newShareCap.cap == 0` at the function `OperatorRegistryV1Admin.setOperatorStrategyCap()`.  kennedy1030  high  ## Summary  In the function `OperatorRegistryV1Admin.setOperatorStrategyCap()`, the function `queueOperatorStrategyExit()` is called and the value of `operatorDetails.shareDetails[newShareCap.strategy].allocation` is not deleted, in the "
176,Rio Network,230,Withdrawals can be requested for the same epoch while assets from EigenLayer are being withdrawn,fnanni,High; Duplicate; Reward,"Exchange Rate, Withdraw, Precision","fnanni  high  # Withdrawals can be requested for the same epoch while assets from EigenLayer are being withdrawn  ## Summary  While RioLRTWithdrawalQueue is awaiting withdrawals from EigenLayer to complete, withdrawal requests coming through RioLRTCoordinator remain enable for the current epoch. These requests add to the user's `sharesOwed` and to the epoch's total `sharesOwed` and `amountToBurnAtSettlement`, but the withdrawal of assets corresponding to these extra amounts is not execut"
176,Rio Network,229,Epoch is not increased when settlement is queued.,Tricko,High; Duplicate; Reward,"Deposit, Withdraw, Share Inflation","Tricko  high  # Epoch is not increased when settlement is queued.  ## Summary If the current epoch settlement is queued (`RioLRTWithdrawalQueue.queueCurrentEpochSettlement()`), the epoch won't move forward, causing the asset's epoch to remain stuck indefinitely. This blocks any future deposits or withdrawals involving that asset.  ## Vulnerability Detail When `RioLRTCoordinator.rebalance()` is called, there are only two possible outcomes:  1. If there's enough funds in the depositPool to cover a"
176,Rio Network,221,Withdrawals freeze because epoch is not updated in RioLRTWithdrawalQueue::settleEpochFromEigenLayer,fnanni,High; Duplicate; Reward,"Withdraw, Share Manipulation","fnanni  high  # Withdrawals freeze because epoch is not updated in RioLRTWithdrawalQueue::settleEpochFromEigenLayer  ## Summary  When withdrawals are requested from EigenLayer, RioLRTWithdrawalQueue doesn't increment the epoch count. This results in the epoch getting stuck, which blocks any future rebalance that involves the withdrawal of tokens.  ## Vulnerability Detail  In RioLRTWithdrawalQueue, [settleEpochFromEigenLayer()](https://github.com/sherlock-audit/2024-02-rio-network-core-protocol/b"
176,Rio Network,213,New epoch is not started once the current one is queued for withdrawal from EigenLayer,aslanbek,High; Duplicate; Reward,"Deposit, Withdraw, DoS","aslanbek  high  # New epoch is not started once the current one is queued for withdrawal from EigenLayer  ## Summary If the epoch has had more net withdrawals than deposits, it is queued for withdrawal from EigenLayer. However, once queued, the epoch value is not incremented, which leads to several issues.  ## Vulnerability Detail Deposits and withdrawals in Rio are chunked into 24-hour epochs. Epochs lifecycle can have the following paths:  1. `deposits >= withdrawals` - requested withdrawals c"
176,Rio Network,212,Rebalance will be blocked by queued withdrawal from EigenLayer,HSP,High; Duplicate; Reward,"Deposit, Withdraw, Share Manipulation","HSP  high  # Rebalance will be blocked by queued withdrawal from EigenLayer  ## Summary Rebalance will be blocked by queued withdrawal from EigenLayer because **currentEpochsByAsset** won't  be updated.  ## Vulnerability Detail When [rebalance(...)](https://github.com/sherlock-audit/2024-02-rio-network-core-protocol/blob/main/rio-sherlock-audit/contracts/restaking/RioLRTCoordinator.sol#L121) function is called, if there are any outstanding withdrawals, protocol first tries to process user withdr"
176,Rio Network,211,Epoch not increasing may cause the protocol to get stuck,Drynooo,High; Duplicate; Reward,"Deposit, Withdraw, Share Manipulation","Drynooo  high  # Epoch not increasing may cause the protocol to get stuck  ## Summary [The withdrawal epoch of the protocol is not increased after the epoch is completed](https://github.com/sherlock-audit/2024-02-rio-network-core-protocol/blob/4f01e065c1ed346875cf5b05d2b43e0bcdb4c849/rio-sherlock-audit/contracts/restaking/RioLRTWithdrawalQueue.sol#L177C1-L209C6), which will cause the protocol to be stuck in a withdrawal epoch, affecting the proper functioning of the protocol.  ## Vulnerability D"
176,Rio Network,206,Undelegating Operator can break withdrawals and lead to insolvency,g,High; Duplicate; Reward,"Deposit, Withdraw, Fund Theft","g  high  # Undelegating Operator can break withdrawals and lead to insolvency  ## Summary When an Operator undelegates, all the delegated shares to the Operator are queued for withdrawal. Since these withdrawals were initiated outside of the LRT, they are not recorded and cause the LRT's TVL to drop creating a window of opportunity to mint discounted LRTs. The effect is broken withdrawals and if that issue is fixed, an LRT that is insolvent due to the discounted LRT tokens.  _NOTE: I reported th"
176,Rio Network,204,`queueCurrentEpochSettlement` does not increment current withdrawal epoch,thec00n,High; Duplicate; Reward,"Deposit, Withdraw, Share Manipulation","thec00n  high  # `queueCurrentEpochSettlement` does not increment current withdrawal epoch  ## Summary `EpochWithdrawals` are an important part of the Rio network as they keep track of LRTs being swapped for an underlying asset and they also keep track of funds being withdrawn from Eigenlayer. During rebalancing a situation can occur where no more epoch can ever be created again, which means that users can not withdraw fund from the system anymore.   ## Vulnerability Detail When `RioLRTCoordinat"
176,Rio Network,194,"After calling queueCurrentEpochSettlement, it is possible to call settleCurrentEpoch with the same epoch. The EigenLayer withdrawal amount and the tokens previously transfered from the DepositPool are locked.",klaus,High; Duplicate; Reward,"Deposit, Withdraw, Share Manipulation","klaus  medium  # After calling queueCurrentEpochSettlement, it is possible to call settleCurrentEpoch with the same epoch. The EigenLayer withdrawal amount and the tokens previously transfered from the DepositPool are locked.  ## Summary  `WithdrawalQueue.queueCurrentEpochSettlement` does not update `currentEpochsByAsset`. Therefore, if `rebalance` is requested again, and if there are enough tokens in the DepositPool this time, it will call `WithdrawalQueue.settleCurrentEpoch`.   The token that "
176,Rio Network,193,Heap is incorrectly stores the removed operator ID which can lead to division by zero in deposit/withdrawal flow,mstpr-brainbot,High; Has Duplicates; Sponsor Confirmed; Will Fix; Escalation Resolved; Reward,"Deposit, Withdraw, Share Manipulation","mstpr-brainbot  high  # Heap is incorrectly stores the removed operator ID which can lead to division by zero in deposit/withdrawal flow  ## Summary An operator's strategy can be reset by the owner calling `setOperatorStrategyCaps` to ""0"". This action sets the utilization to ""0"" and removes the operator from the heap. Consequently, this means that the operator has unwound all its strategy shares and can no longer receive any more deposits. However, due to how the heap is organized, if an operato"
176,Rio Network,191,Aggregate Root could Mismatch in Withdrawal Processing,lil.eth,High; Duplicate; Reward,"Deposit, Withdraw, DoS","lil.eth  high  # Aggregate Root could Mismatch in Withdrawal Processing  ## Summary During the settlement process there are some scenarios where complete withdrawal could not happen, which would prevent any ETH rebalance  ## Vulnerability Detail The complete process for withdrawing ETH is like this :  1. request Withdrawal using requestWithdrawal()  2. Rebalance() is called for ETH , which call `_processUserWithdrawalsForCurrentEpoch` which call `queueWithdrawalFromOperatorsForUserSe"
176,Rio Network,184,TVL can be manipulated when withdrawals are triggered outside of Rio,giraffe,High; Duplicate; Reward,"Exchange Rate, Deposit, Withdraw","giraffe  high  # TVL can be manipulated when withdrawals are triggered outside of Rio  ## Summary `getTVL()` does not take into account ETH queued for withdrawals when the withdrawal is triggered from outside of Rio. The resulting underestimation of TVL could allow an attacker to buy reETH at a temporary discount.  ## Vulnerability Detail In AssetRegistry, `getTVL()` takes into account native ETH from these sources: 1) depositPool's balance, 2) unverified validators' balance, 3) Eigenpod shares "
176,Rio Network,182,"The function `settleEpochFromEigenLayer` does not update `currentEpochsByAsset`, resulting in subsequent settlement failed.",zraxx,High; Duplicate; Reward,"Deposit, Withdraw, Share Manipulation","zraxx  high  # The function `settleEpochFromEigenLayer` does not update `currentEpochsByAsset`, resulting in subsequent settlement failed.  ## Summary  The function `settleEpochFromEigenLayer` does not update `currentEpochsByAsset`, resulting in subsequent settlement failed.  ## Vulnerability Detail  In the function `settleEpochFromEigenLayer`, protocol will handle the current settlement and set `epochWithdrawals.settled` to true, meaning it is complete. However, protocol forgot to update curren"
176,Rio Network,180,Shareowed for withdrawals in a epoch are deposited to the  withdrawalQueue are double or more than shareowed.,almurhasan,High; Duplicate; Reward,"Deposit, Withdraw, Share Manipulation","almurhasan  high  # Shareowed for withdrawals in a epoch are deposited to the  withdrawalQueue are double or more than shareowed.  ## Summary Shareowed for withdrawals in a epoch are deposited to the  withdrawalQueue are double or more than shareowed.  ## Vulnerability Detail 1. Let assume for an asset, total shareowed = 10k for withdrawals and total address pool balance = 8k in the current epoch. 2. The rebalance function is called,  as  sharesOwed >0, _processUserWithdrawalsForCurre"
176,Rio Network,177,Assets that did not gain yield are assumed to have yield on withdrawal,g,High; Duplicate; Sponsor Disputed; Reward,"Exchange Rate, Deposit, Withdraw","g  medium  # Assets that did not gain yield are assumed to have yield on withdrawal  ## Summary During withdrawal processing, all non-ETH assets withdrawn are computed using the Eigenlayer strategy's exchange rate. This assumes that all assets have been deposited into the Eigenlayer strategy and have been gaining yield. However, this is not always the case since some assets can be in the Deposit Pool for an extended period.  ## Vulnerability Detail Assets in the Deposit Pool do not gen"
176,Rio Network,172,Epoch can be settled after queueing withdrawals from EigenLayer,fnanni,High; Duplicate; Reward,"Deposit, Withdraw, Share Manipulation","fnanni  high  # Epoch can be settled after queueing withdrawals from EigenLayer  ## Summary  When requested withdrawals exceed the balance in the DepositPool contract, rebalancing is not immediately possible, so deposits are withdrawn from EigenLayer. This takes up to 7 days. However, after 1 day, RioLRTCoordinator::rebalance() can be called again. If the balance in the DepositPool increased during this period and is greater than the requested withdrawals, the epoch is settled and it's n"
176,Rio Network,167,RioLRTWithdrawalQueue::settleCurrentEpoch can be Blocked and prevent Epoch to increase for asset.,Thanos,High; Duplicate; Reward,"Deposit, Withdraw, Share Manipulation",Thanos  high  # RioLRTWithdrawalQueue::settleCurrentEpoch can be Blocked and prevent Epoch to increase for asset.  ## Summary RioLRTWithdrawalQueue::settleCurrentEpoch can be Blocked and prevent Epoch to increase for asset.  https://github.com/sherlock-audit/2024-02-rio-network-core-protocol/blob/main/rio-sherlock-audit/contracts/restaking/RioLRTWithdrawalQueue.sol#L216-L271  ## Vulnerability Detail  1) currentEpochsByAsset is 0. 2) for example the current Epoch is 0  [_getEpochWithdrawals(asset
176,Rio Network,166,"Operators can undelegate `LRTRioOperatorDelegator` instances from Eigenlayer, leading to loss of funds",zzykxx,High; Duplicate; Reward,"Deposit, Withdraw, Fund Loss","zzykxx  high  # Operators can undelegate `LRTRioOperatorDelegator` instances from Eigenlayer, leading to loss of funds  ## Summary Eigenlayer allows an operator to remove a staker delegation to himself via [DelegationManager::undelegate()](https://github.com/Layr-Labs/eigenlayer-contracts/blob/v0.2.1-goerli-m2/src/contracts/core/DelegationManager.sol#L211), this is not taken in consideration by the protocol and will create inconsistencies when tracking balances.  ## Vulnerability Detail An opera"
176,Rio Network,161,currentEpochsByAsset[asset] is not being updated correctly,mussucal,High; Duplicate; Reward,"Deposit, Withdraw, Share Manipulation","mussucal  high  # currentEpochsByAsset[asset] is not being updated correctly  ## Summary The update of currentEpochsByAsset[asset] exclusively occurs within settleCurrentEpoch(). This function is invoked conditionally within rebalance() only when all pending withdrawals of the asset are settled from the deposit pool. However, if the conditions differ and withdrawals are queued for settlement in the current epoch, currentEpochsByAsset[asset] remains unchanged.  ## Vulnerability Detail If the cond"
176,Rio Network,155,Operatorid will not be removed properly from a strategy.,almurhasan,High; Duplicate; Reward,Other,"almurhasan  high  # Operatorid will not be removed properly from a strategy.  ## Summary When  function _remove(OperatorUtilizationHeap contract) is called to remove an operatorid,the operatorid’s index is not replaced properly with the last index and the last index is not removed.  ## Vulnerability Detail 1. Let’s assume a strategy has 4 operatorids i.e total index = 4 and count = 4. 2. function remove is called with index 2 which calls _remove function. 3. See function _remove,  self.operators"
176,Rio Network,149,"When the epoch is rebalanced multiple times, users will experience a loss of funds when claiming",Bauer,High; Duplicate; Reward,"Deposit, Withdraw, Fund Loss","Bauer  high  # When the epoch is rebalanced multiple times, users will experience a loss of funds when claiming  ## Summary In the `queueCurrentEpochSettlement()` function, `epochWithdrawals.assetsReceived` is directly overwritten with the new value. If the current epoch is rebalanced multiple times, resulting in a decrease in the `assetsReceived` value, the amount received by users when claiming will be reduced.  ## Vulnerability Detail The `RioLRTCoordinator.rebalance()` function ser"
176,Rio Network,147,Increase in exchange rate between queueing and rebalancing can break withdrawals,g,High; Duplicate; Reward,"Exchange Rate, Deposit, Withdraw",g  medium  # Increase in exchange rate between queueing and rebalancing can break withdrawals  ## Summary The Eigenlayer shares exchange rate is a monotonically increasing value. There can be an increase in the shares exchange rate in the time between queueing and processing the Eigenlayer withdrawals. This increase in the exchange rate can break withdrawal processing because some of the assets withdrawn are from the Deposit Pool which do not benefit from the Eigenlayer yield.  ## Vulnerability 
176,Rio Network,142,RioLRTWithdrawalQueue:settleCurrentEpoch overrides assetsReceived,jovi,High; Duplicate; Reward,"Deposit, Withdraw, Share Manipulation","jovi  high  # RioLRTWithdrawalQueue:settleCurrentEpoch overrides assetsReceived  ## Summary During rebalances, the coordinator contract prioritizes transferring assets from the deposit pool, and if it is able to process all pending withdrawals, it settles the current epoch. If it isn't, it queues a settlement for the current epoch that should be settled via EigenLayer.  There are no checks to ensure settlements from that point on can only happen through settleEpochFromEigenLayer calls. "
176,Rio Network,137,"If an `epoch` is settled from EigenLayer, the epoch is not been updated/increased after settlement.",bhilare_,High; Duplicate; Reward,"Deposit, Withdraw, Fund Loss","bhilare_  high  # If an `epoch` is settled from EigenLayer, the epoch is not been updated/increased after settlement.  ## Severity High  ## Summary If an epoch is being settled using queuedWithdrawals from EigenLayer then it is not being updated/increased , causing the epoch to remain same, where `epochWithdrawals.settled` is marked as true, because of which further all operations would revert, because of checks at various places regarding settlement of epoch.  ## Vulnerability Detail Withdrawal"
176,Rio Network,134,Epochs are incorrectly accounted for when queueing and settling them with EigenLayer leading to a DoS of the protocol's withdrawal functionalities,iamandreiski,High; Duplicate; Reward,"Deposit, Withdraw, DoS","iamandreiski  high  # Epochs are incorrectly accounted for when queueing and settling them with EigenLayer leading to a DoS of the protocol's withdrawal functionalities  ## Summary  Multiple issues exist with the way that epochs are accounted in the system which can lead to a complete/permanent DoS of the protocol's withdrawal functionalities, locking up all funds.  Rio uses assets (addresses) and epochs as a main accounting point of reference to categorize asset withdrawals, the problem arises "
176,Rio Network,131,`reportOutOfOrderValidatorExits` does not updates the heap order,mstpr-brainbot,High; Has Duplicates; Sponsor Confirmed; Will Fix; Reward,"Deposit, Withdraw, Share Manipulation","mstpr-brainbot  high  # `reportOutOfOrderValidatorExits` does not updates the heap order  ## Summary When an operator's validator exits without a withdrawal request, the owner can invoke the `reportOutOfOrderValidatorExits` function to increase the `exited` portion of the operator validators. However, this action does not update the heap. Consequently, during subsequent allocation or deallocation processes, the heap may incorrectly mark validators as exited. ## Vulnerability Detail First, let's "
176,Rio Network,127,`activateOperator` does not update the `OperatorUtilizationHeap`,thec00n,High; Duplicate; Reward,Other,"thec00n  high  # `activateOperator` does not update the `OperatorUtilizationHeap`  ## Summary The `activateOperator()` function activates an inactive operator by increasing the `activeOperatorCount` by one and setting the operator status to active. This implementation is wrong as the `OperatorUtilizationHeap` does not include the inactive operator id after removing it.    ## Vulnerability Detail The following example illustrates the issue (see also Code Snippet paragraph). The `Operato"
176,Rio Network,121,"Settling with Eigenlayer does not update Epoch count, causing the protocol to lock all the funds.",eeshenggoh,High; Duplicate; Reward,"Deposit, Withdraw, Share Manipulation","eeshenggoh  high  # Settling with Eigenlayer does not update Epoch count, causing the protocol to lock all the funds.  ## Summary To facilitate deposits into EigenLayer and to process 1-day withdrawals from the Rio LRT, there is an automated process that is run called the [Deposit Pool Rebalancer](https://github.com/contracts-and-tooling/source-code/restaking/riolrtcoordinator#rebalance). This function is called via the [Coordinator](https://github.com/rio-architecture/token-issuance#coordinator"
176,Rio Network,112,It's possible to steal funds via donations to Eigenlayer strategies,zzykxx,High; Duplicate; Escalation Resolved; Reward,"Deposit, Withdraw, Fund Drain","zzykxx  high  # It's possible to steal funds via donations to Eigenlayer strategies  ## Summary It's possible to steal funds from the protocol by donating assets an Eigenlayer strategy.  ## Vulnerability Detail When requesting a withdrawal for an asset via [RioLRTCoordinator::requestWithdrawal()](https://github.com/sherlock-audit/2024-02-rio-network-core-protocol/blob/main/rio-sherlock-audit/contracts/restaking/RioLRTCoordinator.sol#L99) the protocol calculates the amount of shares owe"
176,Rio Network,109,Requested withdrawal can be impossible to settle due to EigenLayer shares value appreciate when there are idle funds in deposit pool,mstpr-brainbot,High; Has Duplicates; Sponsor Confirmed; Will Fix; Reward,"Deposit, Withdraw, Vault","mstpr-brainbot  high  # Requested withdrawal can be impossible to settle due to EigenLayer shares value appreciate when there are idle funds in deposit pool  ## Summary When users request a withdrawal, the EigenLayer shares equivalent to their LRT's value are recorded. During settlement, these EigenLayer shares must be deducted to finalize the withdrawal epoch. However, in certain scenarios, the requested EigenLayer shares may be impossible to unwind due to funds idling in the deposit pool.  ## "
176,Rio Network,108,Validator key corruption in the swap library function,Stiglitz,High; Duplicate; Reward,Other,"Stiglitz  high  # Validator key corruption in the swap library function  ## Summary The problem lies in the library `ValidatorDetails`, more specifically in the function `swapValidatorDetails`. Incorrect key handling in the assembly block results in overwriting the middle part of the key with zeros   ## Vulnerability Detail First, look at how validator keys are handled in the function `saveValidatorDetails`:  ```solidity assembly {     let _ofs := add(add(pubkeys, 0x20), mul(i, 48)) // PUBKEY_LE"
176,Rio Network,94,Attacker can maliciously increase exited validators and block withdrawals,g,High; Duplicate; Reward,"Deposit, Withdraw","g  high  # Attacker can maliciously increase exited validators and block withdrawals  ## Summary Attacker can maliciously increase exited validators and block ETH withdrawals from Eigenlayer.  ## Vulnerability Detail When ETH is withdrawn from Eigenlayer, the Operator chooses any validators to fully withdraw from. The LRT is unable to specify which validators to exit.   ref: https://github.com/sherlock-audit/2024-02-rio-network-core-protocol/blob/main/rio-sherlock-audit/contracts/restaking/RioLR"
176,Rio Network,93,Inflated operator utilization when out-of-order exits are reported can block ETH allocations,g,High; Duplicate; Reward,Deposit,"g  medium  # Inflated operator utilization when out-of-order exits are reported can block ETH allocations  ## Summary The Operator Registry prioritizes allocations and deallocations based on operator utilization. When its records of operator utilization is inaccurate it is unable to make correct decisions on allocations and deallocations. At worst, the Operator Registry will not allocate ETH even when an operator should have enough validator cap space.  ## Vulnerability Detail The Operator Regis"
176,Rio Network,91,Rebalances are DoS'd during withdrawal delay,0xkaden,High; Duplicate; Reward,"Deposit, Withdraw, DoS","0xkaden  medium  # Rebalances are DoS'd during withdrawal delay  ## Summary  queueCurrentEpochSettlement is called for every rebalance with insufficient funds to cover withdrawals in the current epoch. However, since this function can only be called once per epoch, during the withdrawal delay, rebalance is DoS'd.  ## Vulnerability Detail  When a withdrawal settlement is queued with queueCurrentEpochSettlement, the epochWithdrawals.aggregateRoot is set as the provided aggregateRoot pa"
176,Rio Network,90,Queued withdrawals after queued settlement result in claims only being partially paid out,0xkaden,High; Duplicate; Reward,Withdraw,"0xkaden  high  # Queued withdrawals after queued settlement result in claims only being partially paid out  ## Summary  It's possible to queue withdrawals while a settlement is queued, while the amount received from the settlement remains the amount at the time of queueing the settlement. This causes withdrawals to be underpaid.  ## Vulnerability Detail  When a settlement is queued by queueCurrentEpochSettlement, there is no change to the state that prevents additional withdrawals fr"
176,Rio Network,89,"settleEpochFromEigenLayer never increments currentEpochsByAsset, DoS'ing the system",0xkaden,High; Duplicate; Reward,"Deposit, Withdraw, DoS","0xkaden  high  # settleEpochFromEigenLayer never increments currentEpochsByAsset, DoS'ing the system  ## Summary  currentEpochsByAsset doesn't get incremented while epochWithdrawals.settled gets set to true, permanently DoS'ing most of the protocol.  ## Vulnerability Detail  Withdrawal epochs are either settled using funds available in the deposit pool, or if insufficient funds are available, by withdrawing funds from EigenLayer and settling once the funds are available after the withdrawal dela"
176,Rio Network,84,"swapValidatorDetails incorrectly writes keys to memory, resulting in permanently locked beacon chain deposits",0xkaden,High; Has Duplicates; Sponsor Confirmed; Will Fix; Reward,"Deposit, Withdraw","0xkaden  high  # swapValidatorDetails incorrectly writes keys to memory, resulting in permanently locked beacon chain deposits  ## Summary  When loading BLS public keys from storage to memory, the keys are partly overwritten with zero bytes. This ultimately causes allocations of these malformed public keys to permanently lock deposited ETH in the beacon chain deposit contract.  ## Vulnerability Detail  ValidatorDetails.swapValidatorDetails is used by RioLRTOperatorRegistry.reportOutOfOrderValida"
176,Rio Network,82,Requesting a withdrawal while the current epoch is queued for settlement might revert,zzykxx,High; Duplicate; Reward,"Deposit, Withdraw, Underflow","zzykxx  medium  # Requesting a withdrawal while the current epoch is queued for settlement might revert  ## Summary Requesting a withdrawal via [RioLRTCoordinator::requestWithdrawal()](https://github.com/sherlock-audit/2024-02-rio-network-core-protocol/blob/main/rio-sherlock-audit/contracts/restaking/RioLRTCoordinator.sol#L99) while the current epoch settlement is queued might revert.  ## Vulnerability Detail The function [RioLRTCoordinator::requestWithdrawal()](https://github.com/sher"
176,Rio Network,81,"New withdrawal requests can be created in the same epoch after WithdrawalQueue.queueCurrentEpochSettlement, causing loss of tokens for the user",klaus,High; Duplicate; Reward,"Deposit, Withdraw, Share Manipulation","klaus  medium  # New withdrawal requests can be created in the same epoch after WithdrawalQueue.queueCurrentEpochSettlement, causing loss of tokens for the user  ## Summary  `WithdrawalQueue.queueCurrentEpochSettlement` does not update `currentEpochsByAsset` , so new withdrawal requests can be created in the same epoch after that. However, in `WithdrawalQueue.settleEpochFromEigenLayer`, the epoch ends without getting asset tokens for new withdrawal requests. Therefore, all users who made withdra"
176,Rio Network,67,Withdrawals requested while the current epoch is queued for settlement will dilute and cause a loss to all the withdrawals of the epoch,zzykxx,High; Duplicate; Reward,"Deposit, Withdraw, Share Manipulation","zzykxx  high  # Withdrawals requested while the current epoch is queued for settlement will dilute and cause a loss to all the withdrawals of the epoch  ## Summary [RioLRTWithdrawalQueue::settleEpochFromEigenLayer()](https://github.com/sherlock-audit/2024-02-rio-network-core-protocol/blob/main/rio-sherlock-audit/contracts/restaking/RioLRTWithdrawalQueue.sol#L216) doesn't take into account withdrawals requested while the epoch is being settled but still burns all of the LRT tokens deposite"
176,Rio Network,55,Deposits may be front-run by malicious operator to steal ETH,giraffe,High; Has Duplicates; Sponsor Confirmed; Will Fix; Reward,"Deposit, Withdraw, Front-running","giraffe  high  # Deposits may be front-run by malicious operator to steal ETH  ## Summary Delegated staking protocols may be exposed to a [known vulnerability](https://ethresear.ch/t/deposit-contract-exploit/6528), where a malicious operator front-runs a staker’s deposit call to the Beacon chain deposit contract and provides a different withdrawal credentials. This issue impacts Rio Network as well.   ## Vulnerability Detail In Rio Network, approved operators are added to the operator registry. "
176,Rio Network,54,queueCurrentEpochSettlement() does not advance current epoch leading to broken withdrawal accounting,giraffe,High; Duplicate; Reward,"Deposit, Withdraw, Underflow","giraffe  high  # queueCurrentEpochSettlement() does not advance current epoch leading to broken withdrawal accounting  ## Summary In RioLRTWithdrawalQueue.sol, `queueCurrentEpochSettlement()` fails to advance the current epoch by + 1, resulting in permanent DOS and broken withdrawal accounting.  ## Vulnerability Detail At the end of each rebalance, an epoch can be settled by one of two paths in RioLRTWithdrawQueue.sol: 1) `settleCurrentEpoch()` if assets in the deposit pool can fully offset all "
176,Rio Network,53,Malicious operators can `undelegate` theirselves to manipulate the LRT exchange rate,mstpr-brainbot,High; Has Duplicates; Sponsor Confirmed; Will Fix; Reward,"Exchange Rate, Deposit, Withdraw","mstpr-brainbot  high  # Malicious operators can `undelegate` theirselves to manipulate the LRT exchange rate  ## Summary If a malicious operator undelegates itself in EigenLayer delegation manager contract, the exchange rate of LRT can significantly decrease, and ETH/LST can become stuck, unable to be claimed by the Rio Delegator Approver contract. ## Vulnerability Detail Operators' delegator contracts delegate their balance to the operators. Operators can ""undelegate"" themselves from any delega"
176,Rio Network,47,Deactivating an operator with a validator cap will always revert,g,High; Duplicate; Reward,"Deposit, Withdraw, Precision","g  medium  # Deactivating an operator with a validator cap will always revert  ## Summary  Deactivating an operator that has beacon chain strategy shares allocated and a validator cap set will always revert.   ## Vulnerability Detail When a given operator has a validator cap set and beacon chain strategy shares allocated, deactivating that operator will always revert. This is because both `setOperatorStrategyCap()` and `setOperatorValidatorCap()` will queue a withdrawal to exit the same operator"
176,Rio Network,46,`RioLRTWithdrawalQueue.settleEpochFromEigenLayer()` will lock `queuedWithdrawals`,AuditorPraise,High; Duplicate; Reward,"Withdraw, Share Manipulation","AuditorPraise  high  # `RioLRTWithdrawalQueue.settleEpochFromEigenLayer()` will lock `queuedWithdrawals`  ## Summary if `epoch` of asset being settled by `RioLRTWithdrawalQueue.settleEpochFromEigenLayer()` is `currentEpochsByAsset` `queuedWithdrawals` will be locked forever. ## Vulnerability Detail The issue here is that if an epoch of an asset being settled by  `RioLRTWithdrawalQueue.settleEpochFromEigenLayer()` is the `currentEpochsByAsset`, the `currentEpochsByAsset` is never incremented BUT "
176,Rio Network,41,Epoch currently queued for settlement might get settled via `rebalance()` leading to stuck funds,zzykxx,High; Duplicate; Reward,"Deposit, Withdraw",zzykxx  high  # Epoch currently queued for settlement might get settled via `rebalance()` leading to stuck funds  ## Summary Funds can get stuck in Eigenlayer because an epoch can be settled via [RioLRTCoordinator::rebalance()](https://github.com/sherlock-audit/2024-02-rio-network-core-protocol/blob/main/rio-sherlock-audit/contracts/restaking/RioLRTCoordinator.sol#L121) when it's already queued for settlement.  ## Vulnerability Detail Withdrawals requested for the current epoch are processed whe
176,Rio Network,35,The rebalancing system can cause DoS if specific conditions are met,Stiglitz,High; Duplicate; Reward,"Withdraw, DoS, Share Manipulation","Stiglitz  medium  # The rebalancing system can cause DoS if specific conditions are met  ## Summary The rebalancing logic of the system can execute different functions and code flows based on the holdings of the protocol. If the protocol has enough assets, the epoch will be settled immediately; if not, some withdrawals from the EigenLayer protocol have to be performed.  The are several execution flows that can cause problems or even DoS for the specific Asset in the protocol.   -----------------"
176,Rio Network,27,Eigenlayer withdrawals brick future withdrawals due to no update of current epoch,g,High; Duplicate; Reward,"Deposit, Withdraw, Share Manipulation","g  high  # Eigenlayer withdrawals brick future withdrawals due to no update of current epoch  ## Summary When withdrawals are processed in the LRT, fulfilling the withdrawals may require assets to be withdrawn from Eigenlayer. However, when this happens, any subsequent rebalances and withdrawals will get bricked and depositors will no longer be able to retrieve their assets because the current epoch will not be updated.  ## Vulnerability Detail Settling a current epoch for an assets updates it c"
176,Rio Network,16,OperatorUtilizationHeap::Duplicating last operator in the heap while removing an operator,itsabinashb,High; Duplicate; Reward,Other,itsabinashb  high  # OperatorUtilizationHeap::Duplicating last operator in the heap while removing an operator  ## Summary Due to miscalculation in `OperatorUtilizationHeap::_remove()` a duplicate of last operator is made while removing an operator. ## Vulnerability Detail First run this test in `OperatorUtilizationHeap.t.sol` contract: ```solidity function test_removing() public {         OperatorUtilizationHeap.Data memory heap = OperatorUtilizationHeap.initialize(5);         assertTrue(heap.i
176,Rio Network,13,Pending EigenLayer withdrawal can stuck,mstpr-brainbot,High; Duplicate; Sponsor Confirmed; Reward,"Deposit, Withdraw, Share Manipulation","mstpr-brainbot  high  # Pending EigenLayer withdrawal can stuck  ## Summary When requested withdrawals do not cover the idle tokens in the deposit pool, EigenLayer shares are withdrawn, but this process has a delay. The epoch should not be settled until the claiming from EigenLayer occurs. However, if there are sufficient deposits to the pool in the meantime, the epoch can be settled. In this scenario, the previously requested withdrawal from that epoch would remain pending. ## Vulnerabi"
176,Rio Network,10,"Setting the strategy cap to ""0"" does not update the total shares held or the withdrawal queue",mstpr-brainbot,High; Has Duplicates; Sponsor Confirmed; Won't Fix; Reward,"Deposit, Withdraw, Share Manipulation","mstpr-brainbot  high  # Setting the strategy cap to ""0"" does not update the total shares held or the withdrawal queue  ## Summary Removing or setting the strategy cap to 0 will not decrease the shares held in the system. Additionally, it will not update the withdrawal queue, which means users can request withdrawals, and the withdrawals will exceed the allocated amount when rebalance occurs. ## Vulnerability Detail Let's go over the issue with an example:  Assume there is 1 strategy and 2 operat"
176,Rio Network,4,Creating new withdrawal requests in conjunction with `settleEpochFromEigenLayer` will render system unusable,popular,High; Has Duplicates; Sponsor Confirmed; Will Fix; Reward,"Deposit, Withdraw, Access Control","popular  high  # Creating new withdrawal requests in conjunction with `settleEpochFromEigenLayer` will render system unusable  ## Summary This issue pertains to the flow where a user requests to withdraw more funds than are currently present in the `depositPool` and the system must withdraw from Eigenlayer.   Users are able to create new withdrawal requests for the current epoch while the Eigenlayer withdrawal request is pending, as well as after the epoch has been marked `settled` in `settleEpo"
101,Tokemak,923,MavEthOracle.sol's current implementation  is massively prone to manipulation,Bauchibred,High; Duplicate; Reward,Oracle,Bauchibred  medium  # MavEthOracle.sol's current implementation  is massively prone to manipulation  ## Summary  Crux of the issue is that the reserves of the boosted positions are directly used to determine both `totalBoostedPositionValueTokenA` and `totalBoostedPositionValueTokenB` hence the determination of pricing does not use a fair LP pricing formular  ## Vulnerability Detail  The MavEthOracle contract is intended to return prices for Maverick's boosted position lp tokens. Here is the [get
101,Tokemak,918,LMPVaultRouterBase incorrectly handle WETH transfer,0xComfyCat,High; Duplicate; Reward,"Vault, Share Manipulation",0xComfyCat  medium  # LMPVaultRouterBase incorrectly handle WETH transfer ## Summary  ## Vulnerability Detail Supplying ETH via `msg.value` doesn't work since native ETH gets wrapped by internal function `_processEthIn` then it will attempt to transfer WETH from user via `pullToken` which result in the assets being transfer twice (both ETH and WETH)  ## Impact Incorrect implementation causes contract to not function properly and initial ETH sent will be stuck in router contract  ## Code Snippet 
101,Tokemak,900,Calling BaseRewardPool directly causes rewards to be locked,minhtrng,High; Duplicate; Reward,"Deposit, Vault","minhtrng  high  # Calling BaseRewardPool directly causes rewards to be locked ## Summary  A malicious actor can directly call IBaseRewardPool.getReward for `CurveConvexDestinationVault` address, which will transfer rewards into the vault without a way to get them out.   ## Vulnerability Detail  The function `ConvexRewards._claimRewards` claims all rewards and checks the balance difference before and after the claim to determine how much needs to be send to `sendTo`  ```js bool result = rewardPoo"
101,Tokemak,884,`LMPVaultRouterBase::mint` and `LMPVaultRouterBase::deposit` transfer extra assets from the user when ETH is provided,ck,High; Duplicate; Reward,"Deposit, Vault, Share Manipulation","ck  high  # `LMPVaultRouterBase::mint` and `LMPVaultRouterBase::deposit` transfer extra assets from the user when ETH is provided ## Summary  `LMPVaultRouterBase::mint` and `LMPVaultRouterBase::deposit` transfer extra assets from the user when ETH is provided  ## Vulnerability Detail  When either `LMPVaultRouterBase::mint` or `LMPVaultRouterBase::deposit` are called, `_processEthIn` is called to handle possible ETH.  ```solidity     function deposit(         ILMPVault vault,         address to, "
101,Tokemak,858,wETH deposited/minted via LMPVaultRouterBase is taken twice from msg.sender if he chooses to deposit with msg.value,vagrant,High; Duplicate; Reward,"Deposit, Fund Theft, Fund Loss","vagrant  high  # wETH deposited/minted via LMPVaultRouterBase is taken twice from msg.sender if he chooses to deposit with msg.value ## Summary LMPVaultRouterBase offers the user the option to send ETH with his calls to mint/deposit. This msg.value will be deposited into the wETH contract yet it will not be used for minting vault shares, instead the contract pulls the tokens required for minting vault shares from the user again, making him pay twice if he has wETH in his wallet. The wETH strande"
101,Tokemak,857,LMPVault: Wrong accounting because of unsynced `totalDebt`,n33k,High; Duplicate; Reward,"Deposit, Withdraw, Sandwich","n33k  medium  # LMPVault: Wrong accounting because of unsynced `totalDebt` ## Summary  `totalDebt` is a cached storage variable to track assets in destination vaults. It could be unsynced when destinations incur profit or loss. `mint`, `deposit`, `withdraw` and `redeam` could use a stale value and result in wrong shares mint or burned. Or user could profit by sandwich `updateDebtReporting` transaction.  ## Vulnerability Detail  The sum of `totalIdle` and cached `totalDebt` represents the AUM.  `"
101,Tokemak,855,"When an underlying price increases, an attacker can update the debt info to profit by using flash loans",Flora,High; Duplicate; Reward,"Flash Loan, Deposit, Vault","Flora  high  # When an underlying price increases, an attacker can update the debt info to profit by using flash loans ## Summary  When an underlying price increases, an attacker can update the debt info to profit by using flash loans.  ## Vulnerability Detail  The vulnerability allows the attacker to perform a series of actions that lead to substantial profits. The steps involved are as follows:  1. The attacker monitors the underlying prices of destination vaults. 2. When the underlying price "
101,Tokemak,850,Incorrect Handling of Rewards During Asset Withdrawal from Destinations,warRoom,High; Duplicate; Reward,"Withdraw, Vault, Share Manipulation","warRoom  high  # Incorrect Handling of Rewards During Asset Withdrawal from Destinations ## Summary The `_withdraw` function contains an issue in the way rewards accrued during asset withdrawal from destination vaults are accounted for. Specifically, when the assets pulled are greater than the assets intended to be pulled (`info.totalAssetsPulled > info.totalAssetsToPull`), the code incorrectly calculates the `idleIncrease` by subtracting the intended assets from the pulled assets. This approach"
101,Tokemak,849,Malicious user can claim the reward for contract to make the user lose convex reward,ctf_sec,High; Duplicate; Reward,Other,ctf_sec  high  # Malicious user can claim the reward for contract to make the user lose convex reward ## Summary  Malicious user can claim the reward for contract to make the user lose convex reward  ## Vulnerability Detail in ConvexRewardsAdapter the `_claimRewards` function works in the following way. 1. first the function records the balance of an account and stores it  2. the function then calls the getReward function  3. now the balance after is recorded. 4. finally the contract subracts th
101,Tokemak,846,Mav oracle LP price can be manipulated,ctf_sec,High; Duplicate; Reward,"Oracle, Flash Loan, Fund Drain","ctf_sec  high  # Mav oracle LP price can be manipulated ## Summary Mav oracle can be manipulated ## Vulnerability Detail The mav oracle can easily be manipulated because of its use of spot price  ```solidity // Get reserves in boosted position. (uint256 reserveTokenA, uint256 reserveTokenB) = boostedPosition.getReserves(); ``` The above call can easily be manipulated by an attacker. A malicious user can get a flash loan and make a swap to artificially inflate the `reserveTokenA` and the `reserve"
101,Tokemak,836,User can not deposit ETH in LMPVault via router without being at loss,warRoom,High; Duplicate; Reward,"Deposit, DoS, Fund Loss","warRoom  high  # User can not deposit ETH in LMPVault via router without being at loss ## Summary `deposit()` function of the router collects ETH and WETH both while issuing the share for only one of them. If the user transfers eth and has also given the WETH approval for the deposit, the router will take both ETH and WETH, but it will only issue share for only one of them and in case user has only provided the ETH, the transaction will always revert because it will try to capture wETH as well w"
101,Tokemak,831,DestinationVault rewards can always be stolen by anyone,TangYuanShen,High; Duplicate; Reward,"Deposit, Withdraw, Rounding","TangYuanShen  high  # DestinationVault rewards can always be stolen by anyone ## Summary  The LMPVault receives base assets rewards from the DestinationVault's MainRewarder, which increase the value of an LMPVault share. These rewards can be stolen each time by anyone using flash-staking.  ## Vulnerability Detail  The LMPVault uses the base assets in the vault to obtain shares in a DestinationVault. Each DestinationVault also has a MainRewarder, which emits rewards in the vaults base assets.  Th"
101,Tokemak,825,LMPVaultRouter will charge a user twice and the extra funds can be stolen,TangYuanShen,High; Duplicate; Reward,"Deposit, Vault","TangYuanShen  high  # LMPVaultRouter will charge a user twice and the extra funds can be stolen ## Summary  The LMPVaultRouter will charge a user twice for a deposit or mint to an LMPVault, if the user wants to use ETH. This extra ETH can then be stolen by an attacker.  ## Vulnerability Detail  The LMPVaultRouter inherits from LMPVaultRouterBase, which exposes the functions `deposit` and `mint` where a user can deposit assets to an LMPVault.  Both functions use `_processEthIn` which will wrap `m"
101,Tokemak,819,Users can steal reward tokens due to bad update of rewardDebt in `LMPVault.sol`.,carrotsmuggler,High; Duplicate; Reward,"Withdraw, Fund Theft, Vault",carrotsmuggler  high  # Users can steal reward tokens due to bad update of rewardDebt in `LMPVault.sol`. ## Summary  Users can steal reward tokens due to bad update of rewardDebt in `LMPVault.sol`.  ## Vulnerability Detail  The contract `LMPVault.sol` is an erc20 contract and the tokens are automatically staked in the rewarder contract to earn continuous rewards. The staking mechanism is carried out in the `_beforeTokenTransfer` and `_afterTokenTransfer` functions.  ```solidity function _beforeT
101,Tokemak,815,Incorrect idle value accounting in `LMPVault.sol` leads to lost tokens.,carrotsmuggler,High; Duplicate; Reward,"Withdraw, Vault, Share Manipulation","carrotsmuggler  high  # Incorrect idle value accounting in `LMPVault.sol` leads to lost tokens. ## Summary  Incorrect idle value accounting in `LMPVault.sol` leads to lost tokens.  ## Vulnerability Detail  The function `_withdraw` in `LMPVault.sol` is used to withdraw tokens from the vault. The function also calculates the change in the `idle` amount in the vault. In this context, `idle` refers to the assets sitting in the LMPVault, not assigned to any destination yet. The LMP vault pulls tokens"
101,Tokemak,794,"An attacker can monitor `LiquidationRow.liquidateVaultsForToken()` function, then use flash loan to steal all rewards from users",Flora,High; Duplicate; Reward,"Liquidation, Flash Loan, Deposit","Flora  high  # An attacker can monitor `LiquidationRow.liquidateVaultsForToken()` function, then use flash loan to steal all rewards from users ## Summary  An attacker can monitor `LiquidationRow.liquidateVaultsForToken()` function, then use flash loan to steal all rewards from users.  ## Vulnerability Detail  Here is an overview of the steps the attacker takes to exploit the vulnerability:  1. **Monitoring the Liquidation Process**: The attacker monitors the execution of the `LiquidationRow.liq"
101,Tokemak,790,A malicious user can prevent the liquidator role receiving rewards,ck,High; Duplicate; Reward,"Liquidation, Vault",ck  medium  # A malicious user can prevent the liquidator role receiving rewards ## Summary  A malicious user can prevent the liquidator role receiving aura rewards  ## Vulnerability Detail  The `ConvexRewardsAdapter::_claimRewards` function is meant to transfer the claimed rewards to the `sendTo` address.  ```solidity              amountsClaimed[i] = balance - balancesBefore[i];             if (sendTo != address(this) && amountsClaimed[i] > 0) {                 IERC20(rewardTokens[i]).safeTrans
101,Tokemak,786,"Destination vault debt can be selectively updated to collect fees on ""profits"" while ignoring the losses from other destination vaults",berndartmueller,High; Duplicate; Reward,"Deposit, Withdraw, Reentrancy","berndartmueller  medium  # Destination vault debt can be selectively updated to collect fees on ""profits"" while ignoring the losses from other destination vaults ## Summary  The `LMPVault.updateDebtReporting` function allows anyone to selectively update the debt of destination vaults, leading to a (temporarily) incomplete `totalDebt` (and `totalIdle`) value. This results in the collection of protocol fees, even though the `LMPVault` potentially has not made any profit, leading to a loss for the "
101,Tokemak,773,Destination vault rewards should be claimed before every withdrawal in LMPVault,0xvj,High; Duplicate; Reward,"Withdraw, Vault, Share Manipulation",0xvj  medium  # Destination vault rewards should be claimed before every withdrawal in LMPVault ## Summary An `LMPVault` user will loose some base assets while withdrawing as pending rewards from the destination vaults are not being claimed before a LMPVault withdraw. Because of this a user will receive less baseAssets then what he should receive.  ## Lines Of Code [https://github.com/sherlock-audit/2023-06-tokemak/blob/main/v2-core-audit-2023-07-14/src/vault/LMPVault.sol#L400-L419](https://gith
101,Tokemak,759,ConvexRewardsAdapter#claimRewards rewards can be locked into the contract forever,pks_,High; Duplicate; Reward,Front-running,"pks_  high  # ConvexRewardsAdapter#claimRewards rewards can be locked into the contract forever ## Summary  ConvexRewardsAdapter#claimRewards function can be called by any user, and it can be called by malicious user to lock protocol ubclaimed reward forever.  ## Vulnerability Detail  ConvexRewardsAdapter#_claimRewards function use convex `rewardPool.getReward(address _account, bool _claimExtras)` to get unclaimed rewards for users, but this function can be called by any user, see `getReward` [d"
101,Tokemak,756,Vault uses new balance when updating the rewarder for a given user,caelumimperium,High; Duplicate; Reward,"Withdraw, Vault, Share Manipulation","caelumimperium  high  # Vault uses new balance when updating the rewarder for a given user ## Summary When vault shares are transferred, the rewarder state is updated for the sender and the receiver. But, for the receiver it uses the new balance to calculate the earned rewards until the time of the transfer. That results in them receiving more rewards than they should.  ## Vulnerability Detail When vault shares are transferred, the rewarder contract is updated in `beforeTokenTransfer()` and `aft"
101,Tokemak,751,User can pay double amount in Vault Router and Excess amount can be stolen,Breeje,High; Duplicate; Reward,"Deposit, Withdraw, Fund Theft","Breeje  medium  # User can pay double amount in Vault Router and Excess amount can be stolen ## Summary  In case, the vault's asset is `weth` and user wants to pay in `eth` which is accepted by the contract, user can end up forced to pay twice. Furthermore, this excess amount can be stolen by anyone.  ## Vulnerability Detail  Same vulnerability exists in both `mint` and `deposit` functions in `LMPVaultRouterBase` contract. So focusing on just `mint` function for details.  `mint` function in `LMP"
101,Tokemak,746,Vault uses outdated data for share price calculation,caelumimperium,High; Duplicate; Reward,"Deposit, Withdraw, Rounding","caelumimperium  medium  # Vault uses outdated data for share price calculation ## Summary `updateDebtReporting` modifies `totalAssets` (idle & debt). `totalAssets` is used in the vault's share price calculation. Unless it's called right before the calculation, the vault will use outdated data.  ## Vulnerability Detail `updateDebtReporting()` updates `idle` and `debt` which combined represent the vault's `totalAssets`. `totalAssets` is used to calculate the share price:  ```sol     /**      * @de"
101,Tokemak,742,Lost funds in Reward Distribution Process,l3r0ux,High; Duplicate; Reward,Liquidation,"l3r0ux  medium  # Lost funds in Reward Distribution Process ## Summary When the rewarder has already tokens for distribution queued, and more reward tokens get distributed, then a higher than expected amount of tokens is transfered from the sender (liquidator), resulting in either lost funds, or a broken liquidation / reward distribution process due to a revert.  ## Vulnerability Detail The function `queueNewRewards(uint256)` in the contract `AbstractRewarder.sol` is used to queue tokens for rew"
101,Tokemak,739,AbstractRewarder will pull more tokens than it should in `queueNewRewards()`,caelumimperium,High; Duplicate; Reward,Other,caelumimperium  high  # AbstractRewarder will pull more tokens than it should in `queueNewRewards()` ## Summary In `queueNewRewards()` it adds the already queued amount on top of the new one and pulls that from the caller. The extra amount is not accounted for and locked up in the rewarder contract.  ## Vulnerability Detail  ```sol     function queueNewRewards(uint256 newRewards) external onlyWhitelisted {         uint256 startingQueuedRewards = queuedRewards;         uint256 startingNewRewards 
101,Tokemak,738,Aura/Convex rewards are stuck after DOS,tives,High; Has Duplicates; Sponsor Confirmed; Reward,"Liquidation, Deposit, DoS","tives  medium  # Aura/Convex rewards are stuck after DOS ## Summary  Since `_claimRewards` accounts for rewards with balanceBefore/After, and anyone can claim Convex rewards, then attacker can DOS the rewards and make them stuck in the LiquidationRow contract.  ## Vulnerability Detail  Anyone can claim Convex rewards for any account.  https://etherscan.io/address/0x0A760466E1B4621579a82a39CB56Dda2F4E70f03#code  ```solidity function getReward(address _account, bool _claimExtras) public updateRewa"
101,Tokemak,735,mint() and deposit() with ETH from LMPVaultRouter will always revert when users have 0 WETH,harisnabeel,High; Duplicate; Reward,"Deposit, Vault, Share Manipulation","harisnabeel  high  # mint() and deposit() with ETH from LMPVaultRouter will always revert when users have 0 WETH ## Summary When users want to deposit() or mint() with ETH using LMPVaultRouterBase, these transactions always revert when user have 0 WEH balance as pullTokens() will attempt to pull tokens from caller as specified in params even after getting ETH as converting them to WETH.   ## Vulnerability Detail  Suppose Alice have 0 WETH and 1 ETH in his account, he wants to deposit 1 ETH to ge"
101,Tokemak,734,"`queueNewRewards` contains wrong logic, resulting double transfer",bitsurfer,High; Duplicate; Reward,Other,"bitsurfer  high  # `queueNewRewards` contains wrong logic, resulting double transfer ## Summary  `queueNewRewards` contains wrong logic, resulting double transfer  ## Vulnerability Detail  There is a storage variable `queuedRewards` which is storing the amount of rewards waiting in the queue to be distributed.  ```js File: AbstractRewarder.sol 60:     /// @notice The amount of rewards waiting in the queue to be distributed. 61:     uint256 public queuedRewards; ```  Initially, the value of `queu"
101,Tokemak,733,"`totalIdle` may updated wrongly due to uncounted asset rewards from burned shares, affecting rebalance and resulting untracked asset",bitsurfer,High; Duplicate; Reward,"Withdraw, Vault, Share Manipulation","bitsurfer  high  # `totalIdle` may updated wrongly due to uncounted asset rewards from burned shares, affecting rebalance and resulting untracked asset ## Summary  `totalIdle` may updated wrongly due to uncounted asset rewards from burned shares when `totalAssetsPulled > totalAssetsToPull`. This wrong `totalIdle` will affect rebalance, and this also may be categorized as loss asset due to untracked asset  ## Vulnerability Detail  When there is a withdrawal, and the idle asset is less than amount"
101,Tokemak,732,User can lost funds when mint() with ETH from LMPVaultRouter,harisnabeel,High; Duplicate; Reward,"Deposit, Vault, Share Manipulation","harisnabeel  high  # User can lost funds when mint() with ETH from LMPVaultRouter ## Summary When minting with ETH, **LMPVaultRouterBase**'s mint() function also pull WETH from caller if the caller had approved WETH back in some time.   ## Vulnerability Detail 1 - Suppose the ratio in vault is 1:1, Alice wants to mint 1e18 shares, as WETH and ETH are 1:1, so inside mint() of LMPVaultRouterBase ```_processEthIn()``` converts deposited ETH into WETH. The functions will be called with params like b"
101,Tokemak,728,User can lost funds during deposit() in LMPVaultRouter,harisnabeel,High; Duplicate; Reward,"Deposit, Vault, Share Manipulation","harisnabeel  high  # User can lost funds during deposit() in LMPVaultRouter ## Summary When depositing with ETH, **LMPVaultRouterBase**'s deposit() function can also pull WETH from caller if the caller had approved WETH back in some time.   ## Vulnerability Detail 1 - Alice wants to deposit 1 ETH to mint shares, as WETH and ETH are 1:1, so inside deposit() of LMPVaultRouterBase ```_processEthIn()``` converts deposited ETH into WETH. The functions will be called with params like below. ```solidit"
101,Tokemak,721,LiquidationRow's claimsVaultRewards can be frontrun resulting in tokens being stuck in contract.,ADM,High; Duplicate; Reward,"Liquidation, Reentrancy, Deposit",ADM  high  # LiquidationRow's claimsVaultRewards can be frontrun resulting in tokens being stuck in contract. ## Summary LiquidationRow's claimsVaultRewards claims any earned rewards from the selected destination vaults and then uses the amounts received to update the balances of the destinationVaults balances. However the amount of tokens recorded is determined by the difference of tokens before/after calling the claimReward function in the rewardAdapter contract. For certain protocols this cla
101,Tokemak,717,"Convex and Aura `getReward` can be called directly, breaking liquidation rows functionality and automation",saidam017,High; Duplicate; Reward,"Liquidation, Reentrancy, Reentrancy","saidam017  medium  # Convex and Aura `getReward` can be called directly, breaking liquidation rows functionality and automation ## Summary  Convex and Aura `getReward` can be called by anyone on behalf of destination vault, this will allow malicious users to call `getReward` and break the liquidation functionality.  ## Vulnerability Detail  Convex and Aura rewarded allow anyone to call getReward on behalf of any users :  https://github.com/convex-eth/platform/blob/main/contracts/contracts/BaseRe"
101,Tokemak,713,_performLiquidation() not working properly,bin2chen,High; Duplicate; Reward,"Liquidation, Reentrancy, Reentrancy","bin2chen  medium  # _performLiquidation() not working properly ## Summary in `LiquidationRow._performLiquidation()` Wrong direct call to method `IAsyncSwapper(asyncSwapper).swap(params)` Should be using `DelegateCall`  ## Vulnerability Detail in `LiquidationRow._performLiquidation()` direct call to method `IAsyncSwapper(asyncSwapper).swap(params)`  ```solidity contract LiquidationRow is ILiquidationRow, ReentrancyGuard, SystemComponent, SecurityBase { ....     function _performLiquidation(      "
101,Tokemak,712,_withdraw()  idleIncrease might be less,bin2chen,High; Duplicate; Reward,"Withdraw, Vault, Share Manipulation","bin2chen  medium  # _withdraw()  idleIncrease might be less ## Summary in `LMPVault._withdraw()` Erroneous overwriting of the old `info.idleIncrease` may result in a lower number  ## Vulnerability Detail in `LMPVault._withdraw()`  The code to calculate `info.idleIncrease` is as follows. ```solidity     function _withdraw(         uint256 assets,         uint256 shares,         address receiver,         address owner     ) internal virtual returns (uint256) {         uint256 idle = totalIdle;    "
101,Tokemak,707,Some `idle` amount is neglected in `LMPVault._withdraw` function,Aymen0909,High; Duplicate; Reward,"Withdraw, Fund Loss, Vault","Aymen0909  high  # Some `idle` amount is neglected in `LMPVault._withdraw` function ## Summary  In the `LMPVault._withdraw` function when accounting for the `info.idleIncrease` amount, some of the reward amount it is neglected when the condition `info.totalAssetsPulled > info.totalAssetsToPull` is satisfied which will result in a loss of funds for the protocol.  ## Vulnerability Detail  The issue occurs in the `LMPVault._withdraw` function below which is called when a user tries to withdraw/rede"
101,Tokemak,700,`averagePrice` has wrong decimals due to `updatePricingInfo` wrong calculation,Aymen0909,High; Duplicate; Reward,"Oracle, Reentrancy, Precision","Aymen0909  high  # `averagePrice` has wrong decimals due to `updatePricingInfo` wrong calculation ## Summary  The calculation of the `averagePrice` variable inside the `updatePricingInfo` function is wrong as the value `existing._initAcc` which is already in 18 decimals is multiplied again by 1e18 resulting in a `averagePrice` with 36 decimals, this error will cause issues as both `existing.fastFilterPrice ` and `existing.slowFilterPrice` are given the value of `averagePrice` (which is wrong) an"
101,Tokemak,699,`queueNewRewards` transferring wrong amount of reward token,Aymen0909,High; Duplicate; Reward,"DoS, Fund Loss","Aymen0909  high  # `queueNewRewards` transferring wrong amount of reward token ## Summary  Upon invocation of the `queueNewRewards` function, an erroneous transfer of the `newRewards` amount occurs from the caller's account instead of the intended `startingNewRewards` value. This error results in an excessive deduction of funds from the caller, potentially leading to the call being reverted (creating a potential Denial of Service (DOS) situation, as the caller might lack the necessary funds) and"
101,Tokemak,698,Lost rewards claimed in `LiquidationRow` as the `swap()` function is not delegate called to in `liquidateVaultsForToken()`,0x73696d616f,High; Duplicate; Reward,"Liquidation, Withdraw, Vault","0x73696d616f  high  # Lost rewards claimed in `LiquidationRow` as the `swap()` function is not delegate called to in `liquidateVaultsForToken()` ## Summary Can't send rewards to rewarders via `LiquidationRow:liquidateVaultsForToken()` because `_performLiquidation()` does not delegate call to the `asyncSwapper`, but uses a ""normal"" call instead. The claimed tokens will be forever stuck, as there is no way to withdraw them.  ## Vulnerability Detail `LiquidationRow` queues rewards to rewarders in 2"
101,Tokemak,689,Rewarders can be drained,l3r0ux,High; Duplicate; Reward,"Flash Loan, Deposit, Withdraw","l3r0ux  high  # Rewarders can be drained ## Summary  The rewarder contracts are heavily based on the Synthetix rewarder. However, contrary to Synthetix, here the staking is done and tracked in an external contract (the stakeTracker), and the rewarder contract just keeps track of the rewards. Because not all actions of the stakeTracker do update the reward state in the right moment, a mismatch between the _totalSupply_ and _balanceOf_ values of the stakeTracker can be crafted and abused, and an a"
101,Tokemak,687,Sender can lose more tokens when attempting to call function `AbstractRewarder.queueNewRewards()`,duc,High; Duplicate; Reward,"Liquidation, Fund Loss, Vault","duc  high  # Sender can lose more tokens when attempting to call function `AbstractRewarder.queueNewRewards()` ## Summary The issue at hand involves the aggregation of `newRewards` with `queuedRewards`, which results in senders having to provide more reward tokens than originally anticipated.  ## Vulnerability Detail The `AbstractRewarder.queueNewRewards()` function is employed to queue the specified amount of new rewards for distribution to stakers. It's important to note that the rewarder empl"
101,Tokemak,686,"Anyone can claim rewards from the rewarders to the destination vaults, DoSing `LiquidationRow` and possibly leading to stuck tokens",0x73696d616f,High; Duplicate; Reward,"Liquidation, Deposit, DoS","0x73696d616f  medium  # Anyone can claim rewards from the rewarders to the destination vaults, DoSing `LiquidationRow` and possibly leading to stuck tokens ## Summary Rewards from pools are supposed to be claimed only by the [`LIQUIDATOR_ROLE`](https://github.com/sherlock-audit/2023-06-tokemak/blob/main/v2-core-audit-2023-07-14/src/vault/DestinationVault.sol#L165) via `collectRewards()` of the destination vaults, but anyone can do it directly from the rewarder of the pool and send the rewards to"
101,Tokemak,680,LMPVaultRouterBase: Native ETH lost in router when mint&deposit,n33k,High; Duplicate; Reward,"Deposit, Vault, Share Manipulation","n33k  high  # LMPVaultRouterBase: Native ETH lost in router when mint&deposit ## Summary  `LMPVaultRouter` inherits `LMPVaultRouterBase`'s `payable` `mint` and `deposit` functions. The native ETH handling logics in `mint` and `deposit` are faulty.  ## Vulnerability Detail  Take `deposit` as example. It calls `_processEthIn` to handle eth values in transaction.  ```solidity     function deposit(         ILMPVault vault,         address to,         uint256 amount,         uint256 minSharesOut     "
101,Tokemak,678,Flashloan to subtract rewards since users can claim rewards immediately after depositing into the vault.,MrjoryStewartBaxter,High; Duplicate; Reward,"Flash Loan, Deposit, Withdraw",MrjoryStewartBaxter  high  # Flashloan to subtract rewards since users can claim rewards immediately after depositing into the vault. ## Summary  It is possible to abuse the current design of the rewarder since a user is able to claim rewards after depositing into the vault. With this scenario it is possible to execute a flashloan attack exclusively for claiming rewards.   ## Vulnerability Detail  Since the Rewarder model does not have a tracking mechanism and checkpoints in place it is possible
101,Tokemak,669,Wrong procedure of minting & staking in lmpVault leads to theft of all rewards,Kalyan-Singh,High; Duplicate; Reward,"Deposit, Withdraw, Fund Theft",Kalyan-Singh  high  # Wrong procedure of minting & staking in lmpVault leads to theft of all rewards ## Summary LmpVault has '\_beforeTokenTransfer' and '\_afterTokenTransfer' hooks before token transfer withdraws stake and \_afterTokenTransfer does the staking. So abstractRewarder's \_updateReward(account) function is called after the balance of the account has already increased. Which leads to overestimation of rewards in earned() function which relies of balanceOf(account)  ## Vulnerability D
101,Tokemak,664,Wrong implementation in router mint and deposit,enfrasico,High; Duplicate; Reward,"Deposit, Vault, Share Manipulation","enfrasico  high  # Wrong implementation in router mint and deposit ## Summary Mint and deposit in router is implemented wrongly resulting in 2 consequences  1. Native ether cannot be used to mint or deposit 2. User will double pay for minting or deposit  ## Vulnerability Detail Without loss of generality, we will describe this vulnerability with the mint function. The same issue is found in the deposit function.  `mint()` is made payable. Users can send in an amount of `ether` which will be wrap"
101,Tokemak,662,Wrong decimal used for pricing wrongly sets `existing.fastFilterPrice` and `existing.slowFilterPrice` erroneously high,enfrasico,High; Duplicate; Reward,Oracle,"enfrasico  high  # Wrong decimal used for pricing wrongly sets `existing.fastFilterPrice` and `existing.slowFilterPrice` erroneously high ## Summary Calculation for average price is done incorrectly due to the multiplying of uneccessary decimals.  ## Vulnerability Detail When we retrieve our price, `uint256 price = pricer.getPriceInEth(token)`, we get back our price in ETH normalised to 18 decimals from our oracles.  But when we calculate our average price, `uint256 averagePrice = existing._init"
101,Tokemak,660,Wrong approvals causes Complete Denial of Service of Liquidation Process,Angry_Mustache_Man,High; Duplicate; Reward,Liquidation,"Angry_Mustache_Man  high  # Wrong approvals causes Complete Denial of Service of Liquidation Process ## Summary In `_performLiquidation` function of `LiquidationRow.sol`, before queuing of rewards , ""amount"" number of tokens are approved . But in `queueNewRewards` function of `AbstractRewarder.sol`, this ""amount"" is increased by the ""queuedRewards""(i.e., amount +queuedRewards)  which would require approval of ""amount + queuedRewards"". But as we know approval was given only for ""amount"" number of"
101,Tokemak,659,All Rewards can be collected without waiting from mainRewarder,jecikpo,High; Duplicate; Reward,"Liquidation, Deposit, Withdraw","jecikpo  high  # All Rewards can be collected without waiting from mainRewarder ## Summary The improper accounting at MainRewarder and LMPVault allows a user to take all queued up rewards without waiting the necessary time.  ## Vulnerability Detail During minting of the LMPVault tokens the rewards are calculated improperly for the previously staked tokens. When new LMPVault tokens are minted, the rewards are calculated and collected for the already minted tokens, however the amount used to calcu"
101,Tokemak,657,"LMPVault._withdraw may cause some idleIncrease to be ignored, causing _baseAsset to get stuck in LMPVault",nobody2018,High; Duplicate; Reward,"Liquidation, Deposit, Withdraw","nobody2018  high  # LMPVault._withdraw may cause some idleIncrease to be ignored, causing _baseAsset to get stuck in LMPVault ## Summary  Users can withdraw _baseAsset(WETH) via LMPVault.[[withdraw](https://github.com/sherlock-audit/2023-06-tokemak/blob/main/v2-core-audit-2023-07-14/src/vault/LMPVault.sol#L400)]/[[redeem](https://github.com/sherlock-audit/2023-06-tokemak/blob/main/v2-core-audit-2023-07-14/src/vault/LMPVault.sol#L422)], which call [[_withdraw](https://github.com/sherlock-audit/20"
101,Tokemak,655,LMPVault rewards will be discarded when fulfilling a withdrawal,TangYuanShen,High; Duplicate; Reward,"Withdraw, Vault, Share Manipulation","TangYuanShen  high  # LMPVault rewards will be discarded when fulfilling a withdrawal ## Summary  In `LMPVault.sol` in `_withdraw`, the vault will try to fulfil a withdrawal request. It pulls assets back from DestinationVaults and this causes rewards to be issued back to the vault. These rewards should be correctly accounted for in `totalIdle`, however the rewards will be discarded in the most common case.  ## Vulnerability Detail  In `LMPVault.sol` in `_withdraw`, the function loops over each D"
101,Tokemak,654,Absence of Approval causes DOS/Revertion at all times,Angry_Mustache_Man,High; Duplicate; Reward,"Liquidation, DoS","Angry_Mustache_Man  high  # Absence of Approval causes DOS/Revertion at all times ## Summary `_performLiquidation` function of `LiquidationRow.sol` is where the actual liquidation process happens and it involves a swapping of tokens using `BaseAsyncSwapper.sol` where ""sell tokens"" are swapped for ""buy tokens"". These ""buy tokens"" received by `LiquidationRow.sol` is further used to pay fees and for other purposes. But after the swapping , `BaseAsyncSwapper.sol` contract doesn't send back the ""buy "
101,Tokemak,651,Potentially overpaying for vault shares due to the lack of incorporating native ETH into the required `assets` amount,berndartmueller,High; Duplicate; Reward,"Deposit, Vault, Share Manipulation","berndartmueller  medium  # Potentially overpaying for vault shares due to the lack of incorporating native ETH into the required `assets` amount ## Summary  Using native ETH to `mint` vault shares or deposit into a vault does not incorporate the native ETH amount into the required `assets` amount of `vaultAsset` (i.e., WETH) tokens, resulting in overpaying for the vault shares.  ## Vulnerability Detail  Minting `LMPVault` shares using the `LMPVaultRouterBase.mint` function allows the caller to p"
101,Tokemak,644,`MainRewarder` staking rewards are diluted by new stakers resulting in less rewards for existing stakers,berndartmueller,High; Duplicate; Reward,"Deposit, Withdraw, Fund Theft","berndartmueller  high  # `MainRewarder` staking rewards are diluted by new stakers resulting in less rewards for existing stakers ## Summary  The `LMPVault` and `DestinationVault` contracts call the `MainRewarder.stake` function too late, after new shares have been issued. This dilutes the rewards for existing stakers and allows new stakers to immediately accrue and withdraw staking rewards.  ## Vulnerability Detail  Both the `LMPVault` and `DestinationVault` contracts have a `MainRewarder` rewa"
101,Tokemak,643,Claimed destination vault base asset rewards are potentially lost during `LMPVault` withdrawals,berndartmueller,High; Duplicate; Reward,"Deposit, Withdraw, Vault","berndartmueller  high  # Claimed destination vault base asset rewards are potentially lost during `LMPVault` withdrawals ## Summary  The `LMPVault._withdraw` function potentially overwrites the `info.idleIncrease` variable, which is used to keep track of previously received idle funds. This results in additional received idle funds not being accounted for correctly in the `totalIdle` variable, rendering those funds unusable.  ## Vulnerability Detail  Base asset (WETH) funds deposited into the `L"
101,Tokemak,640,Performing the liquidation process reverts due to failing to swap the reward tokens,berndartmueller,High; Duplicate; Reward,"Liquidation, Reentrancy, Vault","berndartmueller  high  # Performing the liquidation process reverts due to failing to swap the reward tokens ## Summary  The `liquidateVaultsForToken` function in the `LiquidationRow` contract fails to properly swap the reward tokens, causing the liquidation process to fail.  ## Vulnerability Detail  During the liquidation process, destination vault LP rewards are claimed, reward tokens are swapped to the desired token (usually the base asset WETH), and distributed to the respective rewarder con"
101,Tokemak,639,Consecutively queueing new rewards transfers more tokens than anticipated,berndartmueller,High; Duplicate; Reward,Liquidation,berndartmueller  high  # Consecutively queueing new rewards transfers more tokens than anticipated ## Summary  The `queueNewRewards` function in the `MainRewarder` contract transfers too many tokens from the caller if rewards has been queued before.  ## Vulnerability Detail  Staking rewards for the `MainRewarder` are topped up via the `queueNewRewards` function in the inherited `AbstractRewarder` contract. If the [current reward period has concluded](https://github.com/sherlock-audit/2023-06-tok
101,Tokemak,637,Risk-free profits for an attacker due to outdated debt reporting during `LMPVault` deposits,berndartmueller,High; Duplicate; Reward,"Liquidation, Deposit, Withdraw","berndartmueller  high  # Risk-free profits for an attacker due to outdated debt reporting during `LMPVault` deposits ## Summary  If a destination vault has (""unrealized"") profits, i.e., the debt reporting is not updated yet, or no rebalance has been performed yet, an attacker can deposit into the `LMPVault` and receive more shares than eligible. The attacker can then update the debt reporting by calling the public `LMPVault.updateDebtReporting` function and immediately redeem the shares, resulti"
101,Tokemak,635,Maverick oracle can be manipulated,duc,High; Has Duplicates; Sponsor Disputed; Reward,"Oracle, Flash Loan, Withdraw","duc  high  # Maverick oracle can be manipulated ## Summary The MavEthOracle.getPriceInEth() function uses the reserves of the Maverick pool to calculate the price of Maverick LP tokens. These reserves can be manipulated, which can lead to incorrect results of Maverick oracle. ## Vulnerability Detail In the MavEthOracle contract, `getPriceInEth` function utilizes the reserves of the Maverick pool and multiplies them with the external prices of the tokens (obtained from the rootPriceOracle contrac"
101,Tokemak,634,Absence of `params.sellToken` transfer from `LiquidationRow` to `asyncSwapper` during liquidation process,duc,High; Duplicate; Reward,"Liquidation, Reentrancy, Vault","duc  high  # Absence of `params.sellToken` transfer from `LiquidationRow` to `asyncSwapper` during liquidation process ## Summary Please refer to the Detailed Description section for insights.  ## Vulnerability Detail The task of executing the liquidation process is assigned to the function `LiquidationRow._performLiquidation()`. ```solidity= function _performLiquidation(     uint256 gasBefore,     address fromToken,     address asyncSwapper,     IDestinationVault[] memory vaultsToLiquidate,    "
101,Tokemak,631,Incorrect handling of ETH when interacting with the `LMPVaultRouterBase.deposit()`,duc,High; Duplicate; Reward,"Deposit, Vault, Share Manipulation","duc  medium  # Incorrect handling of ETH when interacting with the `LMPVaultRouterBase.deposit()` ## Summary Read the Detailed Description section   ## Vulnerability Detail The purpose of the `LMPVaultRouterBase.deposit()` function is to facilitate the depositing of a specified `amount` into an ERC4626 vault, allowing the user to receive an expected minimum of `minSharesOut` shares in return.  ```solidity= function deposit(     ILMPVault vault,     address to,     uint256 amount,     uint256 min"
101,Tokemak,628,`_withdraw` function of `LMPVault` contract updates idleIncrease wrongly,duc,High; Duplicate; Reward,"Withdraw, Vault, Share Manipulation","duc  high  # `_withdraw` function of `LMPVault` contract updates idleIncrease wrongly ## Summary In `_withdraw` function of `LMPVault` contract, the calculation of `info.idleIncrease` will miss the destination vault rewards when pulled assets is exceed totalAssetsToPull.  ## Vulnerability Detail ```solidity= uint256 assetPreBal = _baseAsset.balanceOf(address(this)); uint256 assetPulled = destVault.withdrawBaseAsset(sharesToBurn, address(this));  // Destination Vault rewards will be transferred t"
101,Tokemak,624,Incorrect number of shares minted as fee,xiaoming90,High; Has Duplicates; Sponsor Confirmed; Reward,"Deposit, Rounding, Vault","xiaoming90  high  # Incorrect number of shares minted as fee ## Summary  An incorrect number of shares was minted as fees during fee collection, resulting in a loss of fee.  ## Vulnerability Detail  https://github.com/sherlock-audit/2023-06-tokemak/blob/main/v2-core-audit-2023-07-14/src/vault/LMPVault.sol#L818  ```solidity File: LMPVault.sol 818:             profit = (currentNavPerShare - effectiveNavPerShareHighMark) * totalSupply; 819:             fees = profit.mulDiv(performanceFeeBps, (MAX_F"
101,Tokemak,621,Incorrect pricing for CurveV2 LP Token,xiaoming90,High; Sponsor Confirmed; Reward,"Oracle, Reentrancy, Withdraw","xiaoming90  high  # Incorrect pricing for CurveV2 LP Token ## Summary  The price of the CurveV2 LP Tokens is incorrect as the incorrect quote currency is being used when computing the value, resulting in a loss of assets due to the overvaluing or undervaluing of the assets.  ## Vulnerability Detail  Using the Curve rETH/frxETH pool (0xe7c6e0a739021cdba7aac21b4b728779eef974d9) to illustrate the issue:  The price of the LP token of Curve rETH/frxETH pool can be obtained via the following `lp_price"
101,Tokemak,620,Gain From LMPVault Can Be Stolen,xiaoming90,High; Has Duplicates; Sponsor Confirmed; Reward,"Liquidation, Flash Loan, Borrow Logic","xiaoming90  high  # Gain From LMPVault Can Be Stolen ## Summary  An attacker can steal the gain of the LMPVault.  ## Vulnerability Detail  Assume the following:  - LMPVault called $LV$ integrates with three (3) destination vaults of different protocols ($DV_{curve}$, $DV_{Balancer}$, $DV_{Maverick}$) - The Tokemak's liquidator had called the `LiquidatorRow.claimsVaultRewards` function against all three DVs, and carried out the necessary liquidation of the reward tokens received from Covex, Aura,"
101,Tokemak,618,Claimed tokens obtained during the burning of DV shares are overwritten,xiaoming90,High; Duplicate; Reward,"Withdraw, Vault, Share Manipulation","xiaoming90  high  # Claimed tokens obtained during the burning of DV shares are overwritten ## Summary  The reward tokens claimed while burning DV shares are overwritten, resulting in the loss of reward tokens for the users.  ## Vulnerability Detail  When withdrawing the base assets via the `withdrawBaseAsset` function in Line 487 below, it will burn the DV shares internally. When the DV shares are burned, the DV rewards will be automatically redeemed and transferred to this contract. This was a"
101,Tokemak,613,IncentivePricingStats.updatePricingInfo updates fast/slow filters with the wrong average price,nobody2018,High; Duplicate; Reward,Oracle,"nobody2018  medium  # IncentivePricingStats.updatePricingInfo updates fast/slow filters with the wrong average price ## Summary  [[updatePricingInfo](https://github.com/sherlock-audit/2023-06-tokemak/blob/main/v2-core-audit-2023-07-14/src/stats/calculators/IncentivePricingStats.sol#L125-L129)](https://github.com/sherlock-audit/2023-06-tokemak/blob/main/v2-core-audit-2023-07-14/src/stats/calculators/IncentivePricingStats.sol#L125-L129) has 3 phases:  1.  initialize phase, just want to accumulate "
101,Tokemak,611,Differences between actual and cached total assets can be arbitraged,xiaoming90,High; Has Duplicates; Sponsor Confirmed; Reward,"Deposit, Withdraw, Front-running","xiaoming90  high  # Differences between actual and cached total assets can be arbitraged ## Summary  The difference between $totalAssets_{cached}$ and $totalAssets_{actual}$ could be arbitraged or exploited by malicious users for their gain, leading to a loss to other vault shareholders.  ## Vulnerability Detail  The actual total amount of assets that are owned by a LMPVault on-chain can be derived via the following formula:  $$ totalAssets_{actual} = \sum_{n=1}^{x}debtValue(DV_n) $$  When `LMPV"
101,Tokemak,610,LMPVaultRouter duplicate transfer ETH,bin2chen,High; Duplicate; Reward,"Deposit, Vault, Share Manipulation","bin2chen  high  # LMPVaultRouter duplicate transfer ETH ## Summary in `LMPVaultRouter.mint()`/ `LMPVaultRouter.deposit()` Will execute `_processEthIn()`, then execute `pullToken(vaultAsset, assets, address(this))`. Executing `pullToken()` does not deduct the ETH from `msg.value`, resulting in a duplicate transfer to WETH Resulting in the loss of the user's ETH  ## Vulnerability Detail  in `LMPVaultRouter.mint()` ```solidity abstract contract LMPVaultRouterBase is ILMPVaultRouterBase, SelfPermit,"
101,Tokemak,608,LMPVaultRouterBase.mint/deposit will make the user's weth be stolen in some cases,nobody2018,High; Duplicate; Reward,"Deposit, Fund Theft, Fund Loss",nobody2018  medium  # LMPVaultRouterBase.mint/deposit will make the user's weth be stolen in some cases ## Summary  `LMPVault.asset()` is baseAsset(WETH). [mint](https://github.com/sherlock-audit/2023-06-tokemak/blob/main/v2-core-audit-2023-07-14/src/vault/LMPVaultRouterBase.sol#L23-L28)/[deposit](https://github.com/sherlock-audit/2023-06-tokemak/blob/main/v2-core-audit-2023-07-14/src/vault/LMPVaultRouterBase.sol#L44-L49) can send native token (ether) in exchange for vault shares due to the `pay
101,Tokemak,605,Inflating account balance to steal rewards from LMPVault's MainRewarder,xiaoming90,High; Duplicate; Escalation Resolved; Reward,"Flash Loan, Borrow Logic, Deposit","xiaoming90  high  # Inflating account balance to steal rewards from LMPVault's MainRewarder ## Summary  Malicious users could steal the rewards of others by temporarily inflating their balance in the LMPVault's MainRewarder.  ## Vulnerability Detail  The following are PoC for the attack:  1. Assume that Bob, the malicious user, owned only 5 LMPVault shares, and he is entitled to 0.1 TOKE per share. Thus, he is eligible to claim 0.5 TOKE of rewards in total.     > `balanceOf(Bob)` = 5 shares (5e1"
101,Tokemak,603,Immediately start getting rewards belonging to others after staking,xiaoming90,High; Has Duplicates; Sponsor Confirmed; Reward,"Withdraw, Overflow, Vault","xiaoming90  high  # Immediately start getting rewards belonging to others after staking ## Summary  Malicious users could abuse the accounting error to immediately start getting rewards belonging to others after staking, leading to a loss of reward tokens.  ## Vulnerability Detail  > **Note** > This issue affects both LMPVault and DV since they use the same underlying reward contract.  Assume a new user called Bob mints 100 LMPVault or DV shares. The ERC20's `_mint` function will be called, whic"
101,Tokemak,600,Inflated price due to unnecessary precision scaling,xiaoming90,High; Has Duplicates; Sponsor Confirmed; Reward,"Oracle, Rounding, Precision","xiaoming90  high  # Inflated price due to unnecessary precision scaling ## Summary  The price returned by the stat calculators will be excessively inflated, which could lead to multiple implications that lead to losses to the protocol.  ## Vulnerability Detail  The `price` at Line 137 below is denominated in 18 decimals as the `getPriceInEth` function always returns the price in 18 decimals precision.  There is no need to scale the accumulated price by 1e18.  - It will cause the average price (`"
101,Tokemak,598,Convex/Aura claim reward front-run attack,xiaoming90,High; Duplicate; Reward,"Liquidation, Deposit, Front-running","xiaoming90  high  # Convex/Aura claim reward front-run attack ## Summary  The current implementation is vulnerable to the classic Convex/Aura claim reward front-run attack, leading to a loss of reward tokens.  ## Vulnerability Detail  Assume that a destination vault called ($DV_A$) is entitled to $x$ CRV and $y$ CVX tokens.  The issue is that Convex's [`BaseRewardPool.getReward`](https://github.com/convex-eth/platform/blob/a5da3f127a321467a97a684c57970d2586520172/contracts/contracts/BaseRewardPo"
101,Tokemak,596,Swap during liquidation of reward tokens will revert,xiaoming90,High; Duplicate; Reward,"Liquidation, Deposit, Reentrancy","xiaoming90  high  # Swap during liquidation of reward tokens will revert ## Summary  Swap during liquidation of reward tokens will revert. As a result, reward tokens collected from external protocols cannot be liquidated and transferred to the LMPVault/Destination Vaults, leading to a loss to the vault shareholders.  ## Vulnerability Detail  The root cause of this issue is that the swap performed during the liquidation should be called via ""delegated call"" instead of ""function call"".  **Problem "
101,Tokemak,595,WETH is stuck in the router if users deposit or mint with Native ETH,xiaoming90,High; Duplicate; Reward,"Deposit, Vault, Share Manipulation","xiaoming90  high  # WETH is stuck in the router if users deposit or mint with Native ETH ## Summary  Certain routers' functions expect users to send Native ETH during deposit or minting. However, due to an error in the implementation, the deposited ETH will be stuck in the router, and subsequently, the stuck ETH can be stolen by others.  ## Vulnerability Detail  A total of two (2) instances of this issue were found.  **Instance 1 - `LMPVaultRouterBase.deposit`**   The `LMPVaultRouterBase.deposit"
101,Tokemak,594,LiquidationRow._performLiquidation should delegatecall IAsyncSwapper.swap,nobody2018,High; Duplicate; Reward,"Liquidation, Reentrancy, Deposit",nobody2018  high  # LiquidationRow._performLiquidation should delegatecall IAsyncSwapper.swap ## Summary  [[_performLiquidation](https://github.com/sherlock-audit/2023-06-tokemak/blob/main/v2-core-audit-2023-07-14/src/liquidation/LiquidationRow.sol#L250-L251)](https://github.com/sherlock-audit/2023-06-tokemak/blob/main/v2-core-audit-2023-07-14/src/liquidation/LiquidationRow.sol#L250-L251) calls `IAsyncSwapper(asyncSwapper).swap(params)` to swap `params.sellToken` for `params.buyToken`(WETH). And
101,Tokemak,590,All rewardTokens may be stuck in BalancerAuraDestinationVault/CurveConvexDestinationVault,nobody2018,High; Duplicate; Reward,"Liquidation, Withdraw, Front-running","nobody2018  high  # All rewardTokens may be stuck in BalancerAuraDestinationVault/CurveConvexDestinationVault ## Summary  Anyone can claim rewards for `_account` by calling [[BaseRewardPool.getReward(address _account, bool _claimExtras)](https://github.com/convex-eth/platform/blob/main/contracts/contracts/BaseRewardPool.sol#L263)](https://github.com/convex-eth/platform/blob/main/contracts/contracts/BaseRewardPool.sol#L263). In [[ConvexRewardsAdapter._claimRewards](https://github.com/sherlock-aud"
101,Tokemak,589,Incorrect approach to tracking the PnL of a DV,xiaoming90,High; Escalation Resolved; Reward,"Deposit, Withdraw, Rounding","xiaoming90  high  # Incorrect approach to tracking the PnL of a DV ## Summary  A DV might be incorrectly marked as not sitting in a loss, thus allowing users to burn all the DV shares, locking in all the loss of the DV and the vault shareholders.  ## Vulnerability Detail  Let $DV_A$ be a certain destination vault.  Assume that at $T0$, the current debt value (`currentDvDebtValue`) of $DV_A$ is 95 WETH, and the last debt value (`updatedDebtBasis`) is 100 WETH. Since the current debt value has bec"
101,Tokemak,587,Stat calculator returns incorrect report for swETH,xiaoming90,High; Escalation Resolved; Reward,"Oracle, Reentrancy, Precision","xiaoming90  high  # Stat calculator returns incorrect report for swETH ## Summary  Stat calculator returns incorrect reports for swETH, causing multiple implications that could lead to losses to the protocol,  ## Vulnerability Detail  The purpose of the in-scope `SwEthEthOracle` contract is to act as a price oracle specifically for swETH (Swell ETH) per the comment in the contract below and the codebase's [README](https://github.com/sherlock-audit/2023-06-tokemak-xiaoming9090/tree/main/v2-core-a"
101,Tokemak,583,_beforeTokenTransfer() Missing call MainRewarder._updateReward,bin2chen,High; Duplicate; Reward,"Withdraw, Fund Drain, Vault","bin2chen  high  # _beforeTokenTransfer() Missing call MainRewarder._updateReward ## Summary The `MainRewarder.userRewardPerTokenPaid[user]` needs to be updated before the balance of the `DestinationVault` changes This will ensure that the rewards are correct  But currently `DestinationVault._beforeTokenTransfer()` doesn't modify `to`'s `userRewardPerTokenPaid[to]` triggers it in `_afterTokenTransfer()`, which modifies `userRewardPerTokenPaid[to]` after `to`'s balance has changed.  This results i"
101,Tokemak,582,Price of Maverick LP tokens is vulnerable to manipulation,xiaoming90,High; Duplicate; Reward,"Oracle, Withdraw, Vault",xiaoming90  high  # Price of Maverick LP tokens is vulnerable to manipulation ## Summary  The price of the Maverick LP tokens is vulnerable to manipulation due to the use of spot reserves when computing the value.  ## Vulnerability Detail  The `MavEthOracle` oracle obtains the spot reserves of the pool at Line 59 below and uses the following formula to compute the price of Maverick pool's LP token.  $$ price_{LP} = \frac{reserve_a \times price_a + reserve_b \times price_b}{L} $$  where $reserve_
101,Tokemak,580,Insufficient allowance when queuing reward,xiaoming90,High; Duplicate; Reward,"Liquidation, Vault, Share Manipulation","xiaoming90  high  # Insufficient allowance when queuing reward ## Summary  Insufficient allowance causes the queuing of rewards to fail, leading to a loss for the vault shareholders.  ## Vulnerability Detail  Assume that during liquidation, the `amount` to be sent to the rewarder contract is $x$.  Line 276 will approve the rewarder contract (`AbstractRewarder`) to pull $x$ number of tokens. Then, it will call $queueNewRewards(x)$ at Line 277.  https://github.com/sherlock-audit/2023-06-tokemak/bl"
101,Tokemak,552,Early Depositers Can Steal performance fees by sandwiching updateDebtReporting,Kalyan-Singh,High; Duplicate; Reward,"Deposit, Withdraw, Sandwich",Kalyan-Singh  medium  # Early Depositers Can Steal performance fees by sandwiching updateDebtReporting ## Summary LmpVault only mints fee shares if totalSupply > 0. Early depositer can take advantage of that to steal the funds that should have gone to protcol.  ## Vulnerability Detail ```solidity File: LMPVault.sol 806:         // If there's no supply then there should be no assets and so nothing 807:         // to actually take fees on 808:         if (totalSupply == 0) { 809:             retur
101,Tokemak,550,Missing delegateCall function when performing liquidations.,MrjoryStewartBaxter,High; Duplicate; Reward,"Liquidation, Vault","MrjoryStewartBaxter  high  # Missing delegateCall function when performing liquidations. ## Summary When trying to execute the liquidateVaultsForToken function, it will be reverted because the required delegateCall is missing (Sequence diagram from README confirms this issue, as function should be in place).  Particularly when making a call to the asyncSwapper for performing the swapping operation.  ## Vulnerability Detail Inside the  `_performLiquidation()` function within the LiquidationRow.so"
101,Tokemak,549,Steal TOKE reward by transfering `LMPVault` token to another address,VAD37,High; Duplicate; Reward,"Deposit, Withdraw, Fund Theft","VAD37  high  # Steal TOKE reward by transfering `LMPVault` token to another address  ## Summary  `LMPVault.sol` refresh both `to` and `from` address reward during token transfer. But wrong order of execution cause wrong reward calculation. This allow receiver of ERC4626 token to earn unfair reward using wrong token reward calculation.  By repeatedly transfering `LMPVault` token to new address, attacker can infinitely claim reward.  ## Vulnerability Detail  When transfering LMPVault token, it sup"
101,Tokemak,548,Funds/Rewards extraction from Rewarder due to missing tracking mechanism.,MrjoryStewartBaxter,High; Duplicate; Reward,"Deposit, Withdraw, DoS",MrjoryStewartBaxter  high  # Funds/Rewards extraction from Rewarder due to missing tracking mechanism. ## Summary Rewarder’s funds can be subtracted due to the absence of a validation when transferring shares leading to users being unable to make withdrawals from the LMPVault.   ## Vulnerability Detail The scenario resembles a governance type vulnerability where a user with voting powers is able to transfer this power to other users without restriction and utilize it X number of times to obtain 
101,Tokemak,546,`LMPVaultRouterBase` mint and deposit function unintended pulling WETH from user when using only ETH,VAD37,High; Duplicate; Reward,"Deposit, Vault","VAD37  high  # `LMPVaultRouterBase` mint and deposit function unintended pulling WETH from user when using only ETH  ## Summary  The `LMPVaultRouterBase` contract unintentionally takes WETH from users who send ether to mint/deposit. Due to this, the excess WETH remains stuck in the router. Anyone can take these stucked WETH.  ## Vulnerability Detail  1. When a user calls the `deposit()` function, which is a [payable method](https://github.com/sherlock-audit/2023-06-tokemak/blob/main/v2-core-audi"
101,Tokemak,545,updatePricingInfo() averagePrice calculations are wrong.,bin2chen,High; Duplicate; Reward,"Oracle, Reentrancy, Reentrancy",bin2chen  medium  # updatePricingInfo() averagePrice calculations are wrong. ## Summary in `IncentivePricingStats.updatePricingInfo()` It will accumulate the prices 18 times and then average them as the initial `fastFilterPrice` and `slowFilterPrice`. But using the wrong formula `existing._initAcc * 1e18 / INIT_SAMPLE_COUNT` This formula turns the prices into 36 decimals  ## Vulnerability Detail  `IncentivePricingStats.updatePricingInfo()` the code is as follows.  ```solidity     function update
101,Tokemak,544,queueNewRewards() transferFrom number is wrong,bin2chen,High; Duplicate; Reward,"Liquidation, Vault","bin2chen  medium  # queueNewRewards() transferFrom number is wrong ## Summary in `AbstractRewarder.queueNewRewards()` `transferFrom()` uses the wrong variable `newRewards` for transfers This variable contains the number already in the queue, which is greater than the actual number to be transferred in Causes `queueNewRewards()` to revert  ## Vulnerability Detail `queueNewRewards()` use for `Queues the specified amount of new rewards for distribution to stakers.`  The code is as follows:  ```soli"
101,Tokemak,543,Weth deposited into `LMPVaultRouter.sol` can get stolen,SaharDevep,High; Duplicate; Reward,"Deposit, Withdraw, Access Control","SaharDevep  high  # Weth deposited into `LMPVaultRouter.sol` can get stolen  ## Summary When user calls [mint](https://github.com/sherlock-audit/2023-06-tokemak/blob/5d8e902ce33981a6506b1b5fb979a084602c6c9a/v2-core-audit-2023-07-14/src/vault/LMPVaultRouterBase.sol#L23) or [deposit](https://github.com/sherlock-audit/2023-06-tokemak/blob/5d8e902ce33981a6506b1b5fb979a084602c6c9a/v2-core-audit-2023-07-14/src/vault/LMPVaultRouterBase.sol#L44) with a specified `msg.value`, it is wrapped into weth. Now"
101,Tokemak,542,_claimRewards() Convex rewards may be locked in contracts,bin2chen,High; Duplicate; Reward,"Liquidation, Deposit, Front-running","bin2chen  high  # _claimRewards() Convex rewards may be locked in contracts ## Summary in `ConvexRewards._claimRewards()`,  When calculating rewards, the difference between the balances before and after the call to `convexStaking.getReward()` is used to distribute rewards. But `convexStaking.getReward(account, true)` doesn't have permission control, anyone can call it This allows a malicious user front-run call `convexStaking.getReward(account, true)` in advance The result is that the `balance d"
101,Tokemak,541,Attacker can lock Convex rewards,caelumimperium,High; Duplicate; Reward,"Liquidation, Reentrancy, Reentrancy","caelumimperium  high  # Attacker can lock Convex rewards ## Summary An attacker can frontrun the `getReward()` call to the Convex Reward Pool to lock up reward tokens in the destination vault.  ## Vulnerability Detail Convex rewards are handled by the ConvexRewardsAdapter library. It claims the rewards and returns the claimed amount to the caller:  ```sol     function _claimRewards(         address gauge,         address defaultToken,         address sendTo     ) internal returns (uint256[] memo"
101,Tokemak,535,"Attacker Can Steal generated Profit & performance fees, due to attacker controlled totalSupply() usage in _collectFees",Kalyan-Singh,High; Duplicate; Reward,"Flash Loan, Deposit, Withdraw","Kalyan-Singh  high  # Attacker Can Steal generated Profit & performance fees, due to attacker controlled totalSupply() usage in _collectFees  ## Summary ```solidity function _updateDebtReporting(address[] memory _destinations) private {  uint256 nDest = _destinations.length;  prevNTotalDebt += totalDebtDecrease;  afterNTotalDebt += totalDebtIncrease;  ....  // Persist our change in idle and debt ....  _collectFees(idle, debt, totalSupply()); /// @audit < here  } ```  totalSupply() can always be "
101,Tokemak,534,Rewards are stuck in LiquidationRow contract,Kalyan-Singh,High; Duplicate; Reward,"Liquidation, Reentrancy, Vault","Kalyan-Singh  high  # Rewards are stuck in LiquidationRow contract  ## Summary  LiquidationRow contract should **push** rewards tokens to AsyncSwapper which in turn swaps them using a aggregator to the desired buyToken but LiquidationRow never pushes them or even approves the swapper to use its funds. The swapper's implementation in BaseAsyncSwapper.sol assumes tokens have been transferred before calling its swap(), which is not happening hence txn always results in revert.  ## Vulnerability Det"
101,Tokemak,532,queueNewRewards pulls in more reward token than expected leading to permanently stuck reward token,Kalyan-Singh,High; Duplicate; Reward,"Deposit, Withdraw, DoS","Kalyan-Singh  high  # queueNewRewards pulls in more reward token than expected leading to permanently stuck reward token ## Summary queueNewRewards function is used by whitelisted addresses to queue in rewards for stakers, but the function does not pull in the specified rewards but instead pulls in already queuedRewards + specified rewards.   ## Vulnerability Detail ```solidity function queueNewRewards(uint256 newRewards) external onlyWhitelisted {  uint256 startingQueuedRewards = queuedRewards;"
101,Tokemak,531,"updateDebtReporting can be front run, putting all the loss on later withdrawals but taking the profit",Kalyan-Singh,High; Has Duplicates; Sponsor Confirmed; Reward,"Deposit, Withdraw, Reentrancy","Kalyan-Singh  high  # updateDebtReporting can be front run, putting all the loss on later withdrawals but taking the profit  ## Summary updateDebtReporting takes in a **user input** of destinations in array whose debt to report, so if a destination vault is incurring loss and is not on the front of withdrawalQueue than a attacker can just  update debt for only the destination which are incurring a profit and withdraw in the same txn. He will exit the vault with profit, others who withdraw after "
101,Tokemak,529,Rewards sent by destinationVault during withdrawal can be locked forever inside lmpVault,Kalyan-Singh,High; Duplicate; Reward,"Withdraw, Vault, Share Manipulation","Kalyan-Singh  high  # Rewards sent by destinationVault during withdrawal can be locked forever inside lmpVault   ## Summary DestinationVault sent rewards(in baseAsset) should be recorded in idle of lmpVault. But there is an error which overwrites the 'info.idleIncrease' state during withdrawals, resulting in the rewards being lost forever as they cant be recovered by recovery role either due to being trackedTokens.  ## Vulnerability Detail  ```solidity 485:                 // Destination Vault r"
101,Tokemak,528,Incorrect Configuration for Curve read Re-entrancy checks,Kalyan-Singh,High; Duplicate; Reward,"Oracle, Price Manipulation, Reentrancy","Kalyan-Singh  high  # Incorrect Configuration for Curve read Re-entrancy checks ## Summary Devs have falsely assumed that a contract that returns WETH address in CurvePool.get_coins call will not be vulnerable to read-reentrancy. Conic Finance recently got rekt for $3.5 million for making the same assumption(check tools used for more details). ## Vulnerability Detail POC is as follows-  1. Attacker creates a malicious contract, takes rETH flashloan from balancer 2. In balancer callback he swaps "
101,Tokemak,521,LMPVaultRouterBase pulls the user's funds twice for ETH deposits,caelumimperium,High; Duplicate; Reward,"Deposit, Withdraw, Fund Theft","caelumimperium  high  # LMPVaultRouterBase pulls the user's funds twice for ETH deposits ## Summary If a user deposits ETH into a vault using `LMPVaultRouterBase.deposit()` the function will also try to pull the same amount of WETH tokens from them. If that succeeds, the extra funds will be left in the Router contract where anybody can steal them.  ## Vulnerability Detail Given that the vault's asset is WETH you allow the user to deposit by sending ETH directly or just pulling WETH. But, if they"
101,Tokemak,520,Absence of updating of debt reporting before the withdrawal/redemption can lead to destination shares/rewards getting stuck,Flora,High; Duplicate; Reward,"Deposit, Withdraw, Fund Loss","Flora  high  # Absence of updating of debt reporting before the withdrawal/redemption can lead to destination shares/rewards getting stuck ## Summary  Absence of proper updating of debt reporting before performing withdrawal or redemption actions  can lead to destination shares/rewards getting stuck.  ## Vulnerability Detail  `LMPVault.redeem()`/`LMPVault.withdraw()` doesn't ensure that debt reporting is updated before performing withdrawal or redemption actions. As a result, there are scenarios"
101,Tokemak,517,Transfer of Extra Tokens,1nc0gn170,High; Duplicate; Reward,Liquidation,"1nc0gn170  high  # Transfer of Extra Tokens ## Summary  The `queueNewRewards` function is transferring more tokens than intended from the caller's account. This can potentially lead to a financial loss. The problem arises due to the `newRewards` value is modified, resulting in incorrect token transfer calculations.  ## Vulnerability Detail  The purpose of the `queueNewRewards` function is to take a specified number of new rewards from the caller and add them to the contract's reward queue. Howev"
101,Tokemak,509,LiquidationRow.liquidateVaultsForToken(...) will always revert due to missing token transfers,0xTheC0der,High; Duplicate; Reward,"Liquidation, Fund Loss, Vault","0xTheC0der  high  # LiquidationRow.liquidateVaultsForToken(...) will always revert due to missing token transfers ## Summary  The `LiquidationRow.liquidateVaultsForToken(...)` method, which is a core functionality of the protocol, will revert in any case due to missing token transfers to and from the async swapper making the protocol unable to liquidate rewards from the destination vaults, swap them & forward them to the main rewarder, i.e. loss of assets for protocol/users.  ## Vulnerability De"
101,Tokemak,508,Tokens are not being transferred to swapper before swapping in LiquidationRow contract,0xvj,High; Duplicate; Reward,"Liquidation, Vault",0xvj  high  # Tokens are not being transferred to swapper before swapping in LiquidationRow contract ## Summary Tokens are not being transferred to `asyncSwapper` before calling asyncSwapper's `swap` function in `_performLiquidation` function of `LiquidationRow` contract  ## Lines Of Code [https://github.com/sherlock-audit/2023-06-tokemak/blob/main/v2-core-audit-2023-07-14/src/liquidation/LiquidationRow.sol#L240-L283](https://github.com/sherlock-audit/2023-06-tokemak/blob/main/v2-core-audit-2023
101,Tokemak,499,Rewards will not be distributed to the vault's rewarder due a malfunction in `LiquidationRow::_performLiquidation()`,0xbepresent,High; Duplicate; Reward,"Liquidation, Reentrancy, Vault",0xbepresent  high  # Rewards will not be distributed to the vault's rewarder due a malfunction in `LiquidationRow::_performLiquidation()` ## Summary  The `LiquidationRow::_performLiquidation()` function will not distribute the rewards to the vault's rewarder because the function does not transfer the reward tokens to the `AsyncSwapper` contract causing the staker will not receive rewards.  ## Vulnerability Detail  The [LiquidationRow::_performLiquidation()](https://github.com/sherlock-audit/2023
101,Tokemak,497,`BalancerLPComposableStableEthOracle::getPriceInEth` can be updated by joining the pool,lemonmon,High; Duplicate; Reward,"Oracle, Price Manipulation, Deposit",lemonmon  medium  # `BalancerLPComposableStableEthOracle::getPriceInEth` can be updated by joining the pool ## Summary  `BalancerLPComposableStableEthOracle::getPriceInEth` will return different price upon joining the pool. An attacker can abuse the price difference to gain profit off other users.   ## Vulnerability Detail  The proof of concept in the following gist demonstrates how the `BalancerLPComposableStableEthOracle::getPriceInEth` can be updated by joining the pool: https://gist.github.c
101,Tokemak,496,`LMPVault`'s cached `totalDebt` can be abused to drain `LMPVault`,lemonmon,High; Duplicate; Reward,"Oracle, Deposit, Withdraw",lemonmon  high  # `LMPVault`'s cached `totalDebt` can be abused to drain `LMPVault` ## Summary  An attacker can abuse the cached/stale evaluation of the `totalDebt` to make an instant profit by updating the `totalDebt` in between deposit/mint and redeem/withdraw  ## Vulnerability Detail  The following gist contains a proof of concept to demonstrate this issue: https://gist.github.com/lemonmon1984/e8692483ce581d76feba5398c9a004a0  It is a diff to the existing test file `test/vault/LMPVault-Withdr
101,Tokemak,495,"`MavEthOracle::getPriceInEth` can be manipulated by making swaps in the pool, due to incorrect LP token evaluation",lemonmon,High; Duplicate; Reward,"Oracle, Price Manipulation, Deposit","lemonmon  high  # `MavEthOracle::getPriceInEth` can be manipulated by making swaps in the pool, due to incorrect LP token evaluation ## Summary  The `MavEthOracle::getPriceInEth` can be manipulated by making swaps in the pool, due to incorrect LP token evaluation. An attacker can drain the LMPVault by inflating the price of Maverick LP token.   ## Vulnerability Detail  The following gist contains a proof of concept, demonstraing the manipulation of `MavEthOralc::getPriceInEth`. https://gist.gith"
101,Tokemak,494,"In `LMPVault::_withdraw`, rewards will be locked, if more assets than needed are received",lemonmon,High; Duplicate; Reward,"Withdraw, Vault, Share Manipulation","lemonmon  medium  # In `LMPVault::_withdraw`, rewards will be locked, if more assets than needed are received ## Summary  Due to accounting logic error in the `LMPVault::_withdraw`, rewards sent by the destination vaults will be trapped when more assets are received than the `totalAssetsToPull` (due to favorable swap, etc).  ## Vulnerability Detail  https://github.com/sherlock-audit/2023-06-tokemak/blob/main/v2-core-audit-2023-07-14/src/vault/LMPVault.sol#L484-L497  The `LMPVault::_withdraw` cal"
101,Tokemak,493,`AbstractRewarder::queueNewRewards` may transfer too much from the msg.sender and the surplus will be trapped,lemonmon,High; Duplicate; Reward,Other,"lemonmon  medium  # `AbstractRewarder::queueNewRewards` may transfer too much from the msg.sender and the surplus will be trapped ## Summary   When some rewards are already queued to the `AbstractRewarder`, the `AbstractRewarder::queueNewRewards` function will try to transfer the `queuedRewards` on top of the `newRewards` from the msg.sender. The surplus will not be accounted, therefore will be simply trapped in the rewarder.  ## Vulnerability Detail   ```solidity // AbstractRewarder 235     fun"
101,Tokemak,492,The `AbstractRewarder::queueNewRewards()` will transfer from the caller the incorrect rewards amount causing the liquidation process may be stuck and the vaults' rewarder not to receive rewards,0xbepresent,High; Duplicate; Reward,"Liquidation, Deposit, Withdraw",0xbepresent  medium  # The `AbstractRewarder::queueNewRewards()` will transfer from the caller the incorrect rewards amount causing the liquidation process may be stuck and the vaults' rewarder not to receive rewards ## Summary  The `AbstractRewarder::queueNewRewards()` will transfer a an incorrect amount of tokens from the caller causing that the `LiquidationRow::liquidateVaultsForToken()` process may be stuck.  ## Vulnerability Detail  The [AbstractRewarder::queueNewRewards()](https://github.c
101,Tokemak,490,asui - dos in the mint function: LMPVaultRouterBase.sol,asui,High; Duplicate; Reward,"Deposit, DoS, Vault","asui  medium  # asui - dos in the mint function: LMPVaultRouterBase.sol asui  medium  ## Summary ```solidity LMPVaultRouterBase.sol```: DOS in the mint function when user tries to mint shares using his eth.   ## Vulnerability Detail if a user doesn't have weth9(base asset) and calls the mint function with eth the mint function does this: ```solidity  function mint(          ILMPVault vault,         address to,         uint256 shares,         uint256 maxAmountIn     ) public payable virtual overr"
101,Tokemak,489,asui - dos in deposit function: LMPVaultRouterBase,asui,High; Duplicate; Reward,"Deposit, DoS, Vault","asui  medium  # asui - dos in deposit function: LMPVaultRouterBase asui   medium  ## Summary users cannot call deposit if they dont have asster tokens  ## Vulnerability Detail suppose a user doesn't have any asset token but decides to deposit using his eth this will always revert because ```solidity _processEthIn(vault); ```  inside the deposit function mints weth9 (asset token) to the contract and not the user and on the next line when deposit function callls ```solidity pullToken(vaultAsset, a"
101,Tokemak,486,Formula for collecting fee in LMPVault._collectFees is wrong,0x007,High; Duplicate; Reward,"Deposit, Rounding, DoS","0x007  high  # Formula for collecting fee in LMPVault._collectFees is wrong ## Summary `LMPVault._collectFees` would mint shares to `feeSink`, but using `_convertToShares` to calculate shares is a bad idea.  ## Vulnerability Detail ```solidity profit = (currentNavPerShare - effectiveNavPerShareHighMark) * totalSupply; fees = profit.mulDiv(performanceFeeBps, (MAX_FEE_BPS ** 2), Math.Rounding.Up); if (fees > 0 && sink != address(0)) {     // Calculated separate from other mints as normal share min"
101,Tokemak,485,Rewards of LMPVault in DestinationVault.rewarder could be stolen with flashloan,0x007,High; Duplicate; Reward,"Liquidation, Deposit, Withdraw",0x007  high  # Rewards of LMPVault in DestinationVault.rewarder could be stolen with flashloan ## Summary A flashloan sequence of `deposit -> updateDebtReporting -> withdraw` could take value from LMPVault rewards.  ## Vulnerability Detail updateDebtReporting would increase idle and NAV if it claims reward even though debt doesn't change.  * Assuming there's 0 idle for simplicity and 100 assets in debt * The asset share ratio is 1 so there are 100 shares * Attacker notices that liquidator has qu
101,Tokemak,484,It is possible to lock in loss for other users by not calling updateDebtReporting before withdraw,0x007,High; Duplicate; Reward,"Withdraw, Rounding, Vault",0x007  medium  # It is possible to lock in loss for other users by not calling updateDebtReporting before withdraw ## Summary Tokemak has mechanism in LMPDebt._calcUserWithdrawSharesToBurn that limits shares and debt from the vault when there's a loss. This is to prevent withdrawer from locking in loss for other users  ## Vulnerability Detail The goal of this [code section](https://github.com/sherlock-audit/2023-06-tokemak/blob/main/v2-core-audit-2023-07-14/src/vault/libs/LMPDebt.sol#L275-L280) 
101,Tokemak,483,LiquidatorRow.liquidateVaultsForToken won't work cause tokens are not transferred to asyncSwapper,0x007,High; Duplicate; Reward,"Liquidation, Vault","0x007  high  # LiquidatorRow.liquidateVaultsForToken won't work cause tokens are not transferred to asyncSwapper ## Summary asyncSwapper.swap would revert if `sellTokenBalance < swapParams.sellAmount`. But LiquidatorRow doesn't transfer tokens to increase asyncSwapper balance before it calls the swap function.  ## Vulnerability Detail LiquidatorRow.liquidateVaultsForToken would prepare for liquidation by determining the `totalBalanceToLiquidate`, then start `_performLiquidation` with `uint256 am"
101,Tokemak,481,Curve V2 Vaults can be drained because CurveV2CryptoEthOracle can be reentered with WETH tokens,0x007,High; Has Duplicates; Sponsor Confirmed; Reward,"Oracle, Price Manipulation, Reentrancy",0x007  high  # Curve V2 Vaults can be drained because CurveV2CryptoEthOracle can be reentered with WETH tokens ## Summary CurveV2CryptoEthOracle assumes that Curve pools that could be reentered must have `0xEeeeeEeeeEeEeeEeEeEeeEEEeeeeEeeeeeeeEEeE` token. But this is a wrong assumption cause tokens with WETH token could be reentered too.  ## Vulnerability Detail `CurveV2CryptoEthOracle.registerPool` takes `checkReentrancy` parameters and this should be True only for pools that have `0xEeeeeEeeeE
101,Tokemak,478,Liquidation mechanism is useless cause any arbitrary address can call IBaseRewardPool.getRewards,0x007,High; Duplicate; Reward,"Liquidation, Deposit, Withdraw","0x007  high  # Liquidation mechanism is useless cause any arbitrary address can call IBaseRewardPool.getRewards ## Summary Liquidation mechanism for convex and balancer destination vault rely on balance change between `IBaseRewardPool.getRewards` call. Unfortunately, any arbitrary address can call the function on behalf of any other arbitrary address.  ## Vulnerability Detail liquidation starts with `LiquidationRow.claimsVaultRewards`. This would call `DestinationVault.collectRewards` and update"
101,Tokemak,476,Staking reward calculation error,wangxx2026,High; Duplicate; Reward,"Deposit, Withdraw, Vault","wangxx2026  high  # Staking reward calculation error ## Summary  Due to the wrong calculation of staking rewards, users will get a reward as soon as they staking  ## Vulnerability Detail  ### call path LMPVault.deposit(mint)->_transferAndMint->_mint->_afterTokenTransfer->MainRewarder(ExtraRewarder).stake->_updateReward->earned  ### _afterTokenTransfer The staking reward is calculated after casting, as follows: _afterTokenTransfer function, the call path in the stake function is: stake->_updateRe"
101,Tokemak,475,LMPVaultRouterBase would still pull WETH token after processing ETH in,0x007,High; Duplicate; Reward,"Deposit, Vault, Share Manipulation","0x007  high  # LMPVaultRouterBase would still pull WETH token after processing ETH in ## Summary `LMPVaultRouter` inherits `LMPVaultRouterBase` and base asset is WETH. The `mint` and `deposit` functions are meant to work with either ETH or WETH. It ought to accept ETH and convert to WETH if user sends ETH (msg.value > 0). However, in this scenario, it would also pull WETH token.  ## Vulnerability Detail As can be seen in the [codebase](https://github.com/sherlock-audit/2023-06-tokemak/blob/main/"
101,Tokemak,473,Malicious actor can steal rewards because rewards are not updated prior to staking,0xdeadbeef,High; Duplicate; Reward,"Deposit, Withdraw, Fund Theft",0xdeadbeef  high  # Malicious actor can steal rewards because rewards are not updated prior to staking ## Summary  When a user deposits/mints he starts gathering rewards. The reward logic incorrectly assigns initial rewards without initializing `userRewardPerTokenPaid[account]` which leads to immediate rewards earned.  ## Vulnerability Detail When a user deposits `_afterTokenTransfer` is called **AFTER** the users balance is updated. Therefore `rewarder.stake` will be called after the balance is
101,Tokemak,471,liquidateVaultsForToken will always fail due to AsyncSwapper never being sent the sellTokens.,ADM,High; Duplicate; Reward,"Liquidation, Vault",ADM  high  # liquidateVaultsForToken will always fail due to AsyncSwapper never being sent the sellTokens. ## Summary The swap in LiquidationRows.sol#_performLiquidation will always fail due to never sending tokens to the AsyncSwapper contract or approving the swapper contract to pull tokens.   ## Vulnerability Detail When _performLiquidation is called it attempts to perform a swap by calling IAsyncSwapper(asyncSwapper).swap(params). However as it never transfers tokens to the contract when the 
101,Tokemak,470,Too many Reward funds are transferred in and the funds are locked,wangxx2026,High; Duplicate; Reward,Other,"wangxx2026  high  # Too many Reward funds are transferred in and the funds are locked ## Summary  Adding bonuses to the queue multiple times will lead to too many bonus funds being transferred in, and the funds will be locked  ## Vulnerability Detail  Call queueNewRewards for the first time, set newRewards to 5, and put it in the queue without distribution. At this time, newRewards = 5(As shown in the marked code <---1) ,queuedRewards = 5(As shown in the marked code <---2) , will transfer to 5 t"
101,Tokemak,468,Lost rewards in `LMPVault` when withdrawing underlying from destination vaults,0x73696d616f,High; Duplicate; Reward,"Liquidation, Deposit, Withdraw","0x73696d616f  high  # Lost rewards in `LMPVault` when withdrawing underlying from destination vaults ## Summary All rewards from the destination vault rewarders are lost when withdrawing in `LMPVault` and the assets pulled are bigger than the assets to pull (when there is not enough idle).  ## Vulnerability Detail When there is not enough idle in `LMPVault`, [`redeem()`](https://github.com/sherlock-audit/2023-06-tokemak/blob/main/v2-core-audit-2023-07-14/src/vault/LMPVault.sol#L422) or [`withdra"
101,Tokemak,462,`Destination` vault rewards will be lost if the `swap` action in the `LMPVault::withdraw()` get more assets than the anticipated,0xbepresent,High; Duplicate; Reward,"Deposit, Withdraw, Vault","0xbepresent  medium  # `Destination` vault rewards will be lost if the `swap` action in the `LMPVault::withdraw()` get more assets than the anticipated ## Summary  The `LMPVault:withdraw()` function accumulates the `destination rewards` when shares are burned. Additionally, the `LMPVault:withdraw()` performs a `swap` action, then it is possible to get back more assets than the anticipated from the swap. If there are more assets from the swap, the accumulated rewards from the `destinationVault` w"
101,Tokemak,456,It is not possible to liquidate rewards,shaka,High; Duplicate; Reward,"Liquidation, Vault","shaka  medium  # It is not possible to liquidate rewards ## Summary  The liquidation of rewards process will revert, as `IAsyncSwapper::swap()` is not executed in the context of the Liquidator Row contract.  ## Vulnerability Detail  `LiquidationRow.sol::liquidateVaultsForToken()` calls `IAsyncSwapper::swap()` to swap `fromToken` for `params.buyTokenAddress` and transfer the received amount to the fee receiver (if the fee feature is turned on) and to the vaults.  The implementation of `IAsyncSwap"
101,Tokemak,453,queueNewRewards function trying to pull more amount of rewards from liquidator,0xvj,High; Duplicate; Reward,"Liquidation, DoS, Vault","0xvj  high  # queueNewRewards function trying to pull more amount of rewards from liquidator ## Summary In the `AbstractRewarder` contract's `queueNewRewards()` function, both the existing `queuedRewards` and the new incoming `newRewards` are mistakenly being pulled from the liquidator instead of only pulling `newRewards`.Due to this the `queueNewRewards()` will always revert causing DOS to liquidation process.  ## Lines Of Code  [https://github.com/sherlock-audit/2023-06-tokemak/blob/main/v2-co"
101,Tokemak,451,`AbstractRewarder:queueNewRewards()` might try to pull too many reward tokens from caller,shaka,High; Duplicate; Reward,"Liquidation, Vault","shaka  high  # `AbstractRewarder:queueNewRewards()` might try to pull too many reward tokens from caller ## Summary  `AbstractRewarder:queueNewRewards()` tries to pull the accumulated queued rewards from the liquidator, instead of the new rewards that are being queued and, if it succeeds, the extra amount is not accounted for.  ## Vulnerability Detail  `AbstractRewarder:queueNewRewards()` can be called by the liquidator role or by a whitelisted address to queue the specified amount of new reward"
101,Tokemak,444,Wrong decimals used when calculating `averagePrice` inside `IncentivePricingStats.updatePricingInfo`,saidam017,High; Duplicate; Reward,"Oracle, Reentrancy, Reentrancy","saidam017  high  # Wrong decimals used when calculating `averagePrice` inside `IncentivePricingStats.updatePricingInfo` ## Summary  If `updatePricingInfo` is called and need to calculate `averagePrice` when tokens `_initCount` reach `INIT_SAMPLE_COUNT`, it used wrong decimals. Operations of protocols that use this price will perform use incorrect results.  ## Vulnerability Detail  Inside `updatePricingInfo`, if init is not complete yet,  it will increment the tokens snapshot info's `_initCount` "
101,Tokemak,428,LMPVaultRouterBase.mint/LMPVaultRouterBase.deposit has incorrect handling of Ether transfers,Flora,High; Duplicate; Reward,"Deposit, Fund Drain, Vault",Flora  high  # LMPVaultRouterBase.mint/LMPVaultRouterBase.deposit has incorrect handling of Ether transfers ## Summary  LMPVaultRouterBase.mint/LMPVaultRouterBase.deposit can cause user funds to become trapped due to incorrect handling of Ether transfers.  ## Vulnerability Detail  The vulnerability is present in the `deposit` and `mint` functions within the `LMPVaultRouterBase` contract. These functions are expected to handle the transfer of Ether by converting it into Wrapped Ether (WETH) and s
101,Tokemak,401,"LMPVaultRouterBase: `mint`, `deposit` will be double-paid when paid with `ETH`, and the excess can be stolen.",pengun,High; Duplicate; Reward,"Deposit, Withdraw, Vault","pengun  high  # LMPVaultRouterBase: `mint`, `deposit` will be double-paid when paid with `ETH`, and the excess can be stolen. ## Summary  ## Vulnerability Detail `LMPVaultRouterBase`'s `mint` and `deposit` help users to mint and deposit to the vault with `ETH` or `vaultAsset`.  If the `vaultAsset` is `WETH`, a double payment may occur when the user calls mint and deposit by sending `ETH`.  ```solidity function mint(         ILMPVault vault,         address to,         uint256 shares,         uin"
101,Tokemak,399,LMPVault.sol: Incorrect calculation of `idleIncrease` in `_withdraw`.,pengun,High; Duplicate; Reward,"Withdraw, Vault","pengun  medium  # LMPVault.sol: Incorrect calculation of `idleIncrease` in `_withdraw`. ## Summary  ## Vulnerability Detail `LMPVault's` `totalIdle` represents the amount not invested in other vaults.  On `withdraw`, the destination vault's reward may be sent and return more than the withdrawal requested. Include it as idle with the logic below. ```solidity info.idleIncrease += _baseAsset.balanceOf(address(this)) - assetPreBal - assetPulled; ``` If `info.totalAssetsPulled > info.totalAssetsToPul"
101,Tokemak,398,`MavEthOracle` price susceptible to reserves manipulation attack,saidam017,High; Duplicate; Reward,"Oracle, Flash Loan","saidam017  medium  # `MavEthOracle` price susceptible to reserves manipulation attack ## Summary  `MavEthOracle` price calculation is susceptible to reserves manipulation, which could lead to exploit attack.  ## Vulnerability Detail  It can be observed that maverick price calculated using `r0 * p0 + r1 * p1` formula. Although price oracles for individual tokens are not manipulable,  the reserves are snapshot that are manipulable from flash loan attack.  https://github.com/sherlock-audit/2023-06-"
101,Tokemak,397,LiquidationRow's `queueNewRewards` does not work due to double spending of `queueNewRewards`.,pengun,High; Duplicate; Reward,Liquidation,"pengun  high  # LiquidationRow's `queueNewRewards` does not work due to double spending of `queueNewRewards`. ## Summary  ## Vulnerability Detail  `queueNewRewards` is distributed only after a certain amount of rewards have accumulated. Hence the existence of `queuedRewards`. `newRewards` is the sum of this new reward and the previous `queuedRewards`. ```solidity newRewards += startingQueuedRewards; ```  At the end, receive from `msg.sender` `newRewards`, which is the sum of the `queuedRewards`,"
101,Tokemak,396,"`rewardPerToken` calculation is incorrect, resulting in a smaller distribution of the user's reward than intended.",pengun,High; Duplicate; Reward,"Deposit, Withdraw, Vault","pengun  medium  # `rewardPerToken` calculation is incorrect, resulting in a smaller distribution of the user's reward than intended. ## Summary  ## Vulnerability Detail `LMPVault` automatically `stakes` and `unstakes` via `_beforeTokenTransfer` and `_afterTokenTransfer` when a `deposit`, `withdrawal`, or `transfer` occurs.  In the case of a `deposit`, `LMPVault` will `mint` the token and then `stake` it in `_afterTokenTransfer`. **This means that the `balance` of `totalSupply` and `msg.sender` h"
101,Tokemak,395,`LiquidationRow.liquidateVaultsForToken` is not working correctly.,pengun,High; Duplicate; Reward,"Liquidation, Deposit, Reentrancy","pengun  high  # `LiquidationRow.liquidateVaultsForToken` is not working correctly. ## Summary  ## Vulnerability Detail `BaseAsyncSwapper` is a contract with a `swap` function that is used through delegate calls. Like this below ```solidity function swapAndDepositToVault(         address swapper,         SwapParams memory swapParams,         ILMPVault vault,         address to,         uint256 minSharesOut     ) external returns (uint256 sharesOut) {         systemRegistry.asyncSwapperRegistry()."
101,Tokemak,394,A malicious user can prevent rewards from being distributed for a Convex `destinationVault`.,pengun,High; Duplicate; Reward,"Liquidation, Deposit, Vault","pengun  high  # A malicious user can prevent rewards from being distributed for a Convex `destinationVault`. ## Summary  ## Vulnerability Detail The `Liquidator` will call `collectRewards` on the `destinationVault` to receive the accumulated rewards, record the rewards received, and distribute them to the users.  However, Convex can claim rewards on behalf of any user.  (https://github.com/convex-eth/platform/blob/main/contracts/contracts/BaseRewardPool.sol#L263)  Therefore, if an arbitrary user"
101,Tokemak,383,Users/LMPVault could lose their rewards,Ch_301,High; Duplicate; Reward,"Liquidation, Deposit, Withdraw",Ch_301  high  # Users/LMPVault could lose their rewards ## Summary  This issue is about the bad use of the hooks `_beforeTokenTransfer` and `_afterTokenTransfer()` and how this causes a tampered on how `AbstractRewarder.sol` compute `rewardPerToken()` and `earned()`  since `AbstractRewarder.sol` is the same for `LMPVault` and `DestinationVault.sol` with the main rewarder  In my POC I will only simulate `DestinationVault` main rewarder. so the same thing will be with `LMPVault` main rewarder  ## 
101,Tokemak,381,`liquidateVaultsForToken()` is not transferring the funds for the swap in `asyncSwapper`,Ch_301,High; Duplicate; Reward,"Liquidation, Reentrancy, Vault",Ch_301  medium  # `liquidateVaultsForToken()` is not transferring the funds for the swap in `asyncSwapper` ## Summary   `LiquidationRow.liquidateVaultsForToken()` is not transferring the funds for the swap.  ## Vulnerability Detail  LIQUIDATOR invokes `LiquidationRow.liquidateVaultsForToken()`.  one of the things that need to be done here is initiating the swap process via the `asyncSwapper`. by sub call to `LiquidationRow._performLiquidation()`   ```solidity File: LiquidationRow.sol 240:     fu
101,Tokemak,379,"When `queueNewRewards` is called, caller could transfer tokens more than it should be",saidam017,High; Has Duplicates; Sponsor Confirmed; Reward,Other,"saidam017  medium  # When `queueNewRewards` is called, caller could transfer tokens more than it should be ## Summary  `queueNewRewards` is used for Queues the specified amount of new rewards for distribution to stakers. However, it used wrong calculated value when pulling token funds from the caller, could make caller transfer tokens more that it should be.  ## Vulnerability Detail  Inside `queueNewRewards`, irrespective of whether we're near the start or the end of a reward period, if the accr"
101,Tokemak,375,`liquidateVaultsForToken` is broken due to mistake when performing swap,saidam017,High; Duplicate; Reward,"Liquidation, Reentrancy, Vault","saidam017  high  # `liquidateVaultsForToken` is broken due to mistake when performing swap ## Summary  `liquidateVaultsForToken` inside `LiquidationRow` will be performed by system to swap the collected rewards from destination vaults to weth, then distribute it again as rewards for destination vaults main rewarder. However, due to mistake when performing swap, the operation will completely broken.  ## Vulnerability Detail  When `liquidateVaultsForToken` is called, first it will call `_prepareFo"
101,Tokemak,370,Rewards incorrectly use new stake amount when calculating rewards from previous periods,0x73696d616f,High; Duplicate; Reward,"Deposit, Withdraw, Fund Drain","0x73696d616f  high  # Rewards incorrectly use new stake amount when calculating rewards from previous periods ## Summary When a new amount is staked in the `MainRewarder`, it calculates the rewards of the previous period taking into account the new stake. The correct behaviour would be to only account the new stake in the period after which the stake is done, not also before. This error would allow anyone to steal all the rewards accrued over the past duration. Notice the difference to the [orig"
101,Tokemak,363,Too many assets may be pulled from the user when they deposit or mint into the `LMPVault` via `LMPVaultRouterBase.mint()` or `LMPVaultRouterBase.deposit()`,lemonmon,High; Duplicate; Reward,"Deposit, Fund Theft, Vault","lemonmon  medium  # Too many assets may be pulled from the user when they deposit or mint into the `LMPVault` via `LMPVaultRouterBase.mint()` or `LMPVaultRouterBase.deposit()` ## Summary  `LMPVaultRouterBase.mint()` and `LMPVaultRouterBase.deposit()` both may pull too many assets from the user, if the user sends ETH via `msg.value`.  ## Vulnerability Detail  When a user is calling `LMPVaultRouterBase.mint()` or `LMPVaultRouterBase.deposit()` and they are sending ETH via `msg.value`, the protocol"
101,Tokemak,362,Users can potentially get an unlimited amount of reward tokens from `LMPVault` and from  `DestinationVaults`,lemonmon,High; Duplicate; Reward,"Deposit, Withdraw, Vault","lemonmon  high  # Users can potentially get an unlimited amount of reward tokens from `LMPVault` and from  `DestinationVaults` ## Summary  Whenever a user receives vault tokens of `LMPVault` or of a `DestinationVault` (i.e. via minting  from depositting assets to the vault or via transferring the vault tokens to another user), they will instantly receive reward tokens which should not happen.  ## Vulnerability Detail  When `LMPVault._afterTokenTransfer()` or `DestinationVault._afterTokenTransfer"
101,Tokemak,361,`LMPVault.updateDebtReporting()` may be abused to only update certain destination vaults in order to gain a profit and/or steal funds from other users,lemonmon,High; Duplicate; Reward,"Deposit, Withdraw, Fund Theft","lemonmon  high  # `LMPVault.updateDebtReporting()` may be abused to only update certain destination vaults in order to gain a profit and/or steal funds from other users ## Summary  `LMPVault.updateDebtReporting()` can be called by anyone and a malicious actor can specify to only update the favorable `_destinations` to manipulate the current debt in order to make a profit or steal funds.  ## Vulnerability Detail  Anybody can call `LMPVault.updateDebtReporting()`, and by doing so it's possible to "
101,Tokemak,352,Incorrect handling of `ETH/WETH` causes the `LMPVaultRouterBase` to use double pull the funds of the user,0xdeadbeef,High; Duplicate; Reward,"Deposit, Fund Loss, Vault",0xdeadbeef  medium  # Incorrect handling of `ETH/WETH` causes the `LMPVaultRouterBase` to use double pull the funds of the user ## Summary  The `LMPVaultRouterBase` has a dedicated functionality to wrap deposits in `ETH` so they can be used in `WETH`. The function wraps the deposited `ETH` into `WETH` but then incorrectly attempts to pull the entire amount in `WETH` from the caller anyways  A severe issue rises where the a previously deposit was done using `WETH` or the router is approved for `W
101,Tokemak,344,An attacker can steal `native` token from the `LMPVaultRouterBase` contract due `LMPVaultRouterBase::deposit()` malfunction,0xbepresent,High; Duplicate; Reward,"Deposit, Withdraw, Fund Theft",0xbepresent  high  # An attacker can steal `native` token from the `LMPVaultRouterBase` contract due `LMPVaultRouterBase::deposit()` malfunction ## Summary  The `LMPVaultRouterBase::deposit()` function does not manage correctly the `nativeToken` AND `baseToken` deposits causing an attacker the opportunity to steal native token from the LMPVaultRouterBase.  ## Vulnerability Detail  The [LMPVaultRouterBase::deposit()](https://github.com/sherlock-audit/2023-06-tokemak/blob/main/v2-core-audit-2023-0
101,Tokemak,336,Losing the tracking of the rewards that come from Destination Vault,Ch_301,High; Duplicate; Reward,"Liquidation, Deposit, Withdraw",Ch_301  high  # Losing the tracking of the rewards that come from Destination Vault ## Summary  ## Vulnerability Detail [This block](https://github.com/sherlock-audit/2023-06-tokemak/blob/main/v2-core-audit-2023-07-14/src/vault/LMPVault.sol#L493-L497) update the value of `info.idleIncrease` and `info.totalAssetsPulled` then brake the loop to deal with the possibility of getting back more assets than we anticipate from a swap. so users don't get more than we've calculated   The problem is with th
101,Tokemak,335,Users can construct redeem operations to extract more value inside LMPVault that have destination vault with rewards,saidam017,High; Duplicate; Reward,"Liquidation, Deposit, Withdraw","saidam017  medium  # Users can construct redeem operations to extract more value inside LMPVault that have destination vault with rewards ## Summary  Users can construct redeem operation in such a way that can manipulate `idle` balance and extract more value inside LMPVault that have destination vault with rewards.  ## Vulnerability Detail  Inside `redeem` function, after check against max redeemable share, it will calculate the `possibleAssets` via `previewRedeem` function :   https://github.co"
101,Tokemak,333,An attacker can steal all the rewards due to incorrect reward accounting,0xvj,High; Duplicate; Reward,"Liquidation, Deposit, Withdraw","0xvj  high  # An attacker can steal all the rewards due to incorrect reward accounting ## Summary In the `DestinationVault` and `LMPVault` contracts, the `rewarder.stake()` function is being called in the `_afterTokenTransfer` hook instead of being called in the `_beforeTokenTransfer` hook. As a result of this, unrealized rewards of the stake receiver will be calculated using the new stake balance instead of the old stake balance. An attacker could potentially exploit this issue to steal all the"
101,Tokemak,332,deposits with native ETH are not correctly handled in LMPVaultRouterBase,0xvj,High; Duplicate; Reward,"Deposit, Vault",0xvj  medium  # deposits with native ETH are not correctly handled in LMPVaultRouterBase ## Summary In `LMPVaultRouterBase` contract's `mint` and `deposit` functions contract is trying to pull WETH from user even though the user sends the required amount in native ETH.  ## Lines of Code  [https://github.com/Tokemak/v2-core-audit-2023-07-14/blob/62445b8ee3365611534c96aef189642b721693bf/src/vault/LMPVaultRouterBase.sol#L111-L122](https://github.com/Tokemak/v2-core-audit-2023-07-14/blob/62445b8ee33
101,Tokemak,326,Router is requiring twice the tokens when paying with native eth,shogoki,High; Duplicate; Reward,"Deposit, Vault",shogoki  medium  # Router is requiring twice the tokens when paying with native eth ## Summary  LMPRouterBase is allowing to pay in native ETH instead of WETH inside the mint/deposit functions. However the implementation is flawed.  ## Vulnerability Detail  The `mint` and `deposit` implementation of the `LMPRouterBase` contract allow a user to pay in native eth for vaults that are using `WETH` as an asset.  For this the ` _processEthIn` is called at the beginning of these functions. Inside this 
101,Tokemak,320,Double scaling of price filters in IncentivePricingStats.sol,talfao,High; Duplicate; Reward,Vault,"talfao  high  # Double scaling of price filters in IncentivePricingStats.sol ## Summary In calculator IncentivePricingStats.sol there is a double scaling issue that leads to incorrect values in filter variables, influencing what a price value the calculator will return.  ## Vulnerability Detail The bug/vulnerability itself is in the function `updatePricingInfo()`, which updates the price for a specific token. The problem occurs in the `if block statement` when the initialization of filters shoul"
101,Tokemak,298,Users will get burned more assets than they are supposed to by using stale debt/share data,0xWeiss,High; Duplicate; Reward,"Withdraw, Reentrancy, Vault","0xWeiss  high  # Users will get burned more assets than they are supposed to by using stale debt/share data ## Summary Users will get burned more assets than they are supposed to  by using stale debt/share data  ## Vulnerability Detail When calling redeem or withdraw on the `LMPVault` contract, there will be the escenario where you have to calcualte the exact amount of shares to burn from the user by calling the function `_calcUserWithdrawSharesToBurn()`  ```solidity  for (uint256 i = 0; i < wit"
101,Tokemak,284,Loss rewards from Destination Vault rewarder due to positive slippage and other conditions,talfao,High; Duplicate; Reward,"Deposit, Withdraw, Vault","talfao  high  # Loss rewards from Destination Vault rewarder due to positive slippage and other conditions ## Summary When the user withdraws assets from LMPVault, **he withdraws from Destination Vaults** in case there are not enough assets present in LMPVault. During that process, the `withdrawBaseAsset function` in the Destination vault **claims rewards from Rewarder** and **puts them into IDLE**. However, **they are lost if more assets are pulled** from Destinations than it was intended.  ## "
101,Tokemak,282,Attacker can steal LMPVault's reward by keep transferring LMPVault's share to attacker's another accounts,saidam017,High; Duplicate; Reward,"Deposit, Withdraw, Fund Drain","saidam017  high  # Attacker can steal LMPVault's reward by keep transferring LMPVault's share to attacker's another accounts ## Summary  Due to wrongly placed `rewarder.stake` inside LMPVault, user can abuse this to drain LMPVault's rewards.  ## Vulnerability Detail  It can be observed that LMPVault update users reward stake inside `_afterTokenTransfer` (will be triggered when mint or transfer functions triggered) :   https://github.com/sherlock-audit/2023-06-tokemak/blob/main/v2-core-audit-2023"
101,Tokemak,281,Destination's vault rewards potentially not accounted when `withdraw` or `redeem` is called,saidam017,High; Duplicate; Reward,"Liquidation, Deposit, Withdraw","saidam017  high  # Destination's vault rewards potentially not accounted when `withdraw` or `redeem` is called ## Summary  When users calls `withdraw` or `redeem`, it will also try to withdraw the rewards from destination vault's rewarder so it can be added to `idle` accounting inside LMP vault. However, due to logic error, this rewards potentially not accounted correctly to `idle`.  ## Vulnerability Detail  When user trigger `withdraw` or `redeem`, it will eventually call internal `_withdraw` f"
101,Tokemak,276,ether that deposited trough `_processEthIn` is not considered inside router's `mint` and `deposit` operations,saidam017,High; Duplicate; Reward,"Deposit, Vault, Share Manipulation","saidam017  high  # ether that deposited trough `_processEthIn` is not considered inside router's `mint` and `deposit` operations ## Summary  `LMPVaultRouterBase`'s `mint` and `deposit` function allow users to use native eth for deposit/mint to LMPVault. However, the deposited native eth is not considered when calling `pullToken`. This will cause the `mint` and `deposit` functions to break if users use native eth, or worse can cause user charged more than necessary and the extra weth will stuck i"
101,Tokemak,270,Rewards can be drained due to incorrect handling of `userRewardPerTokenPaid` accounting,0xTheC0der,High; Duplicate; Reward,"Deposit, Withdraw, Fund Drain",0xTheC0der  high  # Rewards can be drained due to incorrect handling of `userRewardPerTokenPaid` accounting ## Summary  The [AbstractRewarder.userRewardPerTokenPaid](https://github.com/Tokemak/v2-core-audit-2023-07-14/blob/62445b8ee3365611534c96aef189642b721693bf/src/rewarders/AbstractRewarder.sol#L69-L70) mapping is updated too late on mint/deposit and inbound transfer of vault shares which enables a malicious user to drain the rewards.  ## Vulnerability Detail  ### Reward accounting The [Abstr
101,Tokemak,267,Users will receive more funds than they expect,Ch_301,High; Duplicate; Reward,"Deposit, Withdraw, Rounding","Ch_301  high  # Users will receive more funds than they expect ## Summary This issue is a result of using an outdated value in [this line](https://github.com/sherlock-audit/2023-06-tokemak/blob/main/v2-core-audit-2023-07-14/src/vault/libs/LMPDebt.sol#L295)   ## Vulnerability Detail  In case the user asks to `withdraw()` and the `totalIdle` isn't enough. `LMPVault._withdraw()` needs to sub-call the DV `DestinationVault.sol` to withdraw some LPs (from e.g.AURA, CONVEX...). `sharesToBurn` is the am"
101,Tokemak,259,"The swap function within BaseAsyncSwapper will not work, rendering liquidation impossible.",0x3b,High; Duplicate; Reward,Liquidation,"0x3b  high  # The swap function within BaseAsyncSwapper will not work, rendering liquidation impossible. ## Summary The **BaseAsyncSwapper** [swap](https://github.com/sherlock-audit/2023-06-tokemak/blob/main/v2-core-audit-2023-07-14/src/liquidation/BaseAsyncSwapper.sol#L19-L64) function is currently incomplete as it lacks a crucial functionality - the ability to pull tokens into the swap. Due to this deficiency, the entire function will fail to execute properly and the intended token swap will n"
101,Tokemak,250,rewards claimed through LiquidatorRow.sol will get stuck and lost,lodelux,High; Duplicate; Reward,"Liquidation, Fund Loss, Vault",lodelux  high  # rewards claimed through LiquidatorRow.sol will get stuck and lost ## Summary rewards claimed through LiquidatorRow.sol will get stuck and lost  ## Vulnerability Detail liquidations of vaults rewards is done through  `LiquidatorRow.sol` and it happens in 2 distinct txs:  - `claimsVaultRewards` that harvests ALL the rewards from the destination vaults passed as parameter. this tx doesn't reverts and the rewards are successfully transfered to the  `LiquidatorRow.sol` contract - `li
101,Tokemak,228,new staker/LMPvault get free earned token on AbstractRewarders,0xGoodess,High; Duplicate; Reward,"Deposit, Fund Drain, Vault","0xGoodess  high  # new staker/LMPvault get free earned token on AbstractRewarders ## Summary new staker get free earned token on AbstractRewarders  ## Vulnerability Detail  Here is a PoC, run on test/rewarders/AbstractRewarder.t.sol  ```solidity import { console } from ""forge-std/Console.sol""; ...     function test_CalculateEarnedRewardsForGivenWalletWithoutRoll() public {         _runDefaultScenario();         vm.roll(block.number + durationInBlock / 2);         rewarder.stake(address(11111), 1"
101,Tokemak,222,Receiving the rewarder in LMPVault create opportunity for MEV Bots (sandwich attack),Ch_301,High; Duplicate; Reward,"Liquidation, Deposit, Withdraw","Ch_301  high  # Receiving the rewarder in LMPVault create opportunity for MEV Bots (sandwich attack) ## Summary  Receiving the rewarder in LMPVault create opportunity for MEV Bots (sandwich attack)  ## Vulnerability Detail EVM bot will detect `rebalance()`, `flashRebalance()` and `withdraw()` transactions in the mempool. Because all of them will transfer the reward from the DestinationVault (actually its mainRewarder contract) to the LMPVault, and this will update the value of `totalIdle`. This "
101,Tokemak,213,The `msg.value` of Native ETH (in the form of the `msg.value` of WETH) would not be tracked and just stuck in the LMPVaultRouter if a user deposit the `amount` of WETH (`vault.asset()`) and send the `msg.value` of Native ETH at the same time when the user call the LMPVaultRouterBase#`deposit()`,0xmuxyz,High; Duplicate; Reward,"Deposit, Vault, Share Manipulation",0xmuxyz  high  # The `msg.value` of Native ETH (in the form of the `msg.value` of WETH) would not be tracked and just stuck in the LMPVaultRouter if a user deposit the `amount` of WETH (`vault.asset()`) and send the `msg.value` of Native ETH at the same time when the user call the LMPVaultRouterBase#`deposit()` ## Summary In the case that a user deposit the `amount` of WETH (`vault.asset()`) and send the `msg.value` of Native ETH at the same time when the user call the LMPVaultRouterBase#`deposi
101,Tokemak,208,The queueNewRewards function does not correctly allocate funds,BPZ,High; Duplicate; Reward,"Access Control, Fund Loss","BPZ  high  # The queueNewRewards function does not correctly allocate funds ## Summary  The [queueNewRewards function](https://github.com/sherlock-audit/2023-06-tokemak/blob/main/v2-core-audit-2023-07-14/src/rewarders/AbstractRewarder.sol#L235) of the AbstractRewarder contract can be utilized by approved addresses to queue rewards that will be distributed to stakers. However, the function's logic does not correctly allocate the reward funds. Each time this function is invoked, the currently [que"
101,Tokemak,206,User can deposit and immediately withdraw to steal rewards,0xJuda,High; Duplicate; Reward,"Flash Loan, Deposit, Withdraw",0xJuda  high  # User can deposit and immediately withdraw to steal rewards ## Summary  Users deposit tokens to LMPVault to gain rewards. Each user can claim those rewards based on how many shares of the vault he has. The user has also an option to withdraw his funds. This sends his deposited funds + rewards to his address. This mechanism has a vulnerability where the attacker can deposit and withdraw immediately after that which gives him rewards as well based on how much he deposited relative t
101,Tokemak,205,Liquidations miss delegate call to swapper,0xJuda,High; Has Duplicates; Sponsor Confirmed; Reward,"Liquidation, Deposit, Reentrancy","0xJuda  high  # Liquidations miss delegate call to swapper ## Summary  LiquidationRow acts as an orchestrator of claiming process. It liquidates tokens across vaults using the **liquidateVaultsForToken** function. This function has a flaw and will revert. Swapper contract is called during the function call, but tokens are not transferred to it nor tokens are transferred back from the swapper to the calling contract. Based on other parts of the codebase the problem is that swapper should be invok"
101,Tokemak,204,Router double accounting problem and exposed funds in smart contract,0xJuda,High; Duplicate; Reward,"Deposit, Vault, Share Manipulation","0xJuda  high  # Router double accounting problem and exposed funds in smart contract ## Summary  LMPVaultRouter serves as a gateway for users to interact with LMPVault. When the user approves WETH and sends ETH with the deposit function call, the router still transfers WETH from the user even though it already got ETH with the call. Another user can watch for this and collect ETH from the router using an exposed function.  ## Vulnerability Detail  Users should use LMPVaultRouter to interact with"
101,Tokemak,203,User can transfer LMPVault shares to claim rewards multiple times,0xJuda,High; Duplicate; Reward,"Deposit, Withdraw, Fund Theft","0xJuda  high  # User can transfer LMPVault shares to claim rewards multiple times ## Summary  Users deposit funds into LMPVault through the router. They get a share of the generated rewards. ERC20 token represents those shares. Anyone can transfer those shares between multiple addresses to claim rewards more times.  ## Vulnerability Detail  A user gets tokens for every deposit into LMPVault. Those tokens represent shares on Vault deposits and rewards. After rewards accumulate, the user can call "
101,Tokemak,188,LMPVaultRouterBase will charge a user 2x the deposit amount,0x3b,High; Duplicate; Reward,"Deposit, Vault","0x3b  high  # LMPVaultRouterBase will charge a user 2x the deposit amount ## Summary If a user uses ETH to mint/deposit in LMPVaultRouterBase, it will pull 2x the deposit amount from the user, while supplying him with 1x the tokens.  ## Vulnerability Detail When using ETH in [LMPVaultRouter](https://github.com/sherlock-audit/2023-06-tokemak/blob/main/v2-core-audit-2023-07-14/src/vault/LMPVaultRouter.sol) to [mint](https://github.com/sherlock-audit/2023-06-tokemak/blob/main/v2-core-audit-2023-07-"
101,Tokemak,187,liquidator/whitelisted accounts transfer more rewards than intended,bulej93,High; Duplicate; Reward,Liquidation,"bulej93  high  # liquidator/whitelisted accounts transfer more rewards than intended ## Summary when transferring new rewards, liquidators transfer queued rewards + new rewards ## Vulnerability Detail in abstractRewarder#queueNewRewards the caller of the function can specify the number of new rewards to queued and at the end those rewards are sent to the contract.  but before that there is a variable called `startingQueuedRewards` which is local variable that tracks `queuedRewards` which is a gl"
101,Tokemak,166,"AbstractRewarder.queueNewRewards() will transfer ``(newRewards + queuedRewards)`` instead of ``newRewards`` reward tokens, as a result, the extra ``queuedRewards`` tokens will not be accounted and  lost to the contract forever.",chaduke,High; Duplicate; Reward,Fund Loss,"chaduke  high  # AbstractRewarder.queueNewRewards() will transfer ``(newRewards + queuedRewards)`` instead of ``newRewards`` reward tokens, as a result, the extra ``queuedRewards`` tokens will not be accounted and  lost to the contract forever. ## Summary ``AbstractRewarder.queueNewRewards()`` will transfer ``(newRewards + queuedRewards)`` instead of ``newRewards`` reward tokens, as a result, the extra ``queuedRewards`` tokens will not be accounted and lost to the contract forever. The main reas"
101,Tokemak,164,loss of funds on deposit in LMPVaultRouter,lodelux,High; Duplicate; Reward,"Deposit, Withdraw, Fund Theft","lodelux  medium  # loss of funds on deposit in LMPVaultRouter ## Summary in the `LMPVaultRouterBase.sol` contract the user has the option to deposit any given asset of any specific vault, inlcuding WETH and ETH, this is an intended feature as explained in the docs, code comments and tests. The `deposit` and `mint` functions are the entrypoint for both ERC20 tokens and ETH but there is a mistake in how they handle ETH deposit that leads to all the amount of Ether sent to the router getting stuck "
101,Tokemak,151,User can loss fund with mint function,0xSurena,High; Duplicate; Reward,"Fund Theft, Vault, Share Manipulation","0xSurena  high  # User can loss fund with mint function ## Summary The user can loss fund if `LMPVaultRouterBase.sol.mint` function get used with `msg.value > 0`.  ## Vulnerability Detail The `mint` function in the `LMPVaultRouterBase` contract is using in order to mint exact provided `share` amount from the user for the user and user can pay needed amount of asset with `ETH` or `erc20 Token`. As you can see this function is `payable`.   ```Solidity     function mint(         ILMPVault vault,   "
101,Tokemak,150,The liquidation process cannot get done due to insufficient balance,0xSurena,High; Duplicate; Reward,"Liquidation, Vault","0xSurena  high  # The liquidation process cannot get done due to insufficient balance ## Summary Call to the `liquidateVaultsForToken`, in order to conducts the liquidation process for a specific token across a list of vaults, will get reverted.  ## Vulnerability Detail Once rewards are claimed, they are sent to the Liquidator Row contract for subsequent liquidation. `LiquidationRow.sol` is the smart contract responsible for liquidating reward tokens into another asset, such as WETH.  this contr"
101,Tokemak,143,Perform liquidations function always fails.,talfao,High; Duplicate; Reward,"Liquidation, Interest Rate, Vault",talfao  high  # Perform liquidations function always fails. ## Summary  The **liquidateVaultsForToken function** will always fail due to missing **delegateCall function** when calling asyncSwapper for swapping.  ## Vulnerability Detail Upon conducting a thorough review of the function `_performLiquidation()` located in the **LiquidationRow** contract you can notice the line below:  ```Solidity uint256 amountReceived = IAsyncSwapper(asyncSwapper).swap(params); ``` It is evident that swapper is ca
101,Tokemak,142,Double spending issue in LMPRouter,talfao,High; Duplicate; Reward,"Deposit, Withdraw, Fund Theft","talfao  high  # Double spending issue in LMPRouter ## Summary  The LMPRouter deposit/mint functions can be used with **msg.value** as they are payable. **The _processEthIn function** is called. However, **it stucks WETH in the router**, **not sending it to the LMP vault**. After that, any user **can steal that WETH from the router.**  ## Vulnerability Detail  The vulnerability can lead to a double spending issue since the front end or the user will probably approve the router from spending his W"
101,Tokemak,141,Flashloan attack against Rewarder - leads to the stealing of rewards.,talfao,High; Duplicate; Reward,"Flash Loan, Deposit, Withdraw","talfao  high  # Flashloan attack against Rewarder - leads to the stealing of rewards. ## Summary An attacker can launch a flash loan attack to deposit a huge amount of WETH to the LMPVault and immediately claim rewards from Rewarder and withdraw from the vault.  ## Vulnerability Detail  The Synthetix-Rewarder model is broken because the checkpoints are not set correctly for the Rewarder when depositing to LMPVault. As this vulnerability occurs,  **the following attack scenario is possible.**  1."
101,Tokemak,140,Draining funds from Rewarder / Preventing users from withdrawing from LMPVault,talfao,High; Duplicate; Reward,"Deposit, Withdraw, Fund Drain","talfao  high  # Draining funds from Rewarder / Preventing users from withdrawing from LMPVault ## Summary An attacker is able to drain all funds from the rewarder since the transferring shares are not validated, and the checkpoint for rewards is not properly set before receiving shares. Furthermore, as a result of exploiting this vulnerability the user is not able to withdraw from LMPvault.  ## Vulnerability Detail The problem lies that any user can **transfer his owned shares** from the LMP vau"
101,Tokemak,136,"LMPVaultRouterBase.mint() will double charge a user when the user sends asset tokens using eth (msg.value > 0), and then a stealer can steal the extra payment.",chaduke,High; Duplicate; Reward,"Deposit, Fund Theft, Fund Loss","chaduke  high  # LMPVaultRouterBase.mint() will double charge a user when the user sends asset tokens using eth (msg.value > 0), and then a stealer can steal the extra payment. ## Summary LMPVaultRouterBase.mint() will double charge a user when address(vault.asset()) == address(weth9). If a user sends ETH in msg.value, ``_processEthIn()`` will convert the received ETH to weth, and then ``pullToken(vaultAsset, assets, address(this));`` will charge the user weth again, a double charge to the user."
101,Tokemak,135,Mint/Deposit with payable ETH will result in double spend,0xDjango,High; Duplicate; Reward,"Deposit, Fund Loss, Vault","0xDjango  high  # Mint/Deposit with payable ETH will result in double spend ## Summary If a user calls `LMPVaultRouterBase.mint()` or `LMPVaultRouterBase.deposit()` while sending ETH, they will pay double. Upon calling either function while sending ETH, the `_processEthIn(vault);` function is called. This deposits `msg.value` into the WETH9 contract, but nothing else. Later in the deposit execution, the expected WETH amount is pulled from `msg.sender`. Effectively, the caller sends both ETH and "
101,Tokemak,134,Rewards are never earned because `AsyncSwapper` never receives tokens during liquidation,0xDjango,High; Duplicate; Reward,"Liquidation, Vault","0xDjango  high  # Rewards are never earned because `AsyncSwapper` never receives tokens during liquidation ## Summary During the liquidation process, Tokemak claims rewards from each vault and sends them to the swapper contract to convert the reward tokens into target asset, e.g. WETH. This process will always revert because the `LiquidatorRow` contract never sends the claimed tokens to the `AsyncSwapper` while the `AsyncSwapper` expects the tokens to have already been sent. Therefore, the entir"
101,Tokemak,129,Missing token transfer between LiquidationRow.sol and BaseAsyncSwapper.sol during liquidation of Vaults For Token,lil.eth,High; Duplicate; Reward,"Liquidation, Vault","lil.eth  high  # Missing token transfer between LiquidationRow.sol and BaseAsyncSwapper.sol during liquidation of Vaults For Token ## Summary `liquidateVaultsForToken()` function in LiquidationRow.sol calls the `swap()` function in BaseAsyncSwapper.sol for converting assets. However, After a discussion with sponsor we identified that it doesn't transfer the necessary tokens to IAsyncSwapper before initiating the swap. This will result in a failure for the swap operation due to an insufficient ba"
101,Tokemak,109,Incorrect Accounting of newRewards in the queueNewRewards() function of AbstractRewarder Contract,lil.eth,High; Duplicate; Reward,"Liquidation, Deposit, DoS","lil.eth  high  # Incorrect Accounting of newRewards in the queueNewRewards() function of AbstractRewarder Contract ## Summary In rewarders/AbstractRewarder.sol#queueNewRewards() function, `newRewards` is incorrectly accounted. This leads to incorrect calculation of `currentRate`  and an incorrect transfer of tokens when `safeTransferFrom` is invoked, as the contract attempts to fetch `newRewards + queuedRewards`, while `queuedRewards` has already been fetched earlier and each time this function "
101,Tokemak,73,"Since no transfer is made to the swapper, the swap in the liquidation process will be invalidated.",p0wd3r,High; Duplicate; Reward,"Liquidation, Reentrancy, Vault","p0wd3r  high  # Since no transfer is made to the swapper, the swap in the liquidation process will be invalidated. ## Summary Since no transfer is made to the swapper, the swap in the liquidation process will be invalidated. ## Vulnerability Detail In the `swap` function of `BaseAsyncSwapper`, the `sellToken` is required to be transferred to the swapper first, otherwise it will throw an `InsufficientBalance` error.  https://github.com/sherlock-audit/2023-06-tokemak/blob/main/v2-core-audit-2023-0"
101,Tokemak,45,"LiquidationRow.liquidateVaultsForToken will never work, so vault depositors will not receive any rewards",rvierdiiev,High; Duplicate; Reward,"Liquidation, Deposit, Reentrancy","rvierdiiev  high  # LiquidationRow.liquidateVaultsForToken will never work, so vault depositors will not receive any rewards ## Summary LiquidationRow.liquidateVaultsForToken will never work, so vault depositors will not receive any rewards ## Vulnerability Detail `LiquidationRow.liquidateVaultsForToken` function should swap reward assets of the vault and then send them to the rewarder for distribution. https://github.com/sherlock-audit/2023-06-tokemak/blob/main/v2-core-audit-2023-07-14/src/liqu"
101,Tokemak,42,MavEthOracle can be manipulated,rvierdiiev,High; Duplicate; Reward,"Oracle, Price Manipulation, Flash Loan","rvierdiiev  medium  # MavEthOracle can be manipulated ## Summary MavEthOracle can be manipulated by changing reserves amount. ## Vulnerability Detail `MavEthOracle` should retrieve price for the `_boostedPosition`. It does that using reserves of tokens, their price and total supply in the pool. https://github.com/sherlock-audit/2023-06-tokemak/blob/main/v2-core-audit-2023-07-14/src/oracles/providers/MavEthOracle.sol#L44-L77 ```solidity     function getPriceInEth(address _boostedPosition) externa"
101,Tokemak,39,LMPVaultRouterBase.mint tries to get payment 2 times in case of native payment,rvierdiiev,High; Duplicate; Reward,"Deposit, Vault","rvierdiiev  medium  # LMPVaultRouterBase.mint tries to get payment 2 times in case of native payment ## Summary LMPVaultRouterBase.mint tries to get payment 2 times in case of native payment ## Vulnerability Detail `LMPVaultRouterBase.mint` is payable and user can [provide value with the call](https://github.com/sherlock-audit/2023-06-tokemak/blob/main/v2-core-audit-2023-07-14/src/vault/LMPVaultRouterBase.sol#L30).  In this case, payment will be [deposited to the weth](https://github.com/sherloc"
101,Tokemak,35,LMPVault may update idle not accurate,rvierdiiev,High; Duplicate; Reward,"Withdraw, Vault","rvierdiiev  medium  # LMPVault may update idle not accurate ## Summary `LMPVault` may update `idle` not accurate, when `info.totalAssetsPulled > info.totalAssetsToPull` inside `_withdraw` function. ## Vulnerability Detail When user withdraws, then [`info.totalAssetsToPull` amount](https://github.com/sherlock-audit/2023-06-tokemak/blob/main/v2-core-audit-2023-07-14/src/vault/LMPVault.sol#L458) is what is needed to be withdrawn from destination vaults.  Then function loops over all destinations in"
101,Tokemak,30,queueRewards will be locked in the contract and will not be distributed.,p0wd3r,High; Duplicate; Reward,"Liquidation, DoS","p0wd3r  high  # queueRewards will be locked in the contract and will not be distributed. ## Summary `queueRewards` will be locked in the contract and will not be distributed.  Meanwhile, liquidation will also be subjected to DoS. ## Vulnerability Detail The code for `queueNewRewards` is as follows:  https://github.com/sherlock-audit/2023-06-tokemak/blob/main/v2-core-audit-2023-07-14/src/rewarders/AbstractRewarder.sol#L235-L261 ```solidity     function queueNewRewards(uint256 newRewards) external"
101,Tokemak,17,Incentive Pricing will not provide a robust estimate of incentive pricing to the LMP due to incorrect scaling,0xVolodya,High; Duplicate; Reward,Other,0xVolodya  medium  # Incentive Pricing will not provide a robust estimate of incentive pricing to the LMP due to incorrect scaling ## Summary Incentive Pricing will not provide a robust estimate of incentive pricing to the LMP due to incorrect scaling ## Vulnerability Detail After the initialization phase first INIT_SAMPLE_COUNT prices will be summed and  **scaled * 1e18** while getting the average. But when the next time we will get `existing.slowFilterPrice` and `existing.fastFilterPrice` the 
101,Tokemak,16,Curve pool reentrancy check doesn't work for some pools which lead to draining of funds,0xVolodya,High; Duplicate; Reward,"Oracle, Price Manipulation, Reentrancy","0xVolodya  high  # Curve pool reentrancy check doesn't work for some pools which lead to draining of funds ## Summary Curve pool reentrancy check doesn't work for some pools which leads to draining ## Vulnerability Detail From there [post mortem](https://medium.com/@ConicFinance/post-mortem-eth-and-crvusd-omnipool-exploits-c9c7fa213a3d) >Our assumption was that Curve v2 pools using ETH have the ETH address (0xeee…eee) as one of their coins. However, they instead have the WETH address. This led t"
101,Tokemak,12,Liquidations sometimes will not work due to incorrect logic inside queueNewRewards,0xVolodya,High; Duplicate; Reward,Liquidation,"0xVolodya  high  # Liquidations sometimes will not work due to incorrect logic inside queueNewRewards ## Summary queueNewRewards is trying to transfer too much LiquidationRow on liquidation ## Vulnerability Detail Whenever system conducts the liquidation process at some point there will be a call to queueNewRewards, lets note that approve is to  `amount` ```solidity             // approve main rewarder to pull the tokens             LibAdapter._approve(IERC20(params.buyTokenAddress), address(mai"
101,Tokemak,5,Destination Vault rewards are not added to idleIncrease when info.totalAssetsPulled > info.totalAssetsToPull,p0wd3r,High; Has Duplicates; Sponsor Confirmed; Reward,"Withdraw, Vault, Share Manipulation","p0wd3r  high  # Destination Vault rewards are not added to idleIncrease when info.totalAssetsPulled > info.totalAssetsToPull ## Summary Destination Vault rewards are not added to `idleIncrease` when `info.totalAssetsPulled > info.totalAssetsToPull` in `_withdraw` of `LMPVault`.  This result in rewards not being recorded by `LMPVault` and ultimately frozen in the contract. ## Vulnerability Detail In the `_withdraw` function, Destination Vault rewards will be first recorded in `info.IdleIncrease` "
101,Tokemak,1,ETH deposited by the user may be stolen.,p0wd3r,High; Has Duplicates; Sponsor Confirmed; Reward,"Deposit, Fund Theft, Vault","p0wd3r  high  # ETH deposited by the user may be stolen. ## Summary Due to the fact that the WETH obtained through `_processEthIn` belongs to the contract, and `pullToken` transfers assets from `msg.sender`, it is possible for users to transfer excess WETH to the contract, allowing attackers to steal WETH from within the contract using `sweepToken`.  Both `mint` and `deposit` in `LMPVaultRouterBase` have this problem. ## Vulnerability Detail In the `deposit` function, if the user pays with ETH, "
33,UXD Protocol,415,No input validation for swap parameters,minhtrng,High; Duplicate; Reward,"Flash Loan, Deposit, Sandwich","minhtrng  medium  # No input validation for swap parameters  ## Summary  The `PerpDepository.rebalance` function allows the caller to determine the slippage protection parameters for the swap that will be performed on Uniswap. This could be potentially used to leak value from the protocol or users.  ## Vulnerability Detail  The `PerpDepository.rebalance` function has the following function parameters:  ```js     function rebalance(         ...         uint256 amountOutMinimum,         uint160 sq"
33,UXD Protocol,409,Significant divergence in unrealizedPnL calculation of Perp protocol vs Depository can lead to undercollateralization,0Kage,High; Duplicate; Reward,"Liquidation, Interest Rate, Collateral","0Kage  medium  # Significant divergence in unrealizedPnL calculation of Perp protocol vs Depository can lead to undercollateralization  ## Summary During high volatility period (as experienced in last 4 trading sessions from 11 Jan to 15 Jan), unrealized P/L calculations in PerpDepository contract cannot keep up with the unrealized P/L changes in the Perp protocol. While the former uses a simplistic formula involving time-weighted average price, latter is actual reflection of liquidity v/"
33,UXD Protocol,382,Anyone may swap any user's quote tokens for base tokens if that user has approved ```PerpDepository.sol``` to spend quote tokens,dipp,High; Duplicate; Reward,"Deposit, Withdraw, Reentrancy",dipp  high  # Anyone may swap any user's quote tokens for base tokens if that user has approved ```PerpDepository.sol``` to spend quote tokens  ## Summary  A malicious user could call the ```rebalanceLite``` function in ```PerpDepository.sol``` and specify any ```account``` address that has given approval to the depository. This may result in the account losing their quote tokens in exchange for base tokens.  ## Vulnerability Detail  The ```rebalanceLite``` function allows any ```account``` to b
33,UXD Protocol,370,A malicious user can rebalance using any user that has approved the contract to spend quote tokens,dipp,High; Duplicate; Reward,"Deposit, Reentrancy",dipp  high  # A malicious user can rebalance using any user that has approved the contract to spend quote tokens  ## Summary  A malicious user could call the ```rebalance``` function in ```PerpDepository.sol``` and specify any ```account``` address that has given approval to the depository. This may result in the ```account``` losing any tokens needed to perform the rebalance.  ## Vulnerability Detail  The ```rebalance``` function in ```PerpDepository.sol``` allows the caller to specify any ```a
33,UXD Protocol,358,User/Gov's quoteToken allowance which is approved for `depositInsurance()` will be maliciously used on `rebalance()`,GimelSec,High; Duplicate; Reward,"Deposit, Reentrancy","GimelSec  high  # User/Gov's quoteToken allowance which is approved for `depositInsurance()` will be maliciously used on `rebalance()`  ## Summary  User/Gov's quoteToken allowance which is approved for `depositInsurance()` will be maliciously used on `rebalance()`.  ## Vulnerability Detail  It's a requirement to approve `insuranceToken` (the same as `quoteToken`) first before calling `depositInsurance()`.  ```solidity     function depositInsurance(uint256 amount, address from)         external  "
33,UXD Protocol,357,"Anyone can call `rebalance()` to get excess tokens when `shortFall < 0`, these excess tokens are not used in `rebalance()`",GimelSec,High; Duplicate; Reward,Deposit,"GimelSec  high  # Anyone can call `rebalance()` to get excess tokens when `shortFall < 0`, these excess tokens are not used in `rebalance()`  ## Summary  Anyone can call `rebalance()` to get excess tokens when `shortFall < 0`, these excess tokens are not used in `rebalance()`.  ## Vulnerability Detail  `rebalance()` will check that if `shortFall < 0`, it will send excess tokens to the `account` paying for rebalance.  ```solidity         if (shortFall > 0) {             IERC20(quoteToken).transfe"
33,UXD Protocol,343,Calculating the Perp short position value uses a potentially unsafe TWAP interval,berndartmueller,High; Duplicate; Reward,"Price Manipulation, Deposit",berndartmueller  medium  # Calculating the Perp short position value uses a potentially unsafe TWAP interval  ## Summary  Calculating the Perp short position value with the `PerpDepository.getPositionValue` function uses a TWAP interval of 15 **seconds**. This is potentially unsafe and deviates from the **15 minutes** TWAP used by the Perp protocol.  ## Vulnerability Detail  Calculating the unrealized Pnl from the delta neutral position requires calculating the short position value. The short po
33,UXD Protocol,341,Anyone can use the token spending allowance from another address to rebalance negative Perp PnL,berndartmueller,High; Duplicate; Reward,"Deposit, Reentrancy, Fund Loss","berndartmueller  high  # Anyone can use the token spending allowance from another address to rebalance negative Perp PnL  ## Summary  Leftover token spending allowance from an address that approved the `PerpDepository` to spend `quoteToken`, can be used by anyone else to rebalance the negative Perp PnL and have this `account` address pay for the slippage and swap fees.  ## Vulnerability Detail  The `PerpDepository.rebalance` function allows anyone to rebalance (negative) Perp PnL. The internal `"
33,UXD Protocol,331,Rebalance with any account,HonorLt,High; Duplicate; Reward,"Deposit, Front-running, Reentrancy","HonorLt  high  # Rebalance with any account  ## Summary Rebalance functions can be called with an arbitrary ```account``` address.  ## Vulnerability Detail Functions ```rebalance``` and ```rebalanceLite``` accept an ```account``` parameter with an intention to cover the difference: _""If there is any shortfall in the swap `account` covers the difference.""_ ```solidity function rebalance(         uint256 amount,         uint256 amountOutMinimum,         uint160 sqrtPriceLimitX96,         uint24 sw"
33,UXD Protocol,323,TWAP value is not reliable,HonorLt,High; Duplicate; Reward,Deposit,"HonorLt  medium  # TWAP value is not reliable  ## Summary 15 seconds of TWAP is not reliable enough to fetch the correct price.  ## Vulnerability Detail When calculating the unrealized Pnl, it queries the position value, and the protocol has a hardcoded value of 15 seconds for TWAP: ```solidity     function getPositionValue() public view returns (uint256) {         uint256 markPrice = getMarkPriceTwap(15);     ... ``` The TWAP period is expressed in seconds. I believe 15 seconds of TWAP is too s"
33,UXD Protocol,321,Missing check on `account` in `PerpDepository.rebalanceLite()`,Bahurum,High; Duplicate; Reward,Deposit,"Bahurum  medium  # Missing check on `account` in `PerpDepository.rebalanceLite()`  ## Summary in `PerpDepository.rebalanceLite()` the input parameter `account` can be set by the caller without restriction.  - Any user account with residual approval to this contract can be forced to rebalance-lite and have `quoteToken` swapped for `assetToken`   ## Vulnerability Detail When user A calls `rebalanceLite()`, he must approve first the `PerpDepository` with `quoteToken` and if some residual approval i"
33,UXD Protocol,320,Missing check on `account` in `PerpDepository.rebalance()`,Bahurum,High; Duplicate; Reward,"Deposit, Fund Theft",Bahurum  medium  # Missing check on `account` in `PerpDepository.rebalance()`  ## Summary in `PerpDepository.rebalance()` the input parameter `account` can be set by the caller without restriction.  - Any user account with residual approval to this contract can be forced to pay the shortfall.  - An attacker can simulate transactions to see when the shortfall should be negative and put its address to gain the shortfall  ## Vulnerability Detail `account` is fed to `_rebalanceNegativePnlWithSwap()`
33,UXD Protocol,316,An attacker can frontrun the call to the `rebalanceLite` function and steal the amount to be rebalanced by sandwiching the long position that is opened,DecorativePineapple,High; Duplicate; Reward,"Collateral, Deposit, Withdraw","DecorativePineapple  high  # An attacker can frontrun the call to the `rebalanceLite` function and steal the amount to be rebalanced by sandwiching the long position that is opened  ## Summary It has been identified that an attacker can frontrun the call to the [`rebalanceLite`](https://github.com/sherlock-audit/2023-01-uxd/blob/2f3e8890ba64331be08b690018f93d3b67e82c11/contracts/integrations/perp/PerpDepository.sol#L597) function, provide a wrong `sqrtPriceLimitX96` and sandwich the long positio"
33,UXD Protocol,315,The periodSize of the oracle is very low allowing the TWAP price to be easily manipulated,DecorativePineapple,High; Duplicate; Reward,"Oracle, Deposit","DecorativePineapple  medium  # The periodSize of the oracle is very low allowing the TWAP price to be easily manipulated  ## Summary The `currentSize` of the short position is calculated by multiplying the `markPrice` with the `positionSize`. However, the `markPrice` is calculated by fetching the TWAP from a Uniswapv3 pair with a small periodSize, meaning that the an attacker can easily manipulate the TWAP and force the `PerpDepository` smart contract to rebalance even when the PnL is not negati"
33,UXD Protocol,306,Anyone can call `PerpDepository.sol#rebalance()` on behalf of account that has pre-approved the contract by passing bad swap paramaters.,chiranz,High; Duplicate; Reward,"Deposit, Reentrancy, Fund Drain","chiranz  high  # Anyone can call `PerpDepository.sol#rebalance()` on behalf of account that has pre-approved the contract by passing bad swap paramaters.  ## Summary https://github.com/UXDProtocol/uxd-evm/blob/sherlock-audit/contracts/integrations/perp/PerpDepository.sol#L446 As `PerpDepository.rebalance()` expects pre-approval to spend `assetToken` and `quoteToken`, anyone can call `rebalance()` on behalf of the approver with bad function arguments for values like `amountOutMinimum` and `sqrtPr"
33,UXD Protocol,303,Possible attacks on users for fees paid,hl_,High; Duplicate; Reward,"Deposit, Access Control","hl_  medium  # Possible attacks on users for fees paid  ## Summary The rebalance function can be called by anyone, resulting in possible attacks on users in relation to fees paid.   ## Vulnerability Detail The rebalance function in PerpDepository.sol can be called by anyone, and there is a fee to be paid. An attacker can call this function repeatedly on a user (at the appropriate rebalancing instances), causing the user to have to pay fees which user did not authorize.   ## Impact U"
33,UXD Protocol,288,PerpDespository#reblance and rebalanceLite can be called to drain funds from anyone who has approved PerpDepository,0x52,High; Has Duplicates; Sponsor Confirmed; Will Fix; Reward,"Deposit, Sandwich, Reentrancy",0x52  high  # PerpDespository#reblance and rebalanceLite can be called to drain funds from anyone who has approved PerpDepository  ## Summary  PerpDespository#reblance and rebalanceLite allows anyone to specify the account that pays the quote token. These functions allow a malicious user to abuse any allowance provided to PerpDirectory. rebalance is the worst of the two because the malicious user could sandwich attack the rebalance to steal all the funds and force the unsuspecting user to pay th
33,UXD Protocol,287,Function `rebalance()` can be called with arbitrary `account` input param lead to unexpected loss for `account` in case the trade cause a loss,wagmi,High; Duplicate; Reward,"Deposit, Front-running, Reentrancy",wagmi  high  # Function `rebalance()` can be called with arbitrary `account` input param lead to unexpected loss for `account` in case the trade cause a loss  ## Summary https://github.com/sherlock-audit/2023-01-uxd/blob/main/contracts/integrations/perp/PerpDepository.sol#L446  ## Vulnerability Detail Function `rebalance()` does a swap on a DEX (Uniswap in this case) to convert `assetToken` to `quoteToken` then deposit back to vault.   Swap can cause a loss in fees and slippage and when it happe
33,UXD Protocol,281,Function `rebalance()` is vulnerable to sandwich attack,wagmi,High; Duplicate; Reward,"Flash Loan, Deposit, Front-running","wagmi  medium  # Function `rebalance()` is vulnerable to sandwich attack  ## Summary https://github.com/sherlock-audit/2023-01-uxd/blob/main/contracts/integrations/perp/PerpDepository.sol#L446  ## Vulnerability Detail Function `rebalance()` does a swap on a DEX (Uniswap in this case) to convert `assetToken` to `quoteToken` then deposit back to vault.   However, anyone can call this function and specify arbitrary input params. If attacker set `amountOutMinimum = 0` and place it in the same TX wit"
33,UXD Protocol,272,`PerpDepository::rebalanceLite` does not check if caller is authorized to use another user's account for rebalancing,ck,High; Duplicate; Reward,"Collateral, Deposit, Reentrancy","ck  high  # `PerpDepository::rebalanceLite` does not check if caller is authorized to use another user's account for rebalancing  ## Summary  Anyone can call `PerpDepository::rebalanceLite` lets users specify another user's account as the one that will have their quoteToken used.  ## Vulnerability Detail  When a user calls `PerpDepository::rebalanceLite` and specifies another user's address as the `account`, the only requirement is that the `account` must have pre-approved the contract to spend "
33,UXD Protocol,270,Malicious user can use an excessively large _toAddress in OFTCore#sendFrom to break layerZero communication,0x52,question; High; Sponsor Disputed; Disagree With Severity; Will Fix; Escalation Resolved; Reward,Fund Loss,"0x52  high  # Malicious user can use an excessively large _toAddress in OFTCore#sendFrom to break layerZero communication  ## Summary  By default layerZero implements a blocking behavior, that is, that each message must be processed and succeed in the order that it was sent. In order to circumvent this behavior the receiver must implement their own try-catch pattern. If the try-catch pattern in the receiving app ever fails then it will revert to its blocking behavior. The _toAddress input to OFT"
33,UXD Protocol,261,`PerpDepository::rebalance` does not check if caller is authorized to use another user's account for shortfall transactions.,ck,High; Duplicate; Reward,"Deposit, Reentrancy","ck  high  # `PerpDepository::rebalance` does not check if caller is authorized to use another user's account for shortfall transactions.  ## Summary  Anyone can call `PerpDepository::rebalance` and use another user's account for shortfall transactions without authorization.  ## Vulnerability Detail  When a user calls `PerpDepository::rebalance` and specifies another user's address as the `account`, the only requirement is that the `account` must have pre-approved the contract to spend `quoteToke"
33,UXD Protocol,253,RageTrade senior vault USDC deposits are subject to utilization caps which can lock deposits for long periods of time leading to UXD instability,0x52,help wanted; High; Has Duplicates; Sponsor Confirmed; Reward,"Borrow Logic, Collateral, Deposit","0x52  high  # RageTrade senior vault USDC deposits are subject to utilization caps which can lock deposits for long periods of time leading to UXD instability  ## Summary  RageTrade senior vault requires that it maintains deposits above and beyond the current amount loaned to the junior vault. Currently this is set at 90%, that is the vault must maintain at least 10% more deposits than loans. Currently the junior vault is in high demand and very little can be withdrawn from the senior vault. A s"
33,UXD Protocol,250,USDC deposited to PerpDepository.sol are irretrievable and effectively causes UDX to become undercollateralized,0x52,High; Has Duplicates; Reward,"Liquidation, Collateral, Deposit",0x52  high  # USDC deposited to PerpDepository.sol are irretrievable and effectively causes UDX to become undercollateralized  ## Summary  PerpDepository rebalances negative PNL into USDC holdings. This preserves the delta neutrality of the system by exchanging base to quote. This is problematic though as once it is in the vault as USDC it can never be withdrawn. The effect is that the delta neutral position can never be liquidated but the USDC is inaccessible so UDX is effectively undercollater
33,UXD Protocol,249,PerpDepository#getPositionValue uses incorrect value for TWAP interval allowing more than intended funds to be extracted,0x52,High; Has Duplicates; Sponsor Confirmed; Will Fix; Reward,"Liquidation, Deposit",0x52  high  # PerpDepository#getPositionValue uses incorrect value for TWAP interval allowing more than intended funds to be extracted  ## Summary  PerpDepository#getPositionValue queries the exchange for the mark price to calculate the unrealized PNL. Mark price is defined as the 15 minute TWAP of the market. The issue is that it uses the 15 second TWAP instead of the 15 minute TWAP  ## Vulnerability Detail  As stated in the [docs](https://support.perp.com/hc/en-us/articles/5331299807513-Liquid
33,UXD Protocol,236,Funds that are meant to be used for insurance can be maliciously used to pay for rebalance instead.,yixxas,High; Duplicate; Reward,"Deposit, Access Control, Vault","yixxas  medium  # Funds that are meant to be used for insurance can be maliciously used to pay for rebalance instead.  ## Summary Funds that are set aside to be used to pay for insurance can be triggered to pay for rebalance instead. In fact, any users who have pre-approved the contract to spend their tokens can be used to pay for rebalance.  ## Vulnerability Detail This is possible as `_rebalanceNegativePnlWithSwap()` and `_rebalanceNegativePnlLite()` are public functions callable by anyone, wi"
33,UXD Protocol,232,Assets can be stolen when rebalancing if there are excess tokens in spot swap,yixxas,High; Duplicate; Reward,"Deposit, Access Control","yixxas  high  # Assets can be stolen when rebalancing if there are excess tokens in spot swap  ## Summary In the case when `shortFall < 0`, assets can be stolen by anyone as `rebalance()` has no access control, and `account` is an arbitrary input.  ## Vulnerability Detail In `_rebalanceNegativePnlWithSwap()`, depending on the polarity of `shortFall`, assets are either taken awayy from `account` or transferred to `account.   > // we got excess tokens in the spot swap. Send them to the account pay"
33,UXD Protocol,224,attacker can grief user by frontrunning rebalance with 0 amountOutMinimum and sqrtPriceLimitX96,koxuan,High; Duplicate; Reward,"Deposit, Reentrancy","koxuan  high  # attacker can grief user by frontrunning rebalance with 0 amountOutMinimum and sqrtPriceLimitX96  ## Summary User who want to rebalance PerpDepository have to approve PerpDepository to spend to make up for the shortfall. However, an attacker can front run user's `rebalance` with user's supplied address and 0 amountOutMinimum and sqrtPriceLimitX96, causing user to suffer from slippage loss due to having no slippage control.  ## Vulnerability Detail `rebalance` can be called by anyo"
33,UXD Protocol,213,[NAZ-M7] `DnGmxSeniorVault.sol` Has a `maxUtilizationBps` Cap on Withdraws But `RageDnDepository.sol` Has No Soft Cap For This,0xNazgul,High; Duplicate; Reward,"Deposit, Withdraw, Vault","0xNazgul  medium  # [NAZ-M7] `DnGmxSeniorVault.sol` Has a `maxUtilizationBps` Cap on Withdraws But `RageDnDepository.sol` Has No Soft Cap For This  ## Summary Deposits have a soft cap but withdraws don't which could lead to unexpected reverts for users.  ## Vulnerability Detail `DnGmxSeniorVault.sol` is the vault used by `RageDnDepository.sol` for deposits and withdraws. In the `DnGmxSeniorVault.sol` code there is both a [`depositCap`](https://github.com/RageTrade/delta-neutral-gmx-vau"
33,UXD Protocol,205,[NAZ-H1] Any Account That Has `PerpDepository.sol` Approved as Spender of `quoteToken` Can be Forced To Pay Shortfall,0xNazgul,High; Duplicate; Reward,Deposit,0xNazgul  high  # [NAZ-H1] Any Account That Has `PerpDepository.sol` Approved as Spender of `quoteToken` Can be Forced To Pay Shortfall  ## Summary Any account that has `PerpDepository.sol` approved as spender of `quoteToken` can be forced to pay shortfall.  ## Vulnerability Detail `rebalance()` is a function used to rebalance negative PNL by the amount in quote token. It takes an `account` parameter to which is used in the future after a spot swap is conducted to either pay the shortfall or rec
33,UXD Protocol,196,Anyone can call PerpDepository.rebalance(),peanuts,High; Duplicate; Reward,"Collateral, Deposit, Withdraw","peanuts  high  # Anyone can call PerpDepository.rebalance()  ## Summary  The protocol uses a delta neutral strategy to keep the collateral price in check. If the price of the collateral, eg ETH, falls, the protocol can rebalance its asset amount through a series of withdrawal and deposit because of the protocol's shorting strategy. However, anyone can call the rebalance function. A malicious user can call rebalance on an account many times to waste unnecessary fees.  ## Vulnerability Detail  Whe"
33,UXD Protocol,192,User specified slippage allows frontrunning,keccak123,High; Has Duplicates; Sponsor Confirmed; Reward,"Deposit, Sandwich","keccak123  high  # User specified slippage allows frontrunning  ## Summary  `rebalance` and `rebalanceLite` can be called by any user. Assets are taken from a user specified `account` address which has approved PerpDepository. If an address has a non-zero approval for PerpDepository, a frontrunner can use `rebalance` to transfer funds and profit by sandwiching the Uniswap pool swap.  ## Vulnerability Detail  When `mint` or `redeem` is called in UXDController, `msg.sender` is where the value is c"
33,UXD Protocol,179,Depository can pull USDC from arbitrary addresses upon rebalance,Zarf,High; Duplicate; Reward,"Deposit, Fund Loss",Zarf  high  # Depository can pull USDC from arbitrary addresses upon rebalance  ## Summary  `_rebalanceNegativePnlWithSwap` and `_rebalanceNegativePnlLite` in `PerpDepository` might pull USDC from arbitrary account as the `account` parameter is not validated.  ## Vulnerability Detail  `rebalance()` and `rebalanceLite()` are both external function which can perform PnL rebalancing in case the PnL is negative. Both function take an `account` parameter.   An attacker might perform a rebalance by en
33,UXD Protocol,168,User who rebalances perpDepository can gain excess tokens without taking any risks,koxuan,High; Duplicate; Reward,"Deposit, Withdraw, Reentrancy","koxuan  medium  # User who rebalances perpDepository can gain excess tokens without taking any risks  ## Summary `rebalance` in `perpDepository` allows user to rebalance PnL of perpDepository. In the `_rebalanceNegativePnlWithSwap`, if the spot swap is lesser than the quoteAmount from the `_placePerpOrder`, the user that called rebalance have to make up the shortfall amount from an account. If the spot swap is more than the quoteAmount, the user is rewarded with the excess tokens. The problem ar"
33,UXD Protocol,137,Rage trade senior vault may deny withdrawals when lending utilization is high,clems4ever,High; Duplicate; Reward,"Borrow Logic, Deposit, Withdraw","clems4ever  high  # Rage trade senior vault may deny withdrawals when lending utilization is high  ## Summary Under some conditions Rage trade senior vault may not allow withdrawal of funds, transitively leading users to be unable to redeem UXD.  ## Vulnerability Detail As can be seen in beforeWithdraw in Rage trade's senior vault:  ```solidity     function beforeWithdraw(         uint256 assets,         uint256,         address     ) internal override {         /// @dev withdrawal will fail if "
33,UXD Protocol,93,"Lack of input validation when rebalancing occurs, which leads to loss of fund in Perp protocol depository",ctf_sec,High; Duplicate; Reward,"Collateral, Deposit, Withdraw","ctf_sec  high  # Lack of input validation when rebalancing occurs, which leads to loss of fund in Perp protocol depository  ## Summary  Lack of input validation when rebalancing occurs, which leads to loss of fund in Perp protocol depository  ## Vulnerability Detail  The rebalance logic is crucial to make sure the UXD token is backed by delta-neural position.  In the current implementation, the positive rebalance is disabled, but if the PNL goes negative,   rebalance can be triggered. the functi"
33,UXD Protocol,91,Approval in PerpDeposit.sol can be exploited to cause loss of funds,carrot,High; Duplicate; Reward,"Deposit, Fund Loss, Vault","carrot  high  # Approval in PerpDeposit.sol can be exploited to cause loss of funds  ## Summary When rebalancing the delta-neutral position in `PerpDepository.sol`, the function `rebalance()`/`rebalanceLite()` takes the argument `address account` to debit or credit the shortfall/quote token. There is no check in place to verify the allowances of this account address for msg.sender, meaning anyone can use anyone else's account address and draw the shortfall cost from them as long as the victim ap"
33,UXD Protocol,90,Inaccurate PNL estimation in Perp protocol depository,ctf_sec,High; Duplicate; Reward,Deposit,"ctf_sec  medium  # Inaccurate PNL estimation in Perp protocol depository  ## Summary  15 seconds is too short for TWAP price query when calculating the PNL  ## Vulnerability Detail  In the current implementation in perp protocol integration,   there is a function getUnrealizedPnl(), which is used to determine the PNL of the protocol  ```solidity /// @notice The unrealized Pnl from the delta neutral position. /// @dev A positive value means the `redeemableUnderManagement` is larger than the delta"
33,UXD Protocol,89,15 seconds is too short for TWAP price query when calculating the PNL,ctf_sec,High; Duplicate; Reward,"Liquidation, Deposit","ctf_sec  medium  # 15 seconds is too short for TWAP price query when calculating the PNL  ## Summary  15 seconds is too short for TWAP price query when calculating the PNL  ## Vulnerability Detail  In the current implementation in perp protocol integration,   there is a function getUnrealizedPnl(), which is used to determine the PNL of the protocol  ```solidity /// @notice The unrealized Pnl from the delta neutral position. /// @dev A positive value means the `redeemableUnderManagement` is large"
33,UXD Protocol,82,withdrawInsurance can revert unexpectedly because of the free collateral utilization rate and the funding rate on Perp protocol,ctf_sec,High; Escalation Resolved; Reward,"Collateral, Deposit, Withdraw","ctf_sec  high  # withdrawInsurance can revert unexpectedly because of the free collateral utilization rate and the funding rate on Perp protocol  ## Summary  withdrawInsurance can revert unexpectedly because of the free collateral utilization rate and the funding rate on Perp protocol  ## Vulnerability Detail  In the current implementation of perpDepository, we have two functions:  depositInsurane and withdrawInsurance  ```solidity function depositInsurance(uint256 amount, addre"
33,UXD Protocol,80,Rebalance in PerpDepository don't have slippage protection,jonatascm,High; Duplicate; Reward,"Deposit, Sandwich, Reentrancy","jonatascm  medium  # Rebalance in PerpDepository don't have slippage protection  ## Summary  The `rebalance` function can be run by anyone, if the user calls this function with wrong `amountOutMinimum` value he could be susceptible to MEV extraction, losing all   ## Vulnerability Detail  A swap called with `amountOutMinimum: 0`, means that there is no slippage protection in this swap. This could result in a significant loss of yield from this reward as MEV bots could “sandwich” this swap by mani"
33,UXD Protocol,78,TwapInterval in getPositionValue is too small,cccz,High; Duplicate; Reward,"Deposit, Overflow","cccz  medium  # TwapInterval in getPositionValue is too small  ## Summary TwapInterval in getPositionValue is too small ## Vulnerability Detail When calling getMarkPriceTwap in getPositionValue, twapInterval is 15, which is 15 seconds. ```solidity     function getPositionValue() public view returns (uint256) {         uint256 markPrice = getMarkPriceTwap(15);         int256 positionSize = IAccountBalance(clearingHouse.getAccountBalance())             .getTakerPositionSize(address(this), market);"
33,UXD Protocol,77,"If a user approves USDC to PerpDepository, anyone can call rebalance and rebalanceLite",HollaDieWaldfee,High; Duplicate; Reward,Deposit,"HollaDieWaldfee  medium  # If a user approves USDC to PerpDepository, anyone can call rebalance and rebalanceLite  ## Summary The `PerpDepository.rebalance` and `PerpDepository.rebalanceLite` functions take an `account` parameter. This `account` parameter is used to transfer USDC from.  The issue is that when a user approves the `PerpDepository` to transfer USDC, anyone can call the functions and transfer USDC from this user.  One scenario that can occur is that a user approves an amount that is"
33,UXD Protocol,67,Deposit get stuck,csanuragjain,help wanted; High; Duplicate; Sponsor Confirmed; Reward,"Deposit, Withdraw","csanuragjain  high  # Deposit get stuck  ## Summary If at current moment pnl has reduced to negative then deposit of quote token is allowed. Now due to varying market condition, pnl rises to a positive value, still the quote amount cannot be withdrawn  ## Vulnerability Detail 1. Lets say current position has a negative Pnl 2. Deposit of quoteToken is made using the `deposit` function  ```solidity function deposit(         address asset,         uint256 amount     ) external only"
33,UXD Protocol,62,Rage trade depository redeem can revert in senior vault beforeWithdraw hook when the utilization rate is high,ctf_sec,High; Duplicate; Reward,"Borrow Logic, Deposit, Withdraw","ctf_sec  medium  # Rage trade depository redeem can revert in senior vault beforeWithdraw hook when the utilization rate is high  ## Summary  Rage trade depository redeem can revert in senior vault beforeWithdraw hook when the utilization is high  ## Vulnerability Detail  In the current implementation of the UXDController,   when user calls redeem, user calls:  ```solidity /// @notice Redeems a given amount of redeemable token. /// @param assetToken the token to receive by redeeming. /// @param "
33,UXD Protocol,53,`PerpDepository.rebalance()` can be abused to steal funds,Ruhum,High; Duplicate; Reward,"Collateral, Deposit, Withdraw",Ruhum  high  # `PerpDepository.rebalance()` can be abused to steal funds  ## Summary An attacker is able to call `PerpDepository.rebalance()` with calldata that allows the tx to be sandwiched with the possibility of someone else covering the shortfall. That will result in a loss of funds for anybody who has PerpDepository approved to spend their USDC as well as an economic incentive for sandwichers to incorporate this in their strategy.   ## Vulnerability Detail The `rebalance()` function is sup
33,UXD Protocol,37,PerpDepository: rebalance function is unusable with sqrtPriceLimitX96 parameter unequal 0 (slippage protection cannot be enabled),HollaDieWaldfee,High; Duplicate; Reward,Deposit,HollaDieWaldfee  medium  # PerpDepository: rebalance function is unusable with sqrtPriceLimitX96 parameter unequal 0 (slippage protection cannot be enabled)  ## Summary The `PerpDepository.rebalance` function internally calls `PerpDepository._rebalanceNegativePnlWithSwap`. The user can pass the `sqrtPriceLimitX96` parameter which should provide a way to protect against slippage.  However the `sqrtPriceLimitX96` parameter is unusable and cannot be set to a value unequal zero.  ## Vulnerability De
33,UXD Protocol,35,Risk free profit by exploiting negative PNL rebalancing,clems4ever,High; Duplicate; Reward,"Price Manipulation, Flash Loan, Deposit",clems4ever  high  # Risk free profit by exploiting negative PNL rebalancing  ## Summary  Anyone can call https://github.com/sherlock-audit/2023-01-uxd/blob/main/contracts/integrations/perp/PerpDepository.sol#L597 and provide both the amount and the receiver account. The hacker can perform the following actions to make a profit out of a negative PNL position in PerpDepository.  -> Open flash loan of a good amount of eth -> Inflate `quote` by swapping eth against quote token using UniswapV3 interf
33,UXD Protocol,20,amount equal to NegativePnl can be forced from any account that has approved tokens to PerpDepository.sol,kankodu,High; Duplicate; Reward,Deposit,kankodu  high  # amount equal to NegativePnl can be forced from any account that has approved tokens to PerpDepository.sol  ## Summary - Insufficient access check ## Vulnerability Detail - [rebalanceLite](https://github.com/sherlock-audit/2023-01-uxd/blob/main/contracts/integrations/perp/PerpDepository.sol#L597) and [rebalance](https://github.com/sherlock-audit/2023-01-uxd/blob/main/contracts/integrations/perp/PerpDepository.sol#L446) both [transferFrom](https://github.com/sherlock-audit/2023-01
33,UXD Protocol,17,Missing Slippage Protection in Perp Depository,zeroknots,High; Duplicate; Reward,"Price Manipulation, Deposit, Front-running",zeroknots  high  # Missing Slippage Protection in Perp Depository  ## Summary During the source code review it was possible to identify a vulnerability that would allow an attacker to negatively attack the Perp Clearinghouse interaction of the PerpDepository module by executing a price manipulation and sandwich attack.  A common DeFi protocol vulnerability that arises when a protocol lacks slippage protection is front running. Front running occurs when a malicious actor attempts to take advantag
13,Derby,411,"Deposit allows for stealing underlying tokens from TruefiProvider, IdleProvider, YearnProvider, BetaProvider, CompoundProvider and AaveProvider balances",hyh,High; Has Duplicates; Sponsor Confirmed; Will Fix; Escalation Resolved; Reward,"Deposit, Withdraw, Overflow","hyh  high  # Deposit allows for stealing underlying tokens from TruefiProvider, IdleProvider, YearnProvider, BetaProvider, CompoundProvider and AaveProvider balances  ## Summary  TruefiProvider, IdleProvider, YearnProvider deposit() accept both underlying and yield bearing tokens from user and allow for stealing all underlying tokens from contract balances whenever there is a real yield bearing token for it.  ## Vulnerability Detail  Consider the following, for TruefiProvider case:  Attacker nee"
13,Derby,397,savedTotalUnderlying may be unexpectedly reduced,atrixs,High; Duplicate; Reward,"Withdraw, Vault","atrixs  medium  # savedTotalUnderlying may be unexpectedly reduced  ## Summary The total underlying of the vault may be unexpectedly reduced ## Vulnerability Detail  Withdrawing the underlying protocol may not be successful when the vault is short of exiting the protocol, but the total underlying in the vault may unexpectedly decrease  ## Impact  if `amountToWithdraw < minimumPull`, It will jump out of the current loop. At this time, no bottom layer is extracted, but savedTotalUnderlying will be"
13,Derby,390,Anyone can execute certain functions that use cross chain messages and potentially cancel them with potential loss of funds.,c7e7eff,High; Has Duplicates; Sponsor Confirmed; Will Fix; Reward,"Access Control, Fund Loss, Vault",c7e7eff  high  # Anyone can execute certain functions that use cross chain messages and potentially cancel them with potential loss of funds.  c7e7eff High  ## Summary Certain functions that route messages cross chain on the `Game` and `MainVault` contract are unprotected (anyone can call them under the required state of the vaults). The way the cross chain messaging is implemented in the XProvider makes use of Connext's `xcall()` and sets the `msg.sender` as the `delegate` and `msg.value` as `r
13,Derby,375,`Vault::claimTokens` uniswap swaps can be abused,immeas,High; Duplicate; Reward,"Oracle, Sandwich, Fund Theft",immeas  medium  # `Vault::claimTokens` uniswap swaps can be abused  ## Summary `Vault::claimTokens` trades with uniswap at any price. This can be abused by others to do trades stealing value from vault stakers and game players.  ## Vulnerability Detail Uniswap quoter uses 0 as `sqrtPriceLimitX96` which lets `Vault` trade at any price: https://github.com/Uniswap/v3-periphery/blob/6cce88e63e176af1ddb6cc56e029110289622317/contracts/lens/Quoter.sol#L113  Since `Vault::claimTokens` is public and can 
13,Derby,363,Vault's savedTotalUnderlying tracks withdrawn funds incorrectly,hyh,High; Has Duplicates; Sponsor Confirmed; Will Fix; Escalation Resolved; Reward,"Deposit, Withdraw, Reentrancy","hyh  high  # Vault's savedTotalUnderlying tracks withdrawn funds incorrectly  ## Summary  Vault's pullFunds() updates total underlying funds outside Vault variable, `savedTotalUnderlying`, preliminary with the amount requested, not with the amount obtained.  ## Vulnerability Detail  pullFunds() reduces `savedTotalUnderlying` before calling for protocol withdrawal, with amount requested for withdrawal, not with amount that was actually withdrawn. Also, when `amountToWithdraw < minimumPull` the `m"
13,Derby,360,"Deposit and withdraw balance checks can be gamed by reentrancy in TruefiProvider, IdleProvider, YearnProvider, BetaProvider, CompoundProvider and AaveProvider",hyh,High; Duplicate; Sponsor Confirmed; Will Fix; Escalation Resolved; Reward,"Reentrancy, Deposit, Withdraw","hyh  high  # Deposit and withdraw balance checks can be gamed by reentrancy in TruefiProvider, IdleProvider, YearnProvider, BetaProvider, CompoundProvider and AaveProvider  ## Summary  All Providers use balance difference to determine the amount to return to a user, and call external token contract inbetween.  As this token contract is user supplied, while all withdraw and deposit functions allow for reentrancy, the precooked contract can perform multiple nested deposits (or withdrawal"
13,Derby,359,Any tokens can be stolen via withdraw from YearnProvider and AaveProvider balances,hyh,High; Duplicate; Escalation Resolved; Reward,"Withdraw, Overflow, Vault","hyh  high  # Any tokens can be stolen via withdraw from YearnProvider and AaveProvider balances  ## Summary  In both cases the amount to be returned to a user is determined by responses of another user-supplied contract.  ## Vulnerability Detail  Attacker calling YearnProvider and AaveProvider withdraw() can supply real `_uToken` and precooked `_yToken` / `_aToken` that will report the numbers needed to fully extract `_uToken` balance of the Provider. `_uToken` can be any, there look"
13,Derby,355,YearnProvider freezes yearn tokens on partial withdrawal,hyh,High; Has Duplicates; Sponsor Confirmed; Will Fix; Reward,"Withdraw, Overflow, Vault","hyh  high  # YearnProvider freezes yearn tokens on partial withdrawal  ## Summary  YearnProvider's withdraw() doesn't account for partial withdrawal situation, which isn't rare, so the unused part of user shares end up being stuck on the contract balance as there is no mechanics to retrieve them thereafter.  ## Vulnerability Detail  Full amount of the shares user requested to be burned is transferred to YearnProvider, but only part of it can be utilized by Yearn withdrawal.  Liquidity shortage ("
13,Derby,354,MainVault.withdrawRewards and Vault.claimTokens make an UniV3 swap without slippage protection,tives,High; Duplicate; Reward,"Oracle, Price Manipulation, Flash Loan","tives  high  # MainVault.withdrawRewards and Vault.claimTokens make an UniV3 swap without slippage protection  ## Summary  `MainVault.withdrawRewards` and `Vault.claimTokens` make an UniV3 swap without slippage protection  ## Vulnerability Detail  Both `Vault.claimTokens` and `MainVault.withdrawRewards` call `Swap.swapTokensMulti`. This function gets the `amountOutMinimum` quote from UniV3 via `IQuoter` as `amountOutMinimum`.  ```solidity uint256 amountOutMinimum = IQuoter(_uniswa"
13,Derby,334,Wrong type casting leads to unsigned integer underflow exception when current price is < last price,gogo,High; Sponsor Confirmed; Will Fix; Escalation Resolved; Reward,"Underflow, Vault","gogo  high  # Wrong type casting leads to unsigned integer underflow exception when current price is < last price  ## Summary  When the current price of a locked token is lower than the last price, the Vault.storePriceAndRewards will revert because of the wrong integer casting.  ## Vulnerability Detail  The following line appears in Vault.storePriceAndRewards:  ```solidity int256 priceDiff = int256(currentPrice - lastPrices[_protocolId]); ``` https://github.com/sherlock-audit/2023-01-derby/blob/"
13,Derby,332,Lack of slippage control,Nyx,High; Duplicate; Reward,"Withdraw, Fund Loss, Vault","Nyx  high  # Lack of slippage control  ## Summary In the current implementation, no slippage control exists when users use withdrawRewards() function. ## Vulnerability Detail When using withdrawRewards() function. If swapRewards is true. It swaps vault currency to derby tokens and transfers to msg.sender. But there is no slippage control. The withdraw amount can be less than expected, and users can lose funds. ## Impact When Users withdrawing rewards, they can suffer a huge loss of fu"
13,Derby,329,Incorrect underlying balance calculation disrupts accounting of funds deposited to Compound,Jeiwan,High; Duplicate; Reward,"Exchange Rate, Interest Rate, Borrow Logic","Jeiwan  high  # Incorrect underlying balance calculation disrupts accounting of funds deposited to Compound  ## Summary `CompoundProvider.balanceUnderlying` incorrectly computes decimals of the underlying token balance resulting in amounts that are 100 times bigger than real ones. Accounting of funds deposited to Compound will be disrupted, as a result. ## Vulnerability Detail The Derby protocol allows users to deposit funds to third-party protocols to earn passive yield. One of such protocols i"
13,Derby,322,Rebalancing can stuck due to the inability to increase slippage and relayer fee,Jeiwan,High; Duplicate; Reward,Vault,"Jeiwan  medium  # Rebalancing can stuck due to the inability to increase slippage and relayer fee  ## Summary `XProvider` doesn't implement a function to bump the relayer fee and a function to bump the slippage in token transfers. In case a cross-chain messages gets stuck in Connext due to a low relayer fee or a high slippage, vaults rebalancing can be blocked indefinitely. A malicious actor can exploit this vulnerability to intentionally trigger sending of a cross-chain message with a low relay"
13,Derby,315,Gamers and depositors lose rewards in Idle and Beta protocols,Jeiwan,High; Duplicate; Reward,"Exchange Rate, Deposit, Vault","Jeiwan  high  # Gamers and depositors lose rewards in Idle and Beta protocols  ## Summary Idle and Beta protocols distribute rewards (in IDLE + COMP and BETA tokens, respectively) to depositors of their vaults. However, while Derby integrates with Idle and Beta, it doesn't claim rewards from these protocols. As a result, gamers and depositors will lose rewards if gamers decide to allocate funds to Idle or Beta vaults. ## Vulnerability Detail The Derby protocol integrates with third-party protoco"
13,Derby,310,"On-chain slippage calculation can be manipulated, causing stealing of rewards in sandwich attacks",Jeiwan,High; Duplicate; Reward,"Price Manipulation, Deposit, Sandwich","Jeiwan  high  # On-chain slippage calculation can be manipulated, causing stealing of rewards in sandwich attacks  ## Summary The slippage tolerance calculation in `Swap.swapTokensMulti` can be manipulated and the price at which reward tokens are sold for the vault's underlying token can be maliciously decreased to benefit the attacker. As a result, depositors may receive less funds than expected. ## Vulnerability Detail The protocol integrates with third-party vaults (e.g. Aave, Compou"
13,Derby,309,"Cross-chain message authentication can be bypassed, allowing an attacker to disrupt the state of vaults",Jeiwan,High; Sponsor Confirmed; Will Fix; Escalation Resolved; Reward,"Exchange Rate, Deposit, Underflow","Jeiwan  high  # Cross-chain message authentication can be bypassed, allowing an attacker to disrupt the state of vaults  ## Summary A malicious actor may send a cross-chain message to an `XProvider` contract and bypass the `onlySource` authentication check. As a result, they'll be able to call any function in the `XProvider` contract that has the `onlySource` modifier and disrupt the state of `XChainController` and all vaults. ## Vulnerability Detail The protocol integrates with Connext"
13,Derby,290,Not all providers claim the rewards,HonorLt,High; Has Duplicates; Sponsor Confirmed; Will Fix; Escalation Resolved; Reward,Other,"HonorLt  medium  # Not all providers claim the rewards  ## Summary  Providers wrongly assume that the protocols will no longer incentivize users with extra rewards.  ## Vulnerability Detail  Among the current providers only the `CompoundProvider` claims the `COMP` incentives, others leave the claim function empty:   ```solidity     function claim(address _aToken, address _claimer) public override returns (bool) {}   ```  While many of the protocols currently do not offer extra incentives, it is "
13,Derby,256,Possible loss of fund in YearnProvider,spyrosonic10,High; Duplicate; Escalation Resolved; Reward,"Collateral, Withdraw, Overflow","spyrosonic10  high  # Possible loss of fund in YearnProvider  ## Summary There may be scenarios in Yearn where they don't have enough collateral to satisfy withdraw request and this will result in withdrawing less amount than requested amount i.e. partial withdraw.  ## Vulnerability Detail Yearn deploy its capital/collateral to other protocols and there may be scenarios when Yearn is not able to withdraw requested amount from other protocols collectively. In this scenario, Yearn will calculate `"
13,Derby,254,State update is not handled properly during rebalance,spyrosonic10,High; Duplicate; Reward,"Collateral, Deposit, Withdraw",spyrosonic10  high  # State update is not handled properly during rebalance  ## Summary During rebalance process there may be scenarios which will results into inconsistent state.  ## Vulnerability Detail During the process of vault rebalance vault will withdraw amount from protocol if needed.  Inside `pullFunds()` function vault is updating state `savedTotalUnderlying -= amountToWithdraw;` before calling `withdrawFromProtocol()` this will lead to inconsistency in 2 scenarios - If protocol issue
13,Derby,243,Yield markets secondary reward part of token yield is lost,hyh,High; Duplicate; Reward,"Interest Rate, Deposit, Withdraw","hyh  high  # Yield markets secondary reward part of token yield is lost  ## Summary  Lending pools and interest rate markets are used to running LP reward programs for liquidity providers. These programs can add various tokens to enhance the regular yield.  Currently such tokens either will remain unclaimed or be stuck permanently on Vault balance.  ## Vulnerability Detail  Now only one token can be added for additional reward yield, the protocol government token in Controller.  However, it can "
13,Derby,238,Vault can lose rewards due to lack of precision,hyh,High; Has Duplicates; Sponsor Confirmed; Will Fix; Escalation Resolved; Reward,"Exchange Rate, Precision, Vault","hyh  medium  # Vault can lose rewards due to lack of precision  ## Summary  Vault's storePriceAndRewards() can accrue no rewards as precision can be lost when price() has low decimals.  For example, price() has 6 decimals for Idle USDC and USDT strategies.  ## Vulnerability Detail  Suppose storePriceAndRewards() is called for Idle USDC protocol, this USDC Vault is relatively new and `Totalunderlying = TotalUnderlyingInProtocols - BalanceVault = USD 30k`, performance fee is `5%` and it's `1 mln` "
13,Derby,225,IdleProvider's balanceUnderlying and calcShares outputs are misscaled by up to 10^12,hyh,High; Sponsor Confirmed; Will Fix; Escalation Resolved; Reward,"Exchange Rate, Deposit, Withdraw","hyh  high  # IdleProvider's balanceUnderlying and calcShares outputs are misscaled by up to 10^12  ## Summary  balanceUnderlying() returns values scaled with Idle LP token decimals instead of the underlying decimals.  calcShares() returns values scaled with underlying decimals instead of the LP token decimals.  ## Vulnerability Detail  Core reason is exchangeRate() output is similarly and incorrectly processed in both functions. This results in wrong decimals of the both return val"
13,Derby,202,CompoundProvider's balanceUnderlying and calcShares outputs are scaled incorrectly,hyh,High; Has Duplicates; Sponsor Confirmed; Will Fix; Escalation Resolved; Reward,"Exchange Rate, Deposit, Withdraw","hyh  high  # CompoundProvider's balanceUnderlying and calcShares outputs are scaled incorrectly  ## Summary  balanceUnderlying() returns values scaled with CToken decimals instead of the underlying decimals.  calcShares() also incorrectly scales its output, which have underlying decimals instead of the CToken decimals.  ## Vulnerability Detail  Underlying reason is exchangeRate() output is similarly and incorrectly processed in both functions. This results in wrong decimals of the both return va"
13,Derby,196,Precision loss in the state variable `savedTotalUnderlying`,Ch_301,High; Duplicate; Reward,"Withdraw, Precision, Vault",Ch_301  medium  # Precision loss in the state variable `savedTotalUnderlying`  ## Summary  ## Vulnerability Detail On [pullFunds()](https://github.com/sherlock-audit/2023-01-derby/blob/main/derby-yield-optimiser/contracts/Vault.sol#L111-L127) If this condition is `false` ```solidity uint256 amountToWithdraw = shortage > balanceProtocol ? balanceProtocol : shortage; ``` the `amountToWithdraw` get the value of `shortage` the **shortage** is how much the `vault` still need to achieve all the requir
13,Derby,165,Sandwich attack to exchange rate,Bauer,High; Duplicate; Reward,"Exchange Rate, Deposit, Withdraw","Bauer  high  # Sandwich attack to exchange rate  ## Summary The exchangeRate is calculated and stored during rebalancing which is triggered once per two weeks by a keeper or the DAO. A malicious user can launch a sandwich attack and profit.   ## Vulnerability Detail  Let's show how a malicious user, Bob can launch a sandwich attack to exchange rate and profit.  1.Assume currently the exchange rate is 1/1 share and  Bob has 0 shares.  2.Assume a keeper or the DAO try to  trigger t"
13,Derby,158,Reward part of yield is permanently frozen for Providers other than Compound,hyh,High; Duplicate; Reward,"Deposit, Withdraw, Reentrancy","hyh  high  # Reward part of yield is permanently frozen for Providers other than Compound  ## Summary  There is a reward part of deposit yield in the most of Derby supported external DeFi protocols.  However, only CompoundProvider has claim() function implemented, for all others it's void, returning false this way, so even if reward tokens were sent out automatically they will not be converted to vault currency and this part of rewards end up permanently frozen on Vault balance.  ## Vulnerabilit"
13,Derby,157,Vault rewards withdrawal swapping is subject to sandwich attack,hyh,High; Duplicate; Sponsor Confirmed; Will Fix; Reward,"Withdraw, Sandwich, Reentrancy","hyh  medium  # Vault rewards withdrawal swapping is subject to sandwich attack  ## Summary  withdrawRewards() calls Swap.swapTokensMulti(), that utilizes `quoteExactInput` for minimum accepted output estimation to be used with `router.exactInput` calls. This setup allows for sandwich attacks, where pool is being skewed before such swap call and returned back thereafter.  ## Vulnerability Detail  This is possible as both quoting and swapping depend on the state of the pool and can be "
13,Derby,136,Malicious user can trigger XProvider calls with small or 0 relayerFee in order to make txs stuck waiting while someone will execute them,rvierdiiev,High; Duplicate; Reward,Other,rvierdiiev  high  # Malicious user can trigger XProvider calls with small or 0 relayerFee in order to make txs stuck waiting while someone will execute them  ## Summary Malicious user can trigger XProvider calls with small or 0 relayerFee in order to make txs stuck waiting while someone will execute them. ## Vulnerability Detail `XProvider.xSend` creates and sends message [through the connext](https://github.com/sherlock-audit/2023-01-derby/blob/main/derby-yield-optimiser/contracts/XProvider.sol
13,Derby,132,Vault's withdrawFromProtocol incorrectly scales amount to be withdrawn,hyh,High; Sponsor Confirmed; Will Fix; Escalation Resolved; Reward,"Deposit, Withdraw, Vault","hyh  high  # Vault's withdrawFromProtocol incorrectly scales amount to be withdrawn  ## Summary  withdrawFromProtocol() converts its `_amount` argument from `vaultCurrency` into `LP Token` decimals and use the resulting amount in a Provider calcShares() call, while all Providers expect input amount for calcShares() to have underlying token decimals.  ## Vulnerability Detail  Suppose `vaultCurrency` and Provider's underlying currency is USDC, Provider is CompoundProvider (`compound_us"
13,Derby,98,Attacker can prevent the system from entering step 5 during the rebalancing period,nobody2018,High; Has Duplicates; Sponsor Confirmed; Will Fix; Escalation Resolved; Reward,"Deposit, Withdraw, Vault","nobody2018  high  # Attacker can prevent the system from entering step 5 during the rebalancing period  ## Summary  When the system is **in step 3 of the rebalancing period**, anyone can push amount to the specified vault on the specified chain by calling [[XChainController.pushVaultAmounts](https://github.com/sherlock-audit/2023-01-derby/blob/main/derby-yield-optimiser/contracts/XChainController.sol#L295-L324)]. Without checking whether it has been sent, attacker only needs to call this"
13,Derby,91,Vault.pullFunds decreases `savedTotalUnderlying` param incorrectly sometimes,rvierdiiev,High; Duplicate; Reward,"Interest Rate, Withdraw, Underflow",rvierdiiev  high  # Vault.pullFunds decreases `savedTotalUnderlying` param incorrectly sometimes  ## Summary Vault.pullFunds decreases `savedTotalUnderlying` param incorrectly in case when `amountToWithdraw` was not received from 1 provider. Because of that underlying amount of vault is calculated incorrectly and rebalancing is not accurate. ## Vulnerability Detail `Vault.pullFunds` function is designed to make balance of Vault in vaultCurrency to be equal to `_value` param. To do that function 
13,Derby,64,Vault executes swaps without slippage protection,Ruhum,High; Has Duplicates; Sponsor Confirmed; Will Fix; Reward,"Withdraw, Sandwich, Fund Loss","Ruhum  high  # Vault executes swaps without slippage protection  ## Summary The vault executes swaps without slippage protection. That will cause a loss of funds because of sandwich attacks.  ## Vulnerability Detail Both in `Vault.claimTokens()` and `MainVault.withdrawRewards()` swaps are executed through the Swaps library. It calculates the slippage parameters itself which doesn't work. Slippage calculations (min out) have to be calculated *outside* of the swap transaction. Otherwise, it uses t"
13,Derby,53,Swaps have no slippage protection.,Met,High; Duplicate; Escalation Resolved; Reward,"Withdraw, Sandwich, Vault","Met  medium  # Swaps have no slippage protection.  ## Summary Uniswap swaps offer no slippage protection and can be frontrun / sandwiched. ## Vulnerability Detail swapTokensMulti in libraries/Swap.sol uses the uniswap quoter in an apparent attempt to get a correct price for slippage protection, but this method actually does nothing of that sort and, by uniswap documentation, should not be used in a contract at all. https://docs.uniswap.org/contracts/v3/reference/periphery/lens/Quoter "
13,Derby,51,``pullFunds()`` might give the wrong account for ``savedTotalUnderlying``.,chaduke,High; Duplicate; Reward,"Withdraw, Vault, Share Manipulation","chaduke  high  # ``pullFunds()`` might give the wrong account for ``savedTotalUnderlying``.  ## Summary The ``pullFunds()`` function might give the wrong account for ``savedTotalUnderlying``.  The problem is when the amount to withdraw from an underlying protocol is small (``amountToWithdraw < minimumPull``), that protocol is skipped, and no withdrawal will be made; however, this amount is still deducted from ``savedTotalUnderlying``.  Another source of error is that ``withdrawFromProtocol(i, am"
13,Derby,48,withdrawRewards vulnerable to sandwich attacks,cergyk,High; Duplicate; Sponsor Confirmed; Will Fix; Reward,"Withdraw, Sandwich, Fund Theft","cergyk  high  # withdrawRewards vulnerable to sandwich attacks  ## Summary Anybody can call `withdrawRewards` on MainVault to claim rewards for a protocol, but by doing so some amount of reward tokens are swapped in uniswap. A malicious user can manipulate the price to steal rewards.  ## Vulnerability Detail  as we see in : https://github.com/sherlock-audit/2023-01-derby/blob/main/derby-yield-optimiser/contracts/MainVault.sol#L208-L231  the amount out is determined using the quote "
13,Derby,31,pushVaultAmounts can be called multiple times if in the right state,cergyk,High; Duplicate; Sponsor Confirmed; Will Fix; Reward,Vault,"cergyk  high  # pushVaultAmounts can be called multiple times if in the right state  ## Summary In `XChainController`, `pushVaultAmounts` can be called multiple times on same vault,  calling `sendXChainAmount` and sending funds cross chain multiple times and breaking protocol accounting.     ## Vulnerability Detail In `XChainController`, pushVaultAmounts: https://github.com/sherlock-audit/2023-01-derby/blob/main/derby-yield-optimiser/contracts/XChainController.sol#L295-L324  can be"
13,Derby,29,Rounding error in storePriceAndRewards leads to loss of rewards,cergyk,High; Duplicate; Sponsor Disputed; Escalation Resolved; Reward,"Exchange Rate, Rounding, Precision","cergyk  high  # Rounding error in storePriceAndRewards leads to loss of rewards  ## Summary In Vault.sol: when calling `storePriceAndRewards`, the difference of exchange rate for LP tokens to underlying is used to determine the rewards to accrue (for example the difference exchange rate from cUSDC to USDC). However if the difference is small, and underlying tokens have low decimals (such as USDC with 6 decimals) the rounding error can round rewards to zero.   ## Vulnerability Detail A"
13,Derby,25,claimTokens function can be sandwiched to steal rewards,cergyk,High; Duplicate; Reward,"Flash Loan, Withdraw, Sandwich","cergyk  high  # claimTokens function can be sandwiched to steal rewards  ## Summary Anybody can call `claimTokens` or `withdrawRewards` on a Vault to claim governance tokens for compound for example, but by doing so some amount of tokens are swapped in uniswap. A malicious user can manipulate the price to steal rewards.  ## Vulnerability Detail  as we see in : https://github.com/sherlock-audit/2023-01-derby/blob/main/derby-yield-optimiser/contracts/Vault.sol#L404-L419  and as well "
13,Derby,13,Underlying protocol additional tokens can be stolen by sandwich attack,Bobface,High; Duplicate; Reward,"Oracle, Sandwich, Fund Theft","Bobface  high  # Underlying protocol additional tokens can be stolen by sandwich attack  ## Summary [`Vault.claimTokens`](https://github.com/sherlock-audit/2023-01-derby/blob/main/derby-yield-optimiser/contracts/Vault.sol#L404) collects additional tokens paid out by the underlying protocols and swaps them to the vault token. The contract does not check for the pool to be manipulated, allowing for the swap to be sandwiched and thus the tokens to be stolen.  *Note that I submitted a similar issue "
13,Derby,12,Reward token payouts can be sandwiched and user rewards stolen,Bobface,High; Duplicate; Reward,"Oracle, Withdraw, Sandwich","Bobface  high  # Reward token payouts can be sandwiched and user rewards stolen  ## Summary [`MainVault.withdrawRewards`](https://github.com/sherlock-audit/2023-01-derby/blob/main/derby-yield-optimiser/contracts/MainVault.sol#L208) can swap user rewards to the DAO token before paying them to the user. The contract does not check for the pool to be manipulated, allowing for the swap to be sandwiched and thus the user rewards to be stolen.  ## Vulnerability Detail When a user withdraws h"
13,Derby,5,Attacker uses flashloan for arbitrage resulting in user interest loss,nobody2018,High; Duplicate; Reward,"Interest Rate, Borrow Logic, Vault","nobody2018  high  # Attacker uses flashloan for arbitrage resulting in user interest loss  ## Summary There is a function [claimTokens](https://github.com/sherlock-audit/2023-01-derby/blob/main/derby-yield-optimiser/contracts/Vault.sol#L404-419) in Vault.sol. It harvests govToken from underlying protocols and swaps govToken with vaultCurrency from dex. The govToken of underlying protocol usually has multiple pairs in dex, which provides arbitrage opportunities for attacker. ## Vulnerability Deta"
8,Astaria,259,`LIEN_TOKEN.ownerOf(i)` should be `LIEN_TOKEN.ownerOf(liensRemaining[i])`,__141345__,High; Has Duplicates; Sponsor Confirmed; Will Fix,Vault,"__141345__  high  # `LIEN_TOKEN.ownerOf(i)` should be `LIEN_TOKEN.ownerOf(liensRemaining[i])`  ## Summary  In `endAuction()`, the check for public vault owner is referred to the wrong lien token id. And the actual vault lien amount is not properly recorded.    ## Vulnerability Detail  The lien token id should be queried is `liensRemaining[i]` instead of `i`.   ## Impact  `YIntercept` will not be correctly recorded. The accounting for LienToken amounts will be wrong. Hence the `totalAssets` on bo"
8,Astaria,233,_deleteLienPosition can be called by anyone to delete any lien they wish,TurnipBoy,High; Has Duplicates; Sponsor Confirmed; Will Fix,"Collateral, Withdraw","TurnipBoy  high  # _deleteLienPosition can be called by anyone to delete any lien they wish  ## Summary  `_deleteLienPosition` is a public function that doesn't check the caller. This allows anyone to call it an remove whatever lien they wish from whatever collateral they wish  ## Vulnerability Detail      function _deleteLienPosition(uint256 collateralId, uint256 position) public {       uint256[] storage stack = liens[collateralId];       require(position < stack.length, ""index out of bounds"")"
8,Astaria,223,`AuctionHouse.createBid()` doesn't handle incoming payments properly.,hansfriese,High; Has Duplicates; Sponsor Disputed,Vault,hansfriese  high  # `AuctionHouse.createBid()` doesn't handle incoming payments properly.  ## Summary `AuctionHouse.createBid()` doesn't handle incoming payments properly.  ## Vulnerability Detail `AuctionHouse.createBid()` is used to receive bids from users and it refunds the last bidder when there is a new bidder with a higher bid amount.  But it doesn't handle the incoming payment for the new bidder [here](https://github.com/sherlock-audit/2022-10-astaria/blob/main/lib/astaria-gpl/src/Auction
8,Astaria,204,`commitToLiens` always reverts,0xRajeev,High; Has Duplicates; Sponsor Confirmed; Will Fix,"Borrow Logic, Collateral, Deposit",0xRajeev  high  # `commitToLiens` always reverts  ## Summary  The function `commitToLiens()` always reverts at the call to `_returnCollateral()` which prevents borrowers from depositing collateral and requesting loans in the protocol.  ## Vulnerability Detail  The collateral token with `collateralId` is already minted directly to the caller (i.e. borrower) in `commitToLiens()` at the call to `_transferAndDepositAsset()` function. That's because while executing `_transferAndDepositAsset` the NFT 
8,Astaria,202,Canceling an auction does not refund the current highest bidder,0xRajeev,High; Has Duplicates; Will Fix; Sherlock Confirmed,"Borrow Logic, Collateral, Front-running","0xRajeev  high  # Canceling an auction does not refund the current highest bidder  ## Summary  If the collateral token owner cancels the active auction and repays outstanding debt, the current highest bidder will not be refunded and loses their funds.  ## Vulnerability Detail  The `AuctionHouse.createBid()` function refunds the previous bidder if there is one. The same logic would also be necessary in the `AuctionHouse.cancelAuction()` function but is missing.  ## Impact If the collateral token "
8,Astaria,199,Canceling an auction with 0 bids will only partially pay back the outstanding debt,0xRajeev,High; Has Duplicates; Will Fix; Sherlock Confirmed,"Liquidation, Borrow Logic, Collateral","0xRajeev  high  # Canceling an auction with 0 bids will only partially pay back the outstanding debt  ## Summary  Canceling an auction with 0 bids only partially pays back the outstanding debt without removing outstanding liens resulting in the collateralized NFT being locked forever.  ## Vulnerability Detail  Given this scenario of an auction with 0 bids and, for example, a `reservePrice` of 10 ETH and `initiatorFee` set to 10 (= 10%), with the following sequence executed:  1. The auction gets "
8,Astaria,197,Public vaults can become insolvent because of missing `yIntercept` update,0xRajeev,High; Has Duplicates; Sponsor Confirmed; Will Fix,"Liquidation, Deposit, Withdraw","0xRajeev  high  # Public vaults can become insolvent because of missing `yIntercept` update  ## Summary  The deduction of `yIntercept` during payments is missing in `beforePayment()` which can lead to vault insolvency.  ## Vulnerability Detail  `yIntercept` is declared as ""sum of all LienToken amounts"" and documented elsewhere as ""yIntercept (virtual assets) of a PublicVault"". It is used to calculate the total assets of a public vault as: `slope.mulDivDown(delta_t, 1) + yIntercept`.  It is expec"
8,Astaria,196,`LienToken.buyoutLien` will always revert,0xRajeev,High; Has Duplicates; Sponsor Confirmed; Will Fix,"Interest Rate, Borrow Logic","0xRajeev  high  # `LienToken.buyoutLien` will always revert  ## Summary  `buyoutLien()` will always revert, preventing the borrower from refinancing.  ## Vulnerability Detail  `buyoutFeeDenominator` is `0` without a setter which will cause `getBuyoutFee()` to revert in the `buyoutLien()` flow.   ## Impact  Refinancing is a crucial feature of the protocol to allow a borrower to refinance their loan if a certain minimum improvement of interest rate or duration is offered. The reverting `buyoutLien"
8,Astaria,193,Purchaser of a lien token may not receive payments,0xRajeev,High; Has Duplicates; Sponsor Confirmed; Will Fix,Other,"0xRajeev  high  # Purchaser of a lien token may not receive payments  ## Summary  A purchaser who buys out an existing lien via `buyoutLien()` will not receive future payments made to that lien holder if the seller had changed the lien payee via `setPayee()` and if they do not change it themselves after buying.  ## Vulnerability Detail  `buyoutLien()` does not reset `lienData[lienId].payee` to either 0 or to the new owner. While the ownership is transferred, the payments made in `_payment()` get"
8,Astaria,190,A payment made towards multiple liens causes the borrower to lose funds to the payee,0xRajeev,High; Has Duplicates; Sponsor Confirmed; Will Fix,"Borrow Logic, Collateral","0xRajeev  high  # A payment made towards multiple liens causes the borrower to lose funds to the payee  ## Summary  A payment made towards multiple liens is entirely consumed for the first one causing the borrower to lose funds to the payee.  ## Vulnerability Detail  A borrower can make a bulk payment against multiple liens for a collateral hoping to pay more than one at a time using `makePayment (uint256 collateralId, uint256 paymentAmount)` where the underlying `_makePayment()` loops over the "
8,Astaria,188,`LiquidationAccountant.claim()` can be called by anyone causing vault insolvency,0xRajeev,High; Has Duplicates; Will Fix; Sherlock Confirmed,"Liquidation, Withdraw, Access Control","0xRajeev  high  # `LiquidationAccountant.claim()` can be called by anyone causing vault insolvency  ## Summary  `LiquidationAccountant.claim()` can be called by anyone to reduce the implied value of a public vault.  ## Vulnerability Detail  `LiquidationAccountant.claim()` is called by the `PublicVault` as part of the `processEpoch()` flow. But it has no access control and can be called by anyone and any number of times. If called after `finalAuctionEnd`, one will be able to trigger `decreaseYInt"
8,Astaria,182,`VaultImplementation._validateCommitment` may prevent liens that satisfy their terms of `maxPotentialDebt`,0xRajeev,High; Has Duplicates; Will Fix; Sherlock Confirmed,"Interest Rate, Borrow Logic, Collateral",0xRajeev  high  # `VaultImplementation._validateCommitment` may prevent liens that satisfy their terms of `maxPotentialDebt`  ## Summary  The calculation of `potentialDebt` in `VaultImplementation._validateCommitment()` is incorrect and will cause a DoS to legitimate borrowers.  ## Vulnerability Detail  The calculation of potentialDebt in `VaultImplementation._validateCommitment()` is incorrect because it computes `uint256 potentialDebt = seniorDebt * (ld.rate + 1) * ld.duration;` which incorrec
8,Astaria,179,Auction bid that partially pays back an expired lien will revert,0xRajeev,High; Has Duplicates; Will Fix; Sherlock Confirmed,"Liquidation, DoS, Fund Loss","0xRajeev  high  # Auction bid that partially pays back an expired lien will revert  ## Summary  Auction bids will revert for a bid amount that does not fully pay back an expired lien.  ## Vulnerability Detail  The value of `lien.last` is updated to `block.timestamp` in several parts of the code, even for expired liens. Payments made as part of liquidations will set `lien.last` to `block.timestamp` > `lien.start + lien.duration` causing a revert in the flow shown below at step 3 when it is subtra"
8,Astaria,176,Anyone can deposit and mint withdrawal proxy shares to capture distributed yield from borrower interests,0xRajeev,High; Has Duplicates; Sponsor Confirmed; Will Fix,"Liquidation, Interest Rate, Borrow Logic","0xRajeev  high  # Anyone can deposit and mint withdrawal proxy shares to capture distributed yield from borrower interests  ## Summary  Anyone can deposit and mint Withdrawal proxy shares by directly interacting with the base `ERC4626Cloned` contract's functions, allowing them to capture distributed yield from borrower interests.  ## Vulnerability Detail  The `WithdrawProxy` contract extends the `ERC4626Cloned` vault contract implementation. The `ERC4626Cloned` contract has the functionality to "
8,Astaria,163,Lack of access control in PublicVault.sol#transferWithdrawReserve let user call transferWithdrawReserve() multiple times to modify withdrawReserve,ctf_sec,High; Has Duplicates; Sponsor Confirmed; Will Fix,"Withdraw, Access Control, Vault",ctf_sec  high  # Lack of access control in PublicVault.sol#transferWithdrawReserve let user call transferWithdrawReserve() multiple times to modify withdrawReserve  ## Summary  Lack of access control in PublicVault.sol#transferWithdrawReserve let user call transferWithdrawReserve() multiple times to modify withdrawReserve  ## Vulnerability Detail  The function PublicVault.sol#transferWithdrawReserve() is meants to transfers funds from the PublicVault to the WithdrawProxy.  https://github.com/she
8,Astaria,88,Possible to fully block PublicVault.processEpoch function. No one will be able to receive their funds,rvierdiiev,High; Has Duplicates; Sponsor Confirmed; Will Fix,"Liquidation, Collateral, Deposit",rvierdiiev  high  # Possible to fully block PublicVault.processEpoch function. No one will be able to receive their funds  ## Summary Possible to fully block `PublicVault.processEpoch` function. No one will be able to receive their funds ## Vulnerability Detail When liquidity providers want to redeem their share from `PublicVault` they call `redeemFutureEpoch` function which will create new `WithdrawProxy` for the epoch(if not created already) and then mint shares for redeemer in `WithdrawProxy`
8,Astaria,69,Any public vault without a delegate can be drained,obront,High; Has Duplicates; Will Fix; Sherlock Confirmed,"Borrow Logic, Collateral, Fund Drain","obront  high  # Any public vault without a delegate can be drained  ## Summary  If a public vault is created without a delegate, delegate will have the value of `address(0)`. This is also the value returned by `ecrecover` for invalid signatures (for example, if v is set to a position number that is not 27 or 28), which allows a malicious actor to cause the signature validation to pass for arbitrary parameters, allowing them to drain a vault using a worthless NFT as collateral.  ## Vulnerability "
8,Astaria,21,isValidRefinance will approve invalid refinances and reject valid refinances due to buggy math,obront,High; Has Duplicates; Will Fix; Sherlock Confirmed,Interest Rate,"obront  high  # isValidRefinance will approve invalid refinances and reject valid refinances due to buggy math  ## Summary  The math in `isValidRefinance()` checks whether the rate increased rather than decreased, resulting in invalid refinances being approved and valid refinances being rejected.  ## Vulnerability Detail  When trying to buy out a lien from `LienToken.sol:buyoutLien()`, the function calls `AstariaRouter.sol:isValidRefinance()` to check whether the refi terms are valid.  ```solidi"
4,Knox Finance,106,Underflow in ```_previewWithdraw``` could prevent withdrawals,dipp,High; Has Duplicates; Sponsor Confirmed; Will Fix,"Withdraw, Underflow","dipp  high  # Underflow in ```_previewWithdraw``` could prevent withdrawals  ## Summary  An underflow in the ```_previewWithdraw``` function in ```AuctionInternal.sol``` due to totalContractsSold exceeding auction.totalContracts could prevent users from withdrawing options.  ## Vulnerability Detail  The ```_previewWithdraw``` function returns the fill and refund amounts for a buyer by looping over all orders. A totalContractsSold variable is used to track the amount of contracts sold"
4,Knox Finance,102,[NAZ-M6] Unbounded loop in `_previewWithdraw() && _redeemMax()` Can Lead To DoS,0xNazgul,High; Has Duplicates; Sponsor Confirmed,"Withdraw, DoS","0xNazgul  medium  # [NAZ-M6] Unbounded loop in `_previewWithdraw() && _redeemMax()` Can Lead To DoS  ## Summary There are some unbounded loops that can lead to DoS.  ## Vulnerability Detail The loop inside of `_previewWithdraw()` goes through all orders in `orderbook` and checks if the `data.buyer` is the `buyer` passed in parameter. It does some checks, math and an external call to remove the `data.id` from the orderbook. With all of this happening in the loop and costing gas it may revert due "
4,Knox Finance,80,Auction can potentially sell more contracts than it has collateral for.,yixxas,High; Has Duplicates; Sponsor Confirmed; Will Fix,"Collateral, Withdraw","yixxas  high  # Auction can potentially sell more contracts than it has collateral for.  ## Summary `auction.totalContracts` is determined by the amount of collateral the protocol has received. After an auction has ended, users are allowed to withdraw and what they receive depends on whether their orders have filled, or they receive a refund, or a mixture of both. However, wrong accounting in `_previewWithdraw()` can lead to the `fill` and `refund` value to be calculated wrongly.  ## Vulnerabili"
12,Illuminate,239,autoRedeem might be run before all external PT were redeemed,hyh,High; Has Duplicates; Sponsor Disputed,Interest Rate,"hyh  medium  # autoRedeem might be run before all external PT were redeemed  ## Summary  Redeemer's autoRedeem() will issue the fee to the **first** caller, creating the incentives to run it sooner than later, even before all versions of external PTs redeem will be successfully run.  ## Vulnerability Detail  Interests of the Illuminate PT holders and third-party running the autoRedeem might differ as this third party might want to run it fast, while the owners do want to run it only after all ex"
12,Illuminate,238,Unlimited mint of Illuminate PTs is possible whenever any market is uninitialized and unpaused,hyh,High; Has Duplicates; Sponsor Confirmed; Will Fix,"Fund Theft, Insolvency, Vault","hyh  high  # Unlimited mint of Illuminate PTs is possible whenever any market is uninitialized and unpaused  ## Summary  If some market isn't defined, but not paused, which is true by default, an unlimited mint of Illuminate PTs is possible as `Safe.transferFrom(address(0), ...)` will be successful due to zero address check isn't performed for the token used, while low-level call to zero address is a success.  ## Vulnerability Detail  Lender's mint do not check that principal obtained from `mark"
12,Illuminate,236,External PT redeem functions can be reentered to double count the received underlying funds,hyh,High; Has Duplicates,"Reentrancy, Withdraw, Reentrancy","hyh  high  # External PT redeem functions can be reentered to double count the received underlying funds  ## Summary  There are two versions of external PT redeem() functions in Redeemer: multi-PT one and Sense. Both calculated underlying funds returned from redeem as a balance difference, both can be reentered, and Sense one calls user-supplied adapter to perform the redeem.  An attacker can create a pre-cooked contract that first calls redeem() for all other types of PT, then proceed"
12,Illuminate,228,Sense redeem is unavailable and funds are frozen for underlyings whose decimals are smaller than the corresponding IBT decimals,hyh,High; Has Duplicates; Sponsor Confirmed; Will Fix,"Interest Rate, Sandwich","hyh  high  # Sense redeem is unavailable and funds are frozen for underlyings whose decimals are smaller than the corresponding IBT decimals  ## Summary  Sense version of Redeemer's redeem() compares `amount` of Sense principal token Lender had on its balance vs `redeemed` amount of underlying as a slippage check, requiring that the latter be equal or greater than the former.  As these numbers have different decimals this check blocks the redeem altogether for the tokens whose decimals are small"
12,Illuminate,211,No returning of premium if there is no swap to PT,hyh,High; Has Duplicates; Sponsor Confirmed; Will Fix,Withdraw,"hyh  high  # No returning of premium if there is no swap to PT  ## Summary  Swivel version of Lender's lend() has optional premium conversion parameter. If it is set, the underlying funds are swapped to Swivel PTs and Illuminate PTs are minted to the caller. If it is not set, the underlying funds resulted from filling of the Swivel orders are left on the Lender's balance and are lost to the caller.  ## Vulnerability Detail  There is no code covering the case of not swapping the underlying funds "
12,Illuminate,208,Lend or mint after maturity,HonorLt,High; Has Duplicates; Sponsor Confirmed; Will Fix,"Deposit, Sandwich, Share Manipulation","HonorLt  high  # Lend or mint after maturity  ## Summary The protocol does not forbid lending or minting after the maturity leaving the possibility to profit from early users.  ## Vulnerability Detail Let's take the mint function as an example: ```solidity     function mint(         uint8 p,         address u,         uint256 m,         uint256 a     ) external unpaused(u, m, p) returns (bool) {         // Fetch the desired principal token         address principal = IMarketPlace(marketPlace).to"
12,Illuminate,205,`autoRedeem()` should check PT allowance,__141345__,High; Has Duplicates; Sponsor Disputed; Disagree With Severity; Will Fix,Other,"__141345__  high  # `autoRedeem()` should check PT allowance  ## Summary  In `autoRedeem()`, `uToken` allowance is checked instead of PT allowance. But according to the purpose of this function, it should be the PT allowance.  ## Vulnerability Detail  `uToken` allowance would probably be 0, hence the `if (allowance < amount)` will fail. The `autoRedeem()` function will revert.    ## Impact  Users fund could be locked.   ## Code Snippet   https://github.com/sherlock-audit/2022-10-illuminate/blob/"
12,Illuminate,179,"Yield, Swivel, Element, APWine and Sense lend() are subject to reentracy resulting in Illuminate PT over-mint",hyh,High; Has Duplicates; Sponsor Confirmed; Will Fix,"Reentrancy, Reentrancy, Fund Theft","hyh  high  # Yield, Swivel, Element, APWine and Sense lend() are subject to reentracy resulting in Illuminate PT over-mint  ## Summary  Lender's lend() versions for Yield, Swivel, Element, APWine and Sense use balance difference for the net result calculation, i.e. how much Illuminate PTs to mint for the caller, and call user-provided contract to perform the swapping. The functions aren't protected from reentrancy.  This opens up an attack surface when the functions are being called repetitively"
12,Illuminate,152,Malicious actor can hijack to Converter execution flow and perform malicious approval in Converter.sol,ctf_sec,High; Has Duplicates; Sponsor Disputed,"Deposit, Withdraw, Fund Theft","ctf_sec  high  # Malicious actor can hijack to Converter execution flow and perform malicious approval in Converter.sol  ## Summary  Malicious actor can hijack to Converter flow and perform malicious approval.  ## Vulnerability Detail  Let us look into the implementation for converter.sol  ```solidity     /// @param c address of the compounding token     /// @param u address of the underlying token     /// @param a amount of tokens to convert     function convert(         address c,         addr"
12,Illuminate,117,Sense PTs can never be redeemed,IllIllI,High; Has Duplicates; Sponsor Confirmed; Will Fix,"Withdraw, Share Manipulation","IllIllI  high  # Sense PTs can never be redeemed  ## Summary  Sense PTs can never be redeemed   ## Vulnerability Detail  Most of the protocols that require the user of the `Converter` contract have code that approves the `Converter` for that protocol, but there is no such approval for Sense.   ## Impact  _Permanent freezing of funds_  Users will be able to lend and mint using Sense, but when it's time for Illuminate to redeem the Sense PTs, the call will always revert, meaning the associated und"
12,Illuminate,113,Illuminate redemptions don't account for protocol pauses/temporary blocklistings,IllIllI,High; Has Duplicates; Escalated,"Deposit, Withdraw, DoS","IllIllI  high  # Illuminate redemptions don't account for protocol pauses/temporary blocklistings  ## Summary  Illuminate redemptions don't account for protocol pauses/temporary blocklistings  ## Vulnerability Detail  By the time that Illuminate PTs have reached maturity, it's assumed that all external PTs will have been converted to underlying, so that the pool of combined underlying from the various protocols can be split on a per-Illuminate-PT-share basis. Unfortunately this may not be the ca"
12,Illuminate,108,Illuminate PTs can be used to mint other Illuminate PTs,IllIllI,High; Has Duplicates,"Deposit, Withdraw, Share Manipulation","IllIllI  high  # Illuminate PTs can be used to mint other Illuminate PTs  ## Summary  Attackers can inflate away all PT value by unlimited minting   ## Vulnerability Detail  `Lender.mint()` allows anyone to exchange any supported PT for an Illuminate PT, and Illuminate PTs themselves are supported PTs by the function. By minting Illuminate PTs by providing other Illuminate PTs, an attacker can increase the total supply of Illuminate PTs without the new tokens having any asset backin"
12,Illuminate,47,User-supplied AMM pools and no input validation allows stealing of stEth protocol fees,kenzo,High; Has Duplicates; Sponsor Confirmed; Will Fix,"Sandwich, Fund Theft","kenzo  high  # User-supplied AMM pools and no input validation allows stealing of stEth protocol fees  ## Summary Some of the protocols `lend` methods take as user input the *underlying asset* and the *pool to swap on.* They do not check that they match. **Therefore a user can supply to `Lender` DAI underlying, instruct `Lender` to swap stEth with 0 `minAmountOut`, and sandwich the transaction to 0, thereby stealing all of Lender's stEth fees.**  ## Vulnerability Detail In Tempus, APWine, Sense,"
16,Rage Trade,79,"If a user approves junior vault tokens to WithdrawPeriphery, anyone can withdraw/redeem his/her token",GimelSec,High; Has Duplicates; Sponsor Confirmed; Will Fix,"Withdraw, Fund Theft, Vault","GimelSec  high  # If a user approves junior vault tokens to WithdrawPeriphery, anyone can withdraw/redeem his/her token  ## Summary  If users want to withdraw/redeem tokens by WithdrawPeriphery, they should approve token approval to WithdrawPeriphery, then call `withdrawToken()` or `redeemToken()`. But if users approve `dnGmxJuniorVault` to WithdrawPeriphery, anyone can withdraw/redeem his/her token.  ## Vulnerability Detail  Users should approve `dnGmxJuniorVault` before calling `withdrawToken("
16,Rage Trade,73,Incorrect Uniswap Paths,keccak123,High; Has Duplicates; Sponsor Disputed,Vault,"keccak123  high  # Incorrect Uniswap Paths  ## Summary  In DnGmxJuniorVaultManager, the functions `USDC_TO_WBTC` and `WBTC_TO_USDC` are identical. The return value in `USDC_TO_WBTC` is wrong. The same problem is found with `WETH_TO_USDC` and `USDC_TO_WETH`.  ## Vulnerability Detail  In DnGmxJuniorVaultManager, [line 1456](https://github.com/sherlock-audit/2022-10-rage-trade/blob/main/dn-gmx-vaults/contracts/libraries/DnGmxJuniorVaultManager.sol#L1456) indicates that the SwapRouter used is the Un"
70,JOJO Exchange,458,"Assets in `FlashLoanLiquidate`, `FlashLoanRepay`, and `GeneralRepay` can be stolen",ArbitraryExecution,High; Duplicate; Reward,"Liquidation, Borrow Logic, Fund Drain","ArbitraryExecution  high  # Assets in `FlashLoanLiquidate`, `FlashLoanRepay`, and `GeneralRepay` can be stolen  ## Summary  The `FlashLoanLiquidate`, `FlashLoanRepay`, and `GeneralRepay` contracts expose external functions that allow any user to call those functions with arbitrary calldata to an arbitrary address.  ## Vulnerability Detail  The `external` [`repayJUSD`](https://github.com/JOJOexchange/JUSDV1/blob/011e10d36257a404c8c1d7d2b8c9f01a2b7a1969/src/Impl/flashloanImpl/GeneralRepay.sol#L32)"
70,JOJO Exchange,428,All allowances to DepositStableCoinToDealer and GeneralRepay can be stolen due to unsafe call,0x52,High; Has Duplicates; Sponsor Confirmed; Will Fix; Reward,Deposit,0x52  high  # All allowances to DepositStableCoinToDealer and GeneralRepay can be stolen due to unsafe call  ## Summary  DepositStableCoinToDealer.sol and GeneralRepay.sol are helper contracts that allow a user to swap and enter JOJODealer and JUSDBank respectively. The issue is that the call is unsafe allowing the contract to call the token contracts directly and transfer tokens from anyone who has approved the contract.  ## Vulnerability Detail  https://github.com/sherlock-audit/2023-04-jojo/b
70,JOJO Exchange,402,DepositStableCoinToDealer and GeneralRepay approval farming allows to steal all approved tokens,GalloDaSballo,High; Duplicate; Reward,"Deposit, Front-running, Fund Theft","GalloDaSballo  high  # DepositStableCoinToDealer and GeneralRepay approval farming allows to steal all approved tokens  ## Summary  Multiple contracts in scope have a call to `(bool success, ) = swapTarget.call(data);`  Because these contracts are meant to be called by anyone, an attacker can steal the tokens by populating `data` to perform a `transferFrom`  ## Vulnerability Detail  DepositStableCoinToDealer is the simplest example, but all other contracts have the same risk  `DepositStableCoinT"
70,JOJO Exchange,352,GeneralRepay makes generic call allowing approved tokens to be stolen,BowTiedOriole,High; Duplicate; Reward,"Borrow Logic, Deposit, Fund Theft","BowTiedOriole  high  # GeneralRepay makes generic call allowing approved tokens to be stolen  ## Summary  Users have to approve the GeneralRepay contract prior to calling repayJUSD. repayJUSD makes any arbitrary call, allowing a malicious user to craft a swap target and data to steal all approved funds.  ## Vulnerability Detail  A malicious user creates a deposit and borrow position in JUSDBank and waits for users to approve the GeneralRepay contract. Once a user approves the GeneralRepay contra"
70,JOJO Exchange,330,Attackers can steal token from users who call erc20 approve to DepositStableCoinToDealer contract,tvdung94,High; Duplicate; Reward,"Deposit, Front-running, Fund Theft",tvdung94  high  # Attackers can steal token from users who call erc20 approve to DepositStableCoinToDealer contract  ## Summary Attackers can steal token from users who call erc20 approve to DepositStableCoinToDealer contract ## Vulnerability Detail According to this contract: 1. Users have to call erc20 approve before deposit a token to dealers.  https://github.com/sherlock-audit/2023-04-jojo/blob/main/smart-contract-EVM/contracts/stableCoin/DepositStableCoinToDealer.sol#L30  2. depositStableCo
70,JOJO Exchange,264,Front-Running Vulnerability in depositStableCoin() Function,lil.eth,High; Duplicate; Reward,"Oracle, Deposit, Front-running","lil.eth  medium  # Front-Running Vulnerability in depositStableCoin() Function  ## Summary  A front-running vulnerability exists in the depositStableCoin() function of the given smart contract. The vulnerability allows a malicious user to exploit the fact that the function does not properly validate swap outcomes or enforce the order of transactions. As a result, the attacker can submit a transaction with a higher gas price, front-running the original user's transaction, and potentially benefiti"
70,JOJO Exchange,254,Malicious users could steal funds from other users due to a lack of input data validation,jprod15,High; Duplicate; Reward,"Deposit, Fund Theft","jprod15  medium  # Malicious users could steal funds from other users due to a lack of input data validation  ## Summary Due to a lack of input data validation, malicious users can steal funds from other users who has approved the contract.  ## Vulnerability Detail https://github.com/sherlock-audit/2023-04-jojo/blob/main/smart-contract-EVM/contracts/stableCoin/DepositStableCoinToDealer.sol#L30  To call this function, users need to give their prior approval to the contracts. Due to the lack of in"
70,JOJO Exchange,252,Complete loss of fund when using DepositStableCoinToDealer.sol,ctf_sec,High; Duplicate; Reward,"Deposit, Fund Theft, Fund Loss","ctf_sec  high  # Complete loss of fund when using DepositStableCoinToDealer.sol  ## Summary  Completely loss of fund when using DepositStableCoinToDealer.sol  ## Vulnerability Detail  ```solidity     constructor(         address _JOJODealer,         address _USDC     ) {         JOJODealer = _JOJODealer;         USDC = _USDC;     }      function depositStableCoin(         address asset,         uint256 amount,         address to,         bytes calldata param,         uint256 minReceive     ) ext"
70,JOJO Exchange,204,Arbitrary low-level call in `DepositStableCoinToDealer` and `GeneralRepay` contracts allows theft of users' approved tokens.,Inspex,High; Duplicate; Reward,"Borrow Logic, Deposit, Fund Theft","Inspex  high  # Arbitrary low-level call in `DepositStableCoinToDealer` and `GeneralRepay` contracts allows theft of users' approved tokens.   ## Summary The `DepositStableCoinToDealer` and `GeneralRepay` contracts allow any user to input a `swapTarget` address and call data, which may lead to users who approve tokens to these contracts losing their funds. This is because an attacker can input the token address and the `transferFrom()` function's calldata, allowing them to steal the users' token"
70,JOJO Exchange,197,Untrusted contract calls,yy,High; Duplicate; Reward,"Deposit, Reentrancy","yy  high  # Untrusted contract calls  ## Summary  ## Vulnerability Detail The `depositStableCoin()` in DepositStableCoinToDealer.sol is allowed external call (and the function without any `nonReentrant()` modifier. )  The untrusted contract calls in this function could allow execution of malicious code. If an attacker provide a malicious contract address as the swapTarget, which could execute unintended function or manipulate the state of the contract.  ## Impact  ## Code Snippet https://github."
70,JOJO Exchange,179,Stealing funds from users,Bauer,High; Duplicate; Reward,Fund Theft,"Bauer  high  # Stealing funds from users  ## Summary The protocol does not verify swapTarget, and a bad actor can set swapTarget to a token address and data to transferFrom, allowing the protocol to transfer assets to the bad actor's address from any user who has approved the protocol.  ## Vulnerability Detail The `GeneralRepay.repayJUSD()` function allows user to repay JUSD debt using the caller's assets, with the option to swap assets if necessary to obtain sufficient USDC to repay the debt.Th"
70,JOJO Exchange,149,GeneralRepay allows users tokens to be stolen.,Jigsaw,High; Duplicate; Reward,"Liquidation, Deposit","Jigsaw  high  # GeneralRepay allows users tokens to be stolen.  ## Summary Same as FlashloanLiquidate.sol, FlashloanRepay.sol, DepositStableCoinToDealer.sol  ## Vulnerability Detail see https://github.com/sherlock-audit/2023-04-jojo-getjiggy/issues/1 Allows malicious actor to send arbitrary data to an arbitrary address. Anyone who leaves approvals open on this contract will have funds at risk. ## Impact your users get rekt.  ## Code Snippet https://github.com/sherlock-audit/2023-04-jojo/blob/mai"
70,JOJO Exchange,148,Possible to steal Users tokens from FlashloanRepay.sol,Jigsaw,High; Duplicate; Reward,"Liquidation, Deposit, Fund Theft",Jigsaw  high  # Possible to steal Users tokens from FlashloanRepay.sol  ## Summary Same problem as FlashloanLiquidate.sol and DepositStableCoinToDealer.sol.  In scope per Discord chat: https://discord.com/channels/812037309376495636/1100073679762755625/1102804732302594128  ## Vulnerability Detail see https://github.com/sherlock-audit/2023-04-jojo-getjiggy/issues/1 ## Impact your users tokens will be stolen.  ## Code Snippet https://github.com/sherlock-audit/2023-04-jojo/blob/main/JUSDV1/src/Impl
70,JOJO Exchange,147,Possible to steal other users tokens using FlashloanLiquidate.sol,Jigsaw,High; Duplicate; Reward,"Liquidation, Deposit, Fund Theft","Jigsaw  high  # Possible to steal other users tokens using FlashloanLiquidate.sol  ## Summary FlashloanLiquidate.sol has the same problem as DepositStableCoinToDealer.sol. namely, it allows users to call an arbitrary address and send it arbitrary calldata. See https://github.com/sherlock-audit/2023-04-jojo-getjiggy/issues/1 for an example exploit to this code pattern.   ## Vulnerability Detail This function allows a user to send arbitrary calldata to an arbitrary address. meaning, if any users h"
70,JOJO Exchange,146,Possible to Steal tokens using DepositStableCoinDealer.sol,Jigsaw,High; Duplicate; Reward,"Liquidation, Deposit, Fund Theft","Jigsaw  high  # Possible to Steal tokens using DepositStableCoinDealer.sol  ## Summary if any user inadvertently leaves an approval balance for the DepositStableCoinToDealer.sol, it is possible for a malicious actor to steal the entire balance that is approved directly from their wallet.   ## Vulnerability Detail the depositStableCoin function has no checks whatsoever to make sure swapTarget is actually a router. So it is possible to instead mark swaptarget as a token address, say USDC or WETH e"
70,JOJO Exchange,144,Arbitrary Token Swap Vulnerability in DepositStableCoinToDealer Contract #L23,XDZIBEC,High; Duplicate; Reward,"Reentrancy, Deposit, Reentrancy","XDZIBEC  medium  # Arbitrary Token Swap Vulnerability in DepositStableCoinToDealer Contract #L23  ## Summary  in the `depositStableCoin` function, there is an external call using `swapTarget`. `call(data)'. The vulnerability i appears to be that the `swapTarget` contract can execute arbitrary code when the `depositStableCoin()` function is called. If an attacker is able to pass in a malicious `swapTarget` contract, they can execute any code they want, including stealing funds or causing other ha"
70,JOJO Exchange,130,Low-level transfer via call() can fail silently,0xkazim,High; Duplicate; Reward,"Liquidation, Deposit","0xkazim  medium  # Low-level transfer via call() can fail silently  ## Summary  there is several function in JOJO protocol that using low level calls such as (call) , this function may results in false it is possible that this call will fail, but the functions that using low-level calls will not notice anything went wrong if the address was non-exist, more explain in Vulnerability Detail.  ## Vulnerability Detail  in `DepositStableCoinToDealer.sol` the function `depositStableCoin` is as follows:"
70,JOJO Exchange,122,"Lack of access control in FlashloanRepay, FlashloanLiquidate, GeneralRepay, and DepositStableCoinToDealer can lead to user loss of funds",MalfurionWhitehat,High; Duplicate; Reward,"Liquidation, Borrow Logic, Collateral","MalfurionWhitehat  medium  # Lack of access control in FlashloanRepay, FlashloanLiquidate, GeneralRepay, and DepositStableCoinToDealer can lead to user loss of funds  ## Summary  Functions implemented on [`FlashloanRepay`](https://github.com/sherlock-audit/2023-04-jojo/blob/main/JUSDV1/src/Impl/flashloanImpl/FlashLoanRepay.sol#L40), [`FlashloanLiquidate`](https://github.com/sherlock-audit/2023-04-jojo/blob/main/JUSDV1/src/Impl/flashloanImpl/FlashLoanLiquidate.sol#L51), [`GeneralRepay`](https://g"
70,JOJO Exchange,118,[H-03] GeneralRepay.sol has no access control. Attacker can steal user's approved funds.,dingo,High; Duplicate; Reward,"Borrow Logic, Deposit, Access Control",dingo  high  # [H-03] GeneralRepay.sol has no access control. Attacker can steal user's approved funds.  ## Summary SC: `GeneralRepay.sol` Main feature of this contract to swap user's assets(USDT or any other) to USDC and make repayment to `jusdBank`. Due to presence `safeTransferFrom()` in `repayJUSD()` user must approves assets(e.g. USDT) to this contract before call `repayJUSD()`;  ## Vulnerability Detail Original operational flow: 1) User approves USDT amount to `GeneralRepay`; 2) User calls
70,JOJO Exchange,112,[H-02] DepositStableCoinToDealer.sol has no access control. Attacker can steal user's approved funds.,dingo,High; Duplicate; Reward,"Deposit, Access Control, Fund Theft",dingo  high  # [H-02] DepositStableCoinToDealer.sol has no access control. Attacker can steal user's approved funds.  ## Summary Purpose of `DepositStableCoinToDealer.sol` to help users swap their assets to USDC and deposit USDC to `JOJODealer`. Due to presence `safeTransferFrom()` in `depositStableCoin()` user must approve assets(e.g. USDT) to this contract before call `depositStableCoin()`;    ## Vulnerability Detail Original operational flow: 1) User approves USDT amount to `DepositStableCoin
225,PoolTogether: The Prize Layer for DeFi,147,`finishDraw` will fail in many occurences due to unpredictable calculations,trachev,High; Duplicate; Reward,Underflow,trachev  high  # `finishDraw` will fail in many occurences due to unpredictable calculations  ## Summary The `finishDraw` function in `DrawManager.sol` is used to initiate the awarding of a draw and pay out rewards to the third parties that completed the start and finish draw auctions. The issue is that the process of rewarding the third parties will cause the function to revert in many common occurrences.  ## Vulnerability Detail The rewards paid out to the third parties that completed the star
225,PoolTogether: The Prize Layer for DeFi,140,Reward allocation can result in allocation of more than 100% of available reserves,hash,High; Duplicate; Reward,Vault,hash  medium  # Reward allocation can result in allocation of more than 100% of available reserves  ## Summary Reward allocation can result in allocation of more than 100% of available reserves  ## Vulnerability Detail Reward allocation for startDraw and finishDraw can surpass the available reserve since they are calculated as fractions of totalAvailableReserve and is not bounded to 100%  [link](https://github.com/sherlock-audit/2024-05-pooltogether/blob/1aa1b8c028b659585e4c7a6b9b652fb075f86db3/
225,PoolTogether: The Prize Layer for DeFi,125,"Draw auction rewards likely exceed the available rewards, resulting in overpaying rewards or running into an `InsufficientReserve` error",berndartmueller,High; Has Duplicates; Sponsor Confirmed; Will Fix; Reward,Other,"berndartmueller  high  # Draw auction rewards likely exceed the available rewards, resulting in overpaying rewards or running into an `InsufficientReserve` error  ## Summary  The sum of the calculated `startDraw` and `finishDraw` reward fractions likely exceeds `1.0`, which can lead to overpaying rewards or an `InsufficientReserve` error.  ## Vulnerability Detail  The `finishDraw` function calculates the rewards for starting and finishing a draw and distributes them to the respective participant"
225,PoolTogether: The Prize Layer for DeFi,123,`DrawManager::finishDraw` can revert when the sum of rewards to distribute is more than available reserve,infect3d,High; Duplicate; Reward,Oracle,"infect3d  medium  # `DrawManager::finishDraw` can revert when the sum of rewards to distribute is more than available reserve  ## Summary For each draw, depending on how the auction is concluded, the drawers will receive a fraction of the `reserve`. If the sum of all fractions to distribute is greater than 100%, then `finishDraw`, which is responsible for calling the `PrizePool::awardDraw` will revert, preventing the draw to be awarded with no possibility for the function to recover until next d"
225,PoolTogether: The Prize Layer for DeFi,114,Unfair Manipulation of Winning Chances Due to Stolen Yield on `Blast`,elhaj,High; Has Duplicates; Sponsor Confirmed; Will Fix; Reward,"Fund Theft, Vault","elhaj  medium  # Unfair Manipulation of Winning Chances Due to Stolen Yield on `Blast`  ## Summary - The `PoolTogether` protocol on [Blast](https://docs.blast.io/about-blast) will use `WETH` as it's prize token as mentioned by sponsor, which generates yield over time. This yield can be stolen and used to manipulate the vaults' winning chances unfairly. By contributing the stolen yield to their own vault, users can inflate their vault's portion, increasing their chances of winning prizes while de"
225,PoolTogether: The Prize Layer for DeFi,111,PoolTogether on Blast L2: Rebasing WETH Allows Malicious Users to Inflate Contributions and Manipulate Prize Odds,jo13,High; Duplicate; Reward,Vault,jo13  medium  # PoolTogether on Blast L2: Rebasing WETH Allows Malicious Users to Inflate Contributions and Manipulate Prize Odds  ## Summary The PoolTogether protocol deployed on [BlastL2](https://docs.blast.io/building/guides/weth-yield) uses `WETH` as the prize token. `WETH` on `Blast L2` is a rebasing token that automatically generates yield over time. This setup introduces a critical vulnerability where a malicious user can exploit the generated yield to artificially inflate their contribut
225,PoolTogether: The Prize Layer for DeFi,100,`DrawManager::finishDraw()` may hand out more rewards than the reserve if RNG requests fail,0x73696d616f,High; Duplicate; Reward,"Withdraw, Underflow","0x73696d616f  medium  # `DrawManager::finishDraw()` may hand out more rewards than the reserve if RNG requests fail  ## Summary  `DrawManager::finishDraw()` calculates reward fractions for each tried auction within a draw, but does not verify if the total fraction is bigger than the reserve, leading to the failure of some draws.  ## Vulnerability Detail  `DrawManager::startDraw()` is the entrypoint to start draw actions and hands out rewards according to the curve in the [docs](https://dev.poolt"
225,PoolTogether: The Prize Layer for DeFi,96,Vault portion calculation in `PrizePool::getVaultPortion()` is incorrect as `_startDrawIdInclusive` has been erased,0x73696d616f,High; Sponsor Confirmed; Will Fix; Reward,"Underflow, Vault, Share Manipulation","0x73696d616f  high  # Vault portion calculation in `PrizePool::getVaultPortion()` is incorrect as `_startDrawIdInclusive` has been erased  ## Summary  The vault portion calculation in `PrizePool::getVaultPortion()` is incorrect because it fetches a `_startDrawIdInclusive` that has been overwritten in the total accumulator but not in the vaults accumulator or the donation accumulator.  ## Vulnerability Detail  To illustrate the issue, consider the grand prize, where odds are `1 / g = 0.0027397260"
225,PoolTogether: The Prize Layer for DeFi,47,"When the total Draw Auction Rewards exceeds availableRewards, `finishDraw` will fail.",zraxx,High; Duplicate; Reward,DoS,"zraxx  medium  # When the total Draw Auction Rewards exceeds availableRewards, `finishDraw` will fail.  ## Summary  When the total Draw Auction Rewards exceeds availableRewards, `finishDraw` will fail.  ## Vulnerability Detail  Function `finishDraw` is used to award the prize pool and pay out rewards. The reward for each auction is calculated based on the ElapsedTime between DrawAuctions. The longer the ElapsedTime, the higher the reward. However, since `_startDrawAuctions` may contain multiple "
225,PoolTogether: The Prize Layer for DeFi,25,`DrawManager.finishDraw()` might allocate more rewards than the reserve amount to draws,MiloTruck,High; Duplicate; Reward,"Deposit, Fund Loss, Vault","MiloTruck  high  # `DrawManager.finishDraw()` might allocate more rewards than the reserve amount to draws  ## Summary  The total rewards for all draws in `DrawManager.finishDraw()` can exceed the total reserve amount in the prize pool, making it impossible to award the current draw.  ## Vulnerability Detail  In `DrawManager.finishDraw()`, the amount of rewards to allocate to each start draw auction and the finish draw auction is calculated and distributed as such:  [DrawManager.sol#L333-L352](h"
225,PoolTogether: The Prize Layer for DeFi,12,Malicious user can take advantage of auto-accruing WETH in the PrizePool contract on blast to unfairly increase winning odds,0xSpearmint1,High; Duplicate; Escalation Resolved; Reward,"Interest Rate, Vault",0xSpearmint1  high  # Malicious user can take advantage of auto-accruing WETH in the PrizePool contract on blast to unfairly increase winning odds  ## Summary Malicious user can take advantage of auto-accruing WETH in the PrizePool contract on blast to unfairly increase winning odds  ## Vulnerability Detail The protocol has clearly stated they plan on deploying to Blast  They also state the following >We're interested to know if there will be any issues deploying the code as-is to any of these c
128,Olympus RBS 2.0,198,getBunniTokenPrice wrongly returns the total price of all tokens,ge6a,High; Has Duplicates; Sponsor Confirmed; Will Fix; Reward,Share Manipulation,"ge6a  high  # getBunniTokenPrice wrongly returns the total price of all tokens  ## Summary  The function getBunniTokenPrice() is supposed to return the price of 1 Bunni token (1 share) like all other feeds, but it doesn't.  It returns the total price of all minted tokens/shares for a specific pool (total value of position's reserves) which is wrong.   ## Vulnerability Detail  This happens because the totalValue on line 163 is not devided by the total tokens supply.   https://github.com/sherlock-"
128,Olympus RBS 2.0,196,Wrong methodology for stable BPT price calculation,ge6a,High; Duplicate; Reward,Insolvency,"ge6a  medium  # Wrong methodology for stable BPT price calculation  ## Summary  The current methodology for determining the price of the BPT token in the Balancer Stable pool is inaccurate and may lead to significant deviations from the actual price.  ## Vulnerability Detail  Currently, to determine the price of the BPT token in the Balancer Stable pool, the current rate is multiplied by the lowest price among the prices of all assets in the pool. This approach resembles the methodology used by "
128,Olympus RBS 2.0,192,Incorrect calculation of pool token for the Balancer stable pool,ast3ros,High; Duplicate; Reward,"Oracle, Collateral","ast3ros  high  # Incorrect calculation of pool token for the Balancer stable pool  ## Summary  The calculation method for the price of pool tokens in the Balancer stable pool is flawed, resulting in incorrect valuations.  ## Vulnerability Detail  In the `getStablePoolTokenPrice` function, the price of the pool token for a Balancer stable pool is calculated using the formula: `minimumPrice * pool.getRate()`. The minimumPrice is derived by comparing the price of each token in the pool.          ui"
128,Olympus RBS 2.0,190,Price Module reports wrong MA/Current Price for asset using MA when feeds are down after storePrice has been called,nirohgo,High; Duplicate; Disagree With (non-)Duplication; Reward,Other,"nirohgo  high  # Price Module reports wrong MA/Current Price for asset using MA when feeds are down after storePrice has been called  ## Summary Price Module reports wrong MA (and current price) for an asset that uses MA, when all feeds are down after storePrice has been called. This is due to the fact that [storePrice](https://github.com/sherlock-audit/2023-11-olympus/blob/9c8df76dc9820b4c6605d2e1e6d87dcfa9e50070/bophades/src/modules/PRICE/OlympusPrice.v2.sol#L312) uses _getCurrentPrice "
128,Olympus RBS 2.0,176,Incorrect StablePool BPT price calculation,hash,High; Has Duplicates; Sponsor Confirmed; Won't Fix; Reward,"Oracle, Exchange Rate, Collateral","hash  high  # Incorrect StablePool BPT price calculation  ## Summary Incorrect StablePool BPT price calculation as rate's are not considered   ## Vulnerability Detail The price of a stable pool BPT is computed as:  > minimum price among the pool tokens obtained via feeds * return value of `getRate()`   This method is used referring to an old documentation of Balancer   ```solidity     function getStablePoolTokenPrice(         address,         uint8 outputDecimals_,         bytes calldata params_"
128,Olympus RBS 2.0,172,Incorrect ProtocolOwnedLiquidityOhm calculation due to inclusion of other user's reserves,hash,High; Has Duplicates; Sponsor Confirmed; Will Fix; Reward,"Deposit, Share Manipulation",hash  high  # Incorrect ProtocolOwnedLiquidityOhm calculation due to inclusion of other user's reserves  ## Summary ProtocolOwnedLiquidityOhm for Bunni can include the liquidity deposited by other users which is not protocol owned  ## Vulnerability Detail The protocol owned liquidity in Bunni is calculated as the sum of reserves of all the BunniTokens ```solidity     function getProtocolOwnedLiquidityOhm() external view override returns (uint256) {          uint256 len = bunniTokens.length;     
128,Olympus RBS 2.0,170,BunniPrice returns totalValue instead of pool token price,hash,High; Duplicate; Reward,Other,"hash  high  # BunniPrice returns totalValue instead of pool token price  ## Summary totalValue of token is returned instead of BunniToken price  ## Vulnerability Detail The `getBunniTokenPrice` function returns the totalValue of the Bunni token instead of the price  ```solidity     function getBunniTokenPrice(         address bunniToken_,         uint8 outputDecimals_,         bytes calldata params_     ) external view returns (uint256) {                 ......          // Fetch the reserves    "
128,Olympus RBS 2.0,141,BalancerPoolTokenPrice::getStablePoolTokenPrice()'s approach might be wrong,tvdung94,High; Duplicate; Reward,Exchange Rate,"tvdung94  high  # BalancerPoolTokenPrice::getStablePoolTokenPrice()'s approach might be wrong  ## Summary BalancerPoolTokenPrice::getStablePoolTokenPrice() algorithm might be wrong ## Vulnerability Detail getStablePoolTokenPrice's approach to price calculation is stated as followed: ```solidity /**              * The Balancer docs do not currently state this, but a historical version noted              * that getRate() should be multiplied by the minimum price of the tokens in the              *"
128,Olympus RBS 2.0,138,BunniPrice::getBunniTokenPrice() returns incorrect price,tvdung94,High; Duplicate; Reward,Other,"tvdung94  high  # BunniPrice::getBunniTokenPrice() returns incorrect price  ## Summary BunniPrice::getBunniTokenPrice() returns incorrect price ## Vulnerability Detail BunniPrice::getBunniTokenPrice() incorrectly returns the whole value of bunni token instead of price.  ```solidity     function getBunniTokenPrice(         address bunniToken_,         uint8 outputDecimals_,         bytes calldata params_     ) external view returns (uint256) {         // Decode the parameters         BunniParams "
128,Olympus RBS 2.0,125,`BunniPrice.getBunniTokenPrice` calculates price incorrectly,jasonxiale,High; Duplicate; Reward,Other,"jasonxiale  high  # `BunniPrice.getBunniTokenPrice` calculates price incorrectly  ## Summary `BunniPrice.getBunniTokenPrice` is supposed to calculate the `bunniToken_` (representing a Uniswap V3 pool) in USD, but current implementation, it calculates the total value instead of price ## Vulnerability Detail In current implementation of [BunniPrice.getBunniTokenPrice](https://github.com/sherlock-audit/2023-11-olympus/blob/9c8df76dc9820b4c6605d2e1e6d87dcfa9e50070/bophades/src/modules/PRICE/submodul"
128,Olympus RBS 2.0,124,`BalancerPoolTokenPrice.getStablePoolTokenPrice` calculates price incorrectly,jasonxiale,High; Duplicate; Reward,Other,"jasonxiale  high  # `BalancerPoolTokenPrice.getStablePoolTokenPrice` calculates price incorrectly  ## Summary current function for calculate BPT token price is incorrect  ## Vulnerability Detail In [BalancerPoolTokenPrice.getStablePoolTokenPrice](https://github.com/sherlock-audit/2023-11-olympus/blob/9c8df76dc9820b4c6605d2e1e6d87dcfa9e50070/bophades/src/modules/PRICE/submodules/feeds/BalancerPoolTokenPrice.sol#L451-L551), BPT price is calculated by: 1. get `pool.getRate` by calling [pool.getRate"
128,Olympus RBS 2.0,117,BunniSupply::getProtocolOwnedLiquidityReserves() returns incorrect amount of reserves,tvdung94,High; Duplicate; Reward,Share Manipulation,"tvdung94  high  # BunniSupply::getProtocolOwnedLiquidityReserves() returns incorrect amount of reserves  ## Summary BunniSupply::getProtocolOwnedLiquidityReserves() gives incorrect amount of reserves ## Vulnerability Detail The amount of reserves returned from this method is the amount of reserves for the **whole supply** (total supply) of bunni tokens, not the amount that the protocol owns. There are missing steps to calculate protocol-owned amount, for each iteration of the loop: 1."
128,Olympus RBS 2.0,114,getBunniTokenPrice function calculation error,Drynooo,High; Duplicate; Reward,Other,"Drynooo  high  # getBunniTokenPrice function calculation error  ## Summary In the getBunniTokenPrice function of the BunniPrice contract, the purpose of the function is to return the price of BunniToken, but the function returns the value of the pool.  ## Vulnerability Detail In the getBunniTokenPrice function of the BunniPrice contract, the purpose of the function is to return the price of BunniToken. The value of the Pool should be divided by the number of pool tokens, but the function directl"
128,Olympus RBS 2.0,84,`BunniPrice::getBunniTokenPrice` returns the TVL in the given Bunni token instead of the price per share of that token,Arabadzhiev,High; Duplicate; Reward,Share Manipulation,"Arabadzhiev  high  # `BunniPrice::getBunniTokenPrice` returns the TVL in the given Bunni token instead of the price per share of that token  ## Summary The `BunniPrice::getBunniTokenPrice` function returns the TVL in the given Bunni token instead of the price per share of that token  ## Vulnerability Detail The `getBunniTokenPrice` function of the `BunniPrice` contract is intended to return the unit price of the specified `BunniToken`. However, there is a problem with the logic of that function."
128,Olympus RBS 2.0,68,"When asset.useMovingAverage is true, _getCurrentPrice may get stale price in some cases",nobody2018,High; Duplicate; Escalation Resolved; Reward,Oracle,"nobody2018  medium  # When asset.useMovingAverage is true, _getCurrentPrice may get stale price in some cases  ## Summary  In `_getCurrentPrice`, if moving average is used in strategy, [[add to end of prices array](https://github.com/sherlock-audit/2023-11-olympus/blob/main/bophades/src/modules/PRICE/OlympusPrice.v2.sol#L160)](https://github.com/sherlock-audit/2023-11-olympus/blob/main/bophades/src/modules/PRICE/OlympusPrice.v2.sol#L160). Assume that an asset has 1 feed. When [[the feed "
128,Olympus RBS 2.0,55,OlympusPrice.v2.sol#storePrice: The moving average prices are used recursively for the calculation of the moving average price.,dany.armstrong90,High; Has Duplicates; Sponsor Confirmed; Will Fix; Reward,"Oracle, DoS","dany.armstrong90  high  # OlympusPrice.v2.sol#storePrice: The moving average prices are used recursively for the calculation of the moving average price.  ## Summary The moving average prices should be calculated by only oracle feed prices. But now, they are calculated by not only oracle feed prices but also moving average price recursively.  That is, the `storePrice` function uses the current price obtained from the `_getCurrentPrice` function to update the moving average price. However, in the"
128,Olympus RBS 2.0,31,The calculation of `getStablePoolTokenPrice()` is incorrect,Bauer,High; Duplicate; Reward,Other,Bauer  high  # The calculation of `getStablePoolTokenPrice()` is incorrect  ## Summary There are significant differences in the calculation methods used by Balancer mining pools.  ## Vulnerability Detail The provided code below is designed to identify the minimum price among all underlying tokens in a Balancer liquidity pool. This minimum price is then used for the valuation of the pool. The calculation method employed by the Balancer pool appears to have a flaw. Let's examine a pool on the main
40,Carapace,313,DOS of core features and permanent lock of funds,minhtrng,High; Duplicate; Reward,"Deposit, DoS","minhtrng  high  # DOS of core features and permanent lock of funds  ## Summary  Unbounded loops over activeProtections can cause DOS of premium accrual and capital lock functionality. Causing all protection buyer premiums to be locked.  ## Vulnerability Detail  Active protections are kept track of in an UintSet, which gets increased whenever a protection is bought:  ```js lendingPoolDetail.activeProtectionIndexes.add(_protectionIndex); ```  This can be done only at the cost of gas, as the protoc"
40,Carapace,312,Minimum protection duration for seconds is too short and can be abused,minhtrng,High; Duplicate; Sponsor Confirmed; Will Fix; Reward,Other,"minhtrng  high  # Minimum protection duration for seconds is too short and can be abused  ## Summary  The `_minProtectionDurationInSeconds` is too short and allows buyers to renew with a proper protection amount only when they know there is a default about to happen.  ## Vulnerability Detail  The `_minProtectionDurationInSeconds` is currently set to a day when someone renews their protection:  ```js _verifyProtectionDuration(     poolCycleManager,     _protectionPool,     _prot"
40,Carapace,311,Get protection while not paying fees by using many 0 deposits,minhtrng,High; Duplicate; Reward,Deposit,"minhtrng  high  # Get protection while not paying fees by using many 0 deposits  ## Summary  Buyers can game the system and get (almost) free protection with many 0-amount-deposits.  ## Vulnerability Detail  The protocol allows a protection buyer to have many deposits, which also can have a protection amount of 0. This has been tested [in this snippet](https://gist.github.com/Minh-Trng/9767482ed0a2b4a7c38cb3c313299e2f). When the protection amount is 0, no premium has to be paid:  ```js _premiumA"
40,Carapace,310,Protection amount can be changed when renewing protections,monrel,High; Duplicate; Reward,Borrow Logic,"monrel  medium  # Protection amount can be changed when renewing protections  ## Summary  Buyers can in practice enter the pool after 90 days by abusing the fact that expired protections can be renewed with a different protection amount.  ## Vulnerability Detail  Protection buyers can in practice achieve this by buying a protection in the first 90 days with a very small protection amount that costs ~0. They buy it for 90 days, after those 90 days they can renew it to  another amount and also dec"
40,Carapace,308,The renewal grace period gives users insurance for no premium,0x52,High; Has Duplicates; Sponsor Confirmed; Escalation Resolved; Reward,Other,"0x52  medium  # The renewal grace period gives users insurance for no premium  ## Summary  When a protection position is renewed, the contract checks that the expired timestamp is within the grace period of the current timestamp. The issue is that when it is renewed, it starts insurance at block.timestamp rather than the expiration of the previous protection. The result is that the grace period is effectively free insurance for the user.  ## Vulnerability Detail  https://github.com/sherlock-audi"
40,Carapace,306,withdrawlRequests and totalSTokenRequested are not updated when sTokens are transferred,monrel,High; Duplicate; Reward,"Deposit, Withdraw, Insolvency",monrel  high  # withdrawlRequests and totalSTokenRequested are not updated when sTokens are transferred  ## Summary  When users transfer sTokens and new deposits are made  `withdrawlRequests` and `totalSTokenRequested` are not updated to reflect the fact that those requested are not viable. This leads to many issues. Protection buyers can not trust the total withdrawlRequested amount since it could be inflated.   This  also makes it possible for users to withdraw at the end of each cycle even if
40,Carapace,298,Sellers can bypass the withdrawal limit and earn premiums without any risk.,XKET,High; Duplicate; Reward,"Deposit, Withdraw, Share Manipulation",XKET  high  # Sellers can bypass the withdrawal limit and earn premiums without any risk.    ## Summary Sellers should request the withdrawal first and wait for 2 cycles to withdraw their shares.  But sellers can bypass this withdrawal limit and make it possible to withdraw their shares right before any defaults using frontrunning.  ## Vulnerability Detail Sellers can request a withdrawal and `_requestWithdrawal()` checks if the requested amount is less than their balance.  ```solidity File: Pro
40,Carapace,297,`DefaultStateManager._calculateClaimableAmount()` calculates the claimable unlocked amount wrongly.,XKET,High; Duplicate; Reward,"Deposit, Share Manipulation",XKET  high  # `DefaultStateManager._calculateClaimableAmount()` calculates the claimable unlocked amount wrongly.    ## Summary `DefaultStateManager._calculateClaimableAmount()` calculates the claimable unlocked amount across the locked capital instances.  But it returns the last claimable amount for the last unlocked capital rather than adding all available unlocked amounts.  ## Vulnerability Detail `DefaultStateManager._calculateClaimableAmount()` iterate over the locked capitals and calculate
40,Carapace,294,Anybody can front-run accruePremium..() and receive rewards as if they had provided protection since last accrual,monrel,High; Duplicate; Sponsor Confirmed; Will Fix; Reward,"Interest Rate, Deposit, Front-running","monrel  high  # Anybody can front-run accruePremium..() and receive rewards as if they had provided protection since last accrual   ## Summary  The `accruePremium()` function can be front-run, sellers can wait until just before a payment to deposit and by doing so they can receive premium rewards for period before they deposited.  ## Vulnerability Detail Premium is accrued when a new payment has been made. The amount accrued is based on the following formula:  $$AP = K \cdot (e^{-t\c"
40,Carapace,293,User can game protection via renewal to get free insurance,0x52,High; Has Duplicates; Sponsor Confirmed; Will Fix; Reward,Borrow Logic,"0x52  high  # User can game protection via renewal to get free insurance  ## Summary  When renewing a position, the new protectionAmount can be higher than what was previously bought. A user can abuse this to get insurance for free. Most of the time they would keep the protection amount at 1 and pay virtually no premium. Since late payments can be seen very far in advance they would simply renew their insurance at the max value of token right before the borrower was officially late and gain the "
40,Carapace,292,Protection sellers can bypass withdrawal delay mechanism and avoid losing funds when loans are defaulted by creating withdrawal request in each cycle,unforgiven,High; Has Duplicates; Sponsor Confirmed; Will Fix; Reward,Withdraw,"unforgiven  high  # Protection sellers can bypass withdrawal delay mechanism and avoid losing funds when loans are defaulted by creating withdrawal request in each cycle  ## Summary To prevent protection sellers from withdrawing fund immediately when protected lending pools are defaults, there is withdrawal delay mechanism, but it's possible to bypass it by creating withdraw request in each cycle by doing so user can withdraw in each cycle's open state. there is no penalty for users when they do"
40,Carapace,285,Buyers could buy multiple times,__141345__,High; Duplicate; Reward,Other,"__141345__  medium  # Buyers could buy multiple times  ## Summary  There is no mechanism to prevent buyers to submit the same buy order multiple times. With the same LP token, buyers could duplicate buying protections and lose premium.   ## Vulnerability Detail  In case of network congestion, or user mistakes, the buy protection transaction could be sent more than once, however, currently the system is not handling the duplicate buy orders. As a result, buyers could pay twice the premium and los"
40,Carapace,284,DoS in `lockCapital()`,__141345__,High; Duplicate; Reward,DoS,"__141345__  medium  # DoS in `lockCapital()`  ## Summary  The `activeProtectionIndexes` array could grow unbounded and result in DoS when calling `lockCapital()`.   ## Vulnerability Detail  When crate protection, there is no limit on how many protections can be created.  ```solidity File: contracts/core/pool/ProtectionPool.sol 795:   function _verifyAndCreateProtection() {  887:     lendingPoolDetail.activeProtectionIndexes.add(_protectionIndex); 888:     protectionBuyerAccounts[msg.sender].acti"
40,Carapace,282,DoS when `_assessState()`,__141345__,High; Duplicate; Reward,DoS,"__141345__  medium  # DoS when `_assessState()`  ## Summary  The `activeProtectionIndexes` array could grow unbounded and result in DoS when `_assessState()`.   ## Vulnerability Detail  When crate protection, there is no limit on how many protections can be created.  ```solidity File: contracts/core/pool/ProtectionPool.sol 795:   function _verifyAndCreateProtection() {  887:     lendingPoolDetail.activeProtectionIndexes.add(_protectionIndex); 888:     protectionBuyerAccounts[m"
40,Carapace,281,DoS when accruing Premium,__141345__,High; Duplicate; Reward,DoS,"__141345__  medium  # DoS when accruing Premium   ## Summary  The `activeProtectionIndexes` array could grow unbounded and result in DoS when accruing Premium.   ## Vulnerability Detail  When crate protection, there is no limit on how many protections can be created.  ```solidity File: contracts/core/pool/ProtectionPool.sol 795:   function _verifyAndCreateProtection() {  887:     lendingPoolDetail.activeProtectionIndexes.add(_protectionIndex); 888:     protectionBuyerAccounts[msg.sender].activeP"
40,Carapace,279,LP token should be transferred to the seller if defaulted,__141345__,High; Duplicate; Sponsor Disputed; Reward,"Deposit, Fund Drain","__141345__  high  # LP token should be transferred to the seller if defaulted   ## Summary  The LP token is not transferred to the seller in case of defaulted loan. The contract codebase does not implement the documentations functionality. This issue could be abused by malicious users to drain the pool fund. Sellers could lose all the fund.  ## Vulnerability Detail  According to the [doc](https://www.carapace.finance/docs/protocol-mechanics/protection_buyers)  > A seller does not "
40,Carapace,273,unbound loops in the code which can cause high gas usage and break the protocol and fund would be locked,unforgiven,High; Duplicate; Reward,Other,unforgiven  high  # unbound loops in the code which can cause high gas usage and break the protocol and fund would be locked  ## Summary there are a lot of unbound loops in contracts logics the loop through lending pools or bought protections and as their size increase code would use more gas and it may become impossible to perform the logics. in most case code have loop inside loop which make this more serious.  ## Vulnerability Detail This is `_accruePremiumAndExpireProtections()` code in Prot
40,Carapace,270,protection seller can withdraw funds before being locked in case of lending pool deafault,mahdikarimi,High; Duplicate; Reward,"Withdraw, Front-running","mahdikarimi  high  # protection seller can withdraw funds before being locked in case of lending pool deafault  ## Summary If a lending pool defaults protection seller can withdraw funds before it being locked .  ## Vulnerability Detail protection seller can use assessState view function in ReferenceLendingPool to check if a lending pool is default and withdraw her/his funds immediately before assessStates function in DefaultStateManager update the pool state and lock capitals . or he/s"
40,Carapace,269,Possible DOS in `getAllProtections()` and `accruePremiumAndExpireProtections()` functions because of unbounded gas consumption,SPYBOY,High; Duplicate; Reward,DoS,SPYBOY  medium  # Possible DOS in `getAllProtections()` and `accruePremiumAndExpireProtections()` functions because of unbounded gas consumption  ## Summary In the ProtectionPool.sol contract `getAllProtections()` and `accruePremiumAndExpireProtections()` functions are declared . `getAllProtections()` returns the Protections array and `accruePremiumAndExpireProtections()` iterates through a number of lendingPoolIndexs. We can only get this list of Protections from the `getAllProtections()` view 
40,Carapace,268,Protection buyers can receive protection during their final payment period without paying for it,monrel,High; Duplicate; Reward,Fund Theft,"monrel  medium  # Protection buyers can receive protection during their final payment period without paying for it  ## Summary  Protection buyers can chose the expiration date when renewing as long as it is over 1 day and expires before the end of the next cycle. By chosing to expire the protection just before a payment deadline they can in practice get 1 payment period off free protection.   ## Vulnerability Detail  Any protection buyer can get 1 payment period of free protection by"
40,Carapace,265,User can double insure their LP token to game insurance in the event of a default,0x52,High; Duplicate; Reward,Collateral,0x52  high  # User can double insure their LP token to game insurance in the event of a default  ## Summary  When issuing insurance the protocol confirms that the user isn't buying more protection than the current principal of the token. There is nothing however stopping the user from buying multiple protections for full value of the token. In the event of a default the user would be able to claim both their protections.  ## Vulnerability Detail  https://github.com/sherlock-audit/2023-02-carapac
40,Carapace,264,Protection buyers can exploit renewal functionality to enable and disable protection and as a result pay much less premium,monrel,High; Duplicate; Reward,"Borrow Logic, Front-running, Fund Theft",monrel  high  # Protection buyers can exploit renewal functionality to enable and disable protection and as a result pay much less premium   ## Summary  A buyer can time their renewal dates and change the protected amount to pay a premium during periods when the lenderpool is at risk of a default and only pay a negligible amount for the rest of the time. By doing so a buyer of protection can abuse the system and be guaranteed default payouts during an extend period while paying a premium that is
40,Carapace,251,`GoldfinchAdapter` fails to detect late payments at or after pool's term has ended,Jeiwan,High; Duplicate; Reward,Other,"Jeiwan  high  # `GoldfinchAdapter` fails to detect late payments at or after pool's term has ended  ## Summary `GoldfinchAdapter` can incorrectly identify the state of a pool: a late pool can be detected as an expired one. A Goldfinch pool can be late at or after its term has ended, but it'll be identified as expired by the adapter. Since expired pools are not eligible for protection payouts, buyers of protections for such pools may not receive payments due to the failed pool state detect"
40,Carapace,248,"Withdrawals locking can be bypassed, potentially disrupting the supply and demand balance",Jeiwan,High; Duplicate; Reward,"Flash Loan, Deposit, Withdraw","Jeiwan  high  # Withdrawals locking can be bypassed, potentially disrupting the supply and demand balance  ## Summary Protection sellers may abuse the withdrawals requesting mechanism to enable withdrawals in future cycles: they'll be able to deposit and withdraw capital in the same cycle. Protection sellers may use this opportunity to remove funds before a pool defaults and funds are locked to pay compensations. In the worst case, when exploited by a majority of sellers or big sellers, the risk"
40,Carapace,237,[H-02] Protection seller could front-run DefaultStateManager to withdraw funds which is supposed to be locked.,ast3ros,High; Duplicate; Reward,"Withdraw, Front-running","ast3ros  high  # # [H-02] Protection seller could front-run DefaultStateManager to withdraw funds which is supposed to be locked.  ## Summary  Protection sellers can running away when a default event is likely to happen. Protection sellers could enjoy risk-free premium and do not lose fund when default event happens. Because it could front-run the DefaultStateManager and withdraw the funds before the DefaultStateManager calls `assessState` and change the state to late and lock fund. It "
40,Carapace,231,[M-01] Loop through protections is subject to DDOS attack,ast3ros,High; Duplicate; Reward,DoS,"ast3ros  medium  # # [M-01] Loop through protections is subject to DDOS attack  ## Summary  `protectionInfos` length is under control of protection buyers. There are operations such as `accruePremiumAndExpireProtections` which loops through the array. It can be subject to DDOS attack.   ## Vulnerability Details  When `ProtectionPool.accruePremiumAndExpireProtections` is called, it loops through the `protectionInfos` array. However the `protectionInfos` length is under control of protection buyer"
40,Carapace,230,Lending pool state transition will be broken when pool is expired in late state,rvierdiiev,High; Has Duplicates; Sponsor Confirmed; Will Fix; Reward,Other,rvierdiiev  high  # Lending pool state transition will be broken when pool is expired in late state  ## Summary Lending pool state transition will be broken when pool is expired in late state ## Vulnerability Detail Each lending pool has its state. State is calculated inside `ReferenceLendingPools._getLendingPoolStatus` function. https://github.com/sherlock-audit/2023-02-carapace/blob/main/contracts/core/pool/ReferenceLendingPools.sol#L318-L349 ```solidity   function _getLendingPoolStatus(addres
40,Carapace,227,Can withdraw money before it supposed to do,mert_eren,High; Duplicate; Reward,"Deposit, Withdraw","mert_eren  high  # Can withdraw money before it supposed to do  ## Summary Sellers can withdraw token at least two cycle after deposit their token. However they can do it with first transfer token from another account and use requestWithdraw and deposit later token and can withdraw in the same cycle. ## Vulnerability Detail In requestWithdraw it just look balance of SToken and record for two cycle after, how much token can withdraw this account. A user can transfer among accounts and use request"
40,Carapace,220,Repeated requests of withdrawal,HonorLt,High; Duplicate; Reward,"Borrow Logic, Deposit, Withdraw","HonorLt  high  # Repeated requests of withdrawal  ## Summary  It is possible to repeatedly signal the withdrawal request and re-use the same share tokens across multiple accounts.  ## Vulnerability Detail  To withdraw deposited tokens, a user has to first request the withdrawal and then finalize it in an open period of cycle 3: ```solidity   function _requestWithdrawal(uint256 _sTokenAmount) internal {     uint256 _sTokenBalance = balanceOf(msg.sender);     if (_sTokenAmount > _sTokenBalance) { "
40,Carapace,218,Protection seller can bypass the withdrawal cycle restriction by placing withdrawal requests in advance,0Kage,High; Duplicate; Reward,"Exchange Rate, Interest Rate, Borrow Logic",0Kage  high  # Protection seller can bypass the withdrawal cycle restriction by placing withdrawal requests in advance  ## Summary `requestWithdrawal` allows a protection seller to first place a request for withdrawal. Actual withdrawal is allowed in the `open` state that comes after 1 full pool cycle is completed. This restriction is imposed so that sellers don't exit enmasse when underlying loan pool borrowers show signs of weakness (or market rumors around borrower credit risk).  Protocol als
40,Carapace,215,[H] - Out Of Gas errors are possible for accruePremiumAndExpireProtections,modern_Alchemist_00,High; Duplicate; Reward,Other,"modern_Alchemist_00  high  # [H] - Out Of Gas errors are possible for accruePremiumAndExpireProtections  ## Summary  The function `accruePremiumAndExpireProtections` has a for loop from which another internal function(`_accruePremiumAndExpireProtections`) is called. And this function has yet another for loop. This can definitely lead to out of gas errors when the array length of `lendingPools` and `activeProtectionIndexes` increases, which is absolutely certain as the protocol gets more users.  "
40,Carapace,213,[M] - Any person can renew their protection by just calling the `buyProtection` again.,modern_Alchemist_00,High; Duplicate; Reward,Reentrancy,"modern_Alchemist_00  medium  # [M] - Any person can renew their protection by just calling the `buyProtection` again.  ## Summary  The protocol allows renewing of protections using the function `renewProtection`. However, the same ""renewing"" can be done by just calling `buyProtection` again. This will allow anyone to renew their protection even if the grace period has ended.  ## Vulnerability Detail  The below code is taken from `ProtectionPool.sol`. As you can see `_verifyAndCreateProtection` i"
40,Carapace,209,"Once per cycle, seller can greatly multiply earnings when interest accrues during open period",jkoppel,High; Duplicate; Sponsor Disputed; Escalation Resolved; Reward,"Interest Rate, Deposit, Withdraw","jkoppel  high  # Once per cycle, seller can greatly multiply earnings when interest accrues during open period  ## Summary  By keeping a maximal withdraw request always engaged, whenever interest accrual occurs during a pool's open period, a protection seller can siphon money from a protection pool by depositing immediately before interest accrual, and withdrawing immediately after.  ## Vulnerability Detail  There is no penalty to a withdraw request. Sellers are thus incentivized to "
40,Carapace,204,Protection sellers can front-run accrued premium updates and make instant arbitrage profits,0Kage,High; Duplicate; Reward,"Exchange Rate, Interest Rate, Deposit","0Kage  high  # Protection sellers can front-run accrued premium updates and make instant arbitrage profits  ## Summary Accrued premium for lending pools is updated via a `cron job` after every payment on underlying lending pool. Accrual increases the `totalSTokenUnderlying`, ie. total underlying backed by `sTokens`. This inturn increases the exchange rate of `sTokens`. All things equal, an accrue premium transaction increases the price of `sTokens`, ie each token held by a protection sell"
40,Carapace,200,Withdrawal cycle restriction can be bypassed,ck,High; Duplicate; Escalation Resolved; Reward,"Interest Rate, Deposit, Withdraw","ck  high  # Withdrawal cycle restriction can be bypassed  ## Summary  Withdrawal cycle restriction can be bypassed  ## Vulnerability Detail  The condition that a withdrawal shouldn't be allowed unless the withdrawal request is made in the n - 2 cycle can be bypassed as follows:  A malicious seller calls `ProtectionPool::requestWithdrawal` with the `_sTokenAmount` they hold. They will then be able to withdraw in cycle 3  ```solidity     /// Actual withdrawal is allowed in open pe"
40,Carapace,199,Sellers can deposit protection right after borrower payment and before accrual gaining an advantage,libratus,High; Duplicate; Escalation Resolved; Reward,"Borrow Logic, Deposit, Reentrancy","libratus  false  # Sellers can deposit protection right after borrower payment and before accrual gaining an advantage  ## Summary If seller deposits capital right after borrower makes a payment but before accrual is done, he earns this portion of premium without any risk.  ## Vulnerability Detail Carapace integrates with on-chain protocols like Goldfinch, which means borrower payments are visible on-chain. Seller can deposit protection right after borrower makes a payment but before `"
40,Carapace,198,There is a profitable Arbitrage path for users that incentivizes a secondary market on top of the protection pool to bypass the 2 cycle withdrawal delay,Allarious,High; Duplicate; Reward,Withdraw,"Allarious  high  # There is a profitable Arbitrage path for users that incentivizes a secondary market on top of the protection pool to bypass the 2 cycle withdrawal delay  ## Summary Users can request for much more capital that what they actually have by utilizing flashloans, to request more withdrawals that what they actually have. By submitting this withdrawals, they can sell their option of withdrawal to other users for profit.  ## Vulnerability Detail The protocol allows users to submit wit"
40,Carapace,195,Seller can use same sTokens to request withdrawals for two different cycles,libratus,High; Duplicate; Reward,"Deposit, Withdraw, Front-running",libratus  high  # Seller can use same sTokens to request withdrawals for two different cycles  ## Summary Seller can use same sTokens to request withdrawals for two different cycles. This will allow him to deposit protection without default risk several cycles in the future.  ## Vulnerability Detail Seller can create a withdrawal scheduled two cycles in the future. Withdrawals requests are stored separately for each cycle https://github.com/sherlock-audit/2023-02-carapace/blob/main/contracts/cor
40,Carapace,194,Protection buyers can buy/renew many protections for a single underlying position,Allarious,High; Duplicate; Reward,Fund Drain,"Allarious  high  # Protection buyers can buy/renew many protections for a single underlying position  ## Summary Protection buyers can buy/renew as many protection instances as they want for an underlying position.  ## Vulnerability Detail The protocol is supposed to check the underlying pools so that a protection buyer can only buy protection for the amount he might lose. However, it is possible for a protection buyer to buy protection with the same NFT several times, so that when the position "
40,Carapace,193,Amount of capital locked can vastly exceed the amount remaining under protection,jkoppel,High; Duplicate; Reward,"Borrow Logic, Share Manipulation","jkoppel  high  # Amount of capital locked can vastly exceed the amount remaining under protection  ## Summary  If a buyer acquires multiple protection positions on a single pool, and the borrower repays the buyer partially and then misses a payment, an amount of capital can be locked up equal to the buyer's original protection, even though his principal has decreased.  ## Vulnerability Detail  Scenario:  1. Buyer has $10k in a lending pool 2. Buyer buys two protection positions on"
40,Carapace,192,Seller can request multiple withdrawals using same sTokens by using multiple addresses,libratus,High; Duplicate; Escalation Resolved; Reward,"Deposit, Withdraw, Front-running","libratus  high  # Seller can request multiple withdrawals using same sTokens by using multiple addresses  ## Summary Seller can request multiple withdrawals using same sTokens by using multiple addresses. This will allow him to deposit protection without risk two cycles in the future.  ## Vulnerability Detail Withdrawal requests are stored by msg.sender https://github.com/sherlock-audit/2023-02-carapace/blob/main/contracts/core/pool/ProtectionPool.sol#L1083  This allows seller to ga"
40,Carapace,190,Buyer gets free protection during renewal period,jkoppel,High; Duplicate; Sponsor Confirmed; Will Fix; Reward,Front-running,"jkoppel  high  # Buyer gets free protection during renewal period  ## Summary  By constantly renewing a protection position at the last possible second, a buyer only needs to pay for protection on a fraction of days, and will be able to buy protection right before a missed payment.  ## Vulnerability Detail  In ProtectionPools.renewProtection, the time of the renewal is set to the time the function is called.  ```solidity     /// Verify that user can buy protection and then create "
40,Carapace,187,Attacker can DoS the contract by making many small protection purchases,libratus,High; Duplicate; Reward,"Rounding, DoS","libratus  high  # Attacker can DoS the contract by making many small protection purchases  ## Summary Attacker can cause ""out of gas"" exceptions due to loops over `activeProtectionIndexes`  ## Vulnerability Detail When locking capital after a default, the code goes through `activeProtectionIndexes` for the corresponding pool to calculate the amount of locked funds https://github.com/sherlock-audit/2023-02-carapace/blob/main/contracts/core/pool/ProtectionPool.sol#L382-L406  The same array is bein"
40,Carapace,186,User can bypass the `ProtectionPurchaseLimitTimestamp` restriction that disallows protection purchase on a specific lending pool after specific time elapses,0Kage,High; Duplicate; Reward,Other,0Kage  high  # User can bypass the `ProtectionPurchaseLimitTimestamp` restriction that disallows protection purchase on a specific lending pool after specific time elapses  ## Summary Protocol imposes a purchase deadline that disallows protection buyers from adding new protection beyond this deadline. Only exception to this rule is old protection buyers who are renewing their purchase - this loophole can be exploited by a malicious user to bypass the time limit.  A protection buyer can start by 
40,Carapace,185,Consecutive lockings cause capital to be lost forever,jkoppel,High; Duplicate; Reward,Share Manipulation,"jkoppel  high  # Consecutive lockings cause capital to be lost forever  ## Summary  If capital is locked and then unlocked multiple times before a seller tries to claim, then they will only be able to claim their share of capital from the most-recently-unlocked LockedCapital. Their share from the previous LockedCapital's will be stuck in the pool forever.  ## Vulnerability Detail  Here is the body of the loop in DefaultStateManager._calculateClaimableAmount (logs removed):  ```solidity       ///"
40,Carapace,184,Protection can be bought unlimited number of times for the same loan,libratus,High; Duplicate; Reward,Deposit,"libratus  medium  # Protection can be bought unlimited number of times for the same loan  ## Summary Protection buyer can purchase protection several times for the same loan. This can lead to unexpected behaviour or bypassing protection size limit.  ## Vulnerability Detail When protection is being purchased, it is enforced that protection amount is less than the principal worth https://github.com/sherlock-audit/2023-02-carapace/blob/main/contracts/core/pool/ReferenceLendingPools.sol#L161-L167  H"
40,Carapace,183,Lenders are able to purchase protection in excess of their lending position,jkoppel,High; Duplicate; Reward,"Borrow Logic, DoS","jkoppel  high  # Lenders are able to purchase protection in excess of their lending position  ## Summary  The code in many places supports buyers buying multiple protections, including on the same lending pool. However, by doing so, they can buy an arbitrary amount of protection on their position, so long as the leverage ratio supports it.  ## Vulnerability Detail  The check to see how much protection a buyer can purchase on a pool bottoms out in GoldFinchAdapter.calculateRemainingPrincipal, par"
40,Carapace,182,Protection amount can be increased when renewing which opens possible manipulation vectors,libratus,High; Duplicate; Reward,"Rounding, Front-running","libratus  medium  # Protection amount can be increased when renewing which opens possible manipulation vectors  ## Summary Protection amount can be increased when renewing which opens several manipulation vectors  ## Vulnerability Detail When renewing protection, nothing prevents the buyer to increase protection amount all the way up to the loan value. Buyer can purchase protection for a very low amount paying minimal premium and later increase it during renewal period if it benefits them.  In f"
40,Carapace,180,The ````accruePremiumAndExpireProtections()```` may be unavailable while there are many buys or under DoS attack,KingNFT,High; Duplicate; Reward,DoS,"KingNFT  medium  # The ````accruePremiumAndExpireProtections()```` may be unavailable while there are many buys or under DoS attack  ## Summary The ````_accruePremiumAndExpireProtections()```` called by ````accruePremiumAndExpireProtections()```` has unbound loop on all active ````ProtectionInfo```` in the pool. While there are many buys or under DoS attack, the ````accruePremiumAndExpireProtections()```` will cost too much gas, lead to transaction for calling it can't be included into block.  #"
40,Carapace,179,Buyer can get protection cheaply using renewal grace period and low minimal renewal duration,libratus,High; Duplicate; Reward,"Borrow Logic, Front-running","libratus  high  # Buyer can get protection cheaply using renewal grace period and low minimal renewal duration  ## Summary Buyer can keep renewing protection at the end of grace period using minimal renewal duration. While on grace period, buyer can front-run defaults effectively getting protection while not paying for it.  ## Vulnerability Detail Grace period for renewing protection is planned to be around 14 days as mentioned in tests: https://github.com/sherlock-audit/2023-02-carap"
40,Carapace,174,Existing buyer who has been regularly renewing protection will be denied renewal even when she is well within the renewal grace period,0Kage,High; Sponsor Confirmed; Will Fix; Reward,DoS,"0Kage  high  # Existing buyer who has been regularly renewing protection will be denied renewal even when she is well within the renewal grace period  ## Summary Existing buyers have an opportunity to renew their protection within grace period. If lending state update happens from `Active` to `LateWithinGracePeriod` just 1 second after a buyer's protection expires, protocol denies buyer an opportunity even when she is well within the grace period.  Since defaults are not sudden and an `Active` l"
40,Carapace,168,Bypass the deposit lock time rule and take risk free premium,KingNFT,High; Duplicate; Reward,"Deposit, Withdraw",KingNFT  high  # Bypass the deposit lock time rule and take risk free premium  ## Summary There is a ````deposit lock time rule```` for sellers which is to prevent sellers from running away when a default event happens.  https://www.carapace.finance/docs/protocol-mechanics/protection_sellers#request-for-withdrawal ```solidity Each seller must lock their capital for at least one cycle plus the remaining days in the current cycle from the point  where a request is made. Since the cycle duration is
40,Carapace,164,Protection may not be expirable due to out-of-gas possiblity,yixxas,High; Duplicate; Reward,DoS,"yixxas  high  # Protection may not be expirable due to out-of-gas possiblity  ## Summary `_accruePremiumAndExpireProtections()` is used to expire protection. If the number of protections is too high, function will revert and we will not be able to expire protections.  ## Vulnerability Detail `_accruePremiumAndExpireProtections()` loops through all protections that has been added to a lendingPool. Protections can be purchased through `buyProtection()` and it does not limit the amount of protectio"
40,Carapace,160,Unbounded loop can consume all gas and revert transaction in multiple places.,ctf_sec,High; Duplicate; Reward,Other,ctf_sec  medium  # Unbounded loop can consume all gas and revert transaction in multiple places.  ## Summary  Unbounded loop can consume all gas and revert transaction in multiple places.  ## Vulnerability Detail  There are a few unboudned for loop that can consume all gas and revert transction.  ```solidity contracts\core\DefaultStateManager.sol:   125      /// assess the state of all registered protection pools except the dummy pool at index 0   126:     for (uint256 _poolIndex = 1; _poolIndex
40,Carapace,159,No hard limit on protection buyers can block calls to `accruePremiumAndExpireProtections`,Tricko,High; Duplicate; Reward,Other,"Tricko  medium  # No hard limit on protection buyers can block calls to `accruePremiumAndExpireProtections`  ## Summary If the number of active protecions on a lending pools gets high enough, this can lead to calls to `accruePremiumAndExpireProtections` reverting as the max gas per block is reached.  ## Vulnerability Detail There is no hard limit on the number of protection buyers. While the leverage ratio stays within bounds defined by `leverageRatioFloor` and `leverageRatioCeiling`, new calls "
40,Carapace,158,Claimable amounts not accumulated correctly in `claimUnlockedCapital` can lead to loss of funds to depositors.,Tricko,High; Duplicate; Reward,"Deposit, Fund Loss, Share Manipulation","Tricko  high  # Claimable amounts not accumulated correctly in `claimUnlockedCapital` can lead to loss of funds to depositors.  ## Summary `_calculateClaimableAmount` only claims the most recent claimable amount, earlier entries in the `lockedCapitals` array are not accumulated correctly in `_claimableUnlockedCapital`.  ## Vulnerability Detail Whenever the function `claimUnlockedCapital` is invoked, it loops through all of the lending pools within a protection pool. For each lending pool, it als"
40,Carapace,156,"Buyer can transfer the Goinfinch Pool Position NFT multiple times to different address to buy the premium protection multiple times, result in double counting of the protection amount",ctf_sec,High; Duplicate; Reward,Deposit,"ctf_sec  medium  # Buyer can transfer the Goinfinch Pool Position NFT multiple times to different address to buy the premium protection multiple times, result in double counting of the protection amount  ## Summary  Buyers can transfer the Goinfinch Pool Position NFT multiple times to different times to buy the premium protection multiple times  ## Vulnerability Detail  In the current implementation, when buyers want to buy premium, the code verifies that the buyer hold the lending pool LP posit"
40,Carapace,154,Possible DoS of functions by exceeding maximum gas limit when protectionInfo array is too large,peanuts,High; Duplicate; Reward,DoS,"peanuts  medium  # Possible DoS of functions by exceeding maximum gas limit when protectionInfo array is too large  ## Summary  Possible DoS of functions by exceeding maximum gas limit when `protectionInfo` array is too large. Unbounded loop.  ## Vulnerability Detail  Every time a buyer buys a premium, the `protectionInfos` array is updated.  [ProtectionPool#_verifyAndCreateProtection():](https://github.com/sherlock-audit/2023-02-carapace/blob/main/contracts/core/pool/ProtectionPool.sol#L871-L88"
40,Carapace,153,Can shut down premium accrual in any payment pool by dusting with small protection purchases,jkoppel,High; Duplicate; Reward,"Interest Rate, Borrow Logic","jkoppel  high  # Can shut down premium accrual in any payment pool by dusting with small protection purchases  ## Summary  ProtectionPool._accruePremiumAndExpireProtections() contains a loop through all active protections. Users are able to add a large number of protections for 0 or tiny amounts of capital and cause this to get an OUT OF GAS error, thereby shutting down interest accrual.  ## Vulnerability Detail  ProtectionPool._accruePremiumAndExpireProtections()  contains a loop  ```solidity  "
40,Carapace,152,"Anyone can buy a protection in any lending pool, so long as the protection is size 0. Thus, anyone can shut down all premium accrual for a pool",jkoppel,High; Duplicate; Reward,Interest Rate,"jkoppel  high  # Anyone can buy a protection in any lending pool, so long as the protection is size 0. Thus, anyone can shut down all premium accrual for a pool  ## Summary  Anyone can buy a protection for 0 capital in any lending pool. This is not significant on its own, but it enables anyone to carry out a protection-dusting attack that causes a fatal OUT OF GAS error blocking all logic for late payments and premium accrual ( see https://github.com/sherlock-audit/2023-02-carapace-jkoppel/issue"
40,Carapace,150,Gas Limit Denial of Service via unbounded operations on active protections enumerable set,MalfurionWhitehat,High; Duplicate; Reward,DoS,"MalfurionWhitehat  medium  # Gas Limit Denial of Service via unbounded operations on active protections enumerable set  ## Summary  `ProtectionPool` is vulnerable to denial of service due to [unbounded operations](https://consensys.github.io/smart-contract-best-practices/attacks/denial-of-service/#gas-limit-dos-on-a-contract-via-unbounded-operations) on the enumerable set of active protections.  ## Vulnerability Detail  Each block has an upper bound on the amount of gas that can be spent, and th"
40,Carapace,149,Can shut down ProtectionPool late payment logic by dusting purchase of small protections,jkoppel,High; Duplicate; Reward,Borrow Logic,jkoppel  high  # Can shut down ProtectionPool late payment logic by dusting purchase of small protections  ## Summary  ProtectionPool.lockCapital() contains a loop through all active protection indices of a lending pool. Users are able to add a large number of protections for 0 or tiny amounts of capital and cause this to get an OUT OF GAS error. This will in turn shut down DefaultStateManager._assessStates whenever any lending pool in a protection pool is entering a late period.  ## Vulnerabili
40,Carapace,146,a secondary market for sTokens is dangerous with how withdrawals work,immeas,High; Duplicate; Reward,"Flash Loan, Interest Rate, Borrow Logic","immeas  high  # a secondary market for sTokens is dangerous with how withdrawals work  ## Summary Using a secondary market like uniswap a user can use flash loans to take shares of interest without taking any of the risk.  ## Vulnerability Detail  From the [docs](https://www.carapace.finance/WhitePaper#yields-distribution:~:text=If%20sellers%20wish,for%20protection%20sellers.): > If sellers wish to redeem their capital and interest before the lockup period, they might be able to find"
40,Carapace,144,a protection seller can deposit and withdraw in the same cycle,immeas,High; Duplicate; Reward,"Interest Rate, Deposit, Withdraw",immeas  medium  # a protection seller can deposit and withdraw in the same cycle  ## Summary A protection seller only need to stake their funds during the two first cycles after that they can deposit and withdraw in the same cycle.  ## Vulnerability Detail To do a withdrawal you need to register two cycles in advance that you aim to do a withdrawal. Then after two cycles you can withdraw once the pool reaches the Open state. This protects protection buyers against sellers withdrawing right befor
40,Carapace,142,Protection seller will lose unlocked capital if it fails to claim during more than one period,MalfurionWhitehat,High; Has Duplicates; Sponsor Confirmed; Will Fix; Reward,Other,"MalfurionWhitehat  high  # Protection seller will lose unlocked capital if it fails to claim during more than one period  ## Summary  The protection seller will lose unlocked capital if it fails to claim during more than one period.  ## Vulnerability Detail  The function `DefaultStateManager._calculateClaimableAmount`, used by `DefaultStateManager.calculateAndClaimUnlockedCapital`, which in turn is used by `ProtectionPool.claimUnlockedCapital`, [overrides the claimable unlocked capital](https://"
40,Carapace,140,ProtectionPool#withdraw does not check the cycle state,peanuts,High; Duplicate; Reward,"Deposit, Withdraw",peanuts  medium  # ProtectionPool#withdraw does not check the cycle state  ## Summary  ProtectionPool#withdraw does not check the cycle state.  ## Vulnerability Detail  The documentation states that the protection pool cycle moves through the following states:  ```solidity None: The cycle state of unregistered pools Open: The cycle is open for withdrawal Locked: The cycle is locked for withdrawal ``` Reference: https://docs.google.com/document/d/1RihHcf-jS45BorVufVm4aYdXdQ65CaOxtW6ljz8DCOs/edit#
40,Carapace,139,Protocol can lock up capital greater than cumulative outstanding principal of buyers,0Kage,High; Duplicate; Sponsor Disputed; Reward,"Deposit, Withdraw, Overflow","0Kage  high  # Protocol can lock up capital greater than cumulative outstanding principal of buyers  ## Summary I've made an earlier submission stating that a user can buy protection for an amount greater than principal outstanding in lending pool. This is possible by buying protection on smaller amounts multiple times that cumulatively adds up to an amount greater than outstanding principal. Current issue is an extension of the same issue - but this time, vulnerability exists in logic fo"
40,Carapace,125,Unbounded loop in ProtectionPool#lockCapital can be maliciously dos'd,0x52,High; Duplicate; Reward,DoS,"0x52  high  # Unbounded loop in ProtectionPool#lockCapital can be maliciously dos'd  ## Summary  ProtectionPool#lockCapital loops through the entire activeProtectionIndexes when calculating the amount of underlying to lock. A malicious user could make a large number of protections to inflate this array and cause an out-of-gas error. The lockCapital call is essential to locking the pool in case a default occurs, making it impossible.  ## Vulnerability Detail  See summary  ## Impact  The protectio"
40,Carapace,123,A buyer can buy more protection than his outsanding principal on lending pool,0Kage,High; Duplicate; Reward,Other,0Kage  high  # A buyer can buy more protection than his outsanding principal on lending pool  ## Summary A user can keep buying protection multiple times for smaller amounts that cumulatively add up to more than his outstanding principal. Protocol doesn't track cumulative protection purchased by a buyer when buying new protection.  This can lead to loss of premium for naive/first-time protection buyers who might (wrongly) think that they get higher payout if they buy more protection. `Accidental
40,Carapace,116,Sybil on withdrawal requests can allow leverage factor manipulation with flashloans,clems4ever,High; Has Duplicates; Sponsor Confirmed; Will Fix; Reward,"Flash Loan, Deposit, Withdraw","clems4ever  high  # Sybil on withdrawal requests can allow leverage factor manipulation with flashloans  ## Summary To be able to withdraw, a user has to request a withdraw first. The only requirement to be able to request a withdraw is to have a balance of SToken upon requesting. By requesting withdraws with the same tokens but from different addresses, a malicious user can create the option to withdraw during one cycle more than what is deposited in the protocol. They cannot drain the protocol"
40,Carapace,115,Seller may bypass the 2 cycles safeguard after initial 2 cycles,clems4ever,High; Duplicate; Reward,"Deposit, Withdraw","clems4ever  high  # Seller may bypass the 2 cycles safeguard after initial 2 cycles  ## Summary Carapace has a safeguard which prevents protection sellers to sell instantly, by delaying any withdrawal attempt by 2 cycles. However any protection seller may circumvent this safeguard by requesting withdrawal for all of their funds at each cycle. This way they will be able to withdraw all of their funds instantly 2 cycles after initial deposit. They can later use this to front run locking of capital"
40,Carapace,114,Dos due to unbounded array of active protections may prevent locking of capital,clems4ever,High; Duplicate; Reward,"Deposit, Withdraw, DoS","clems4ever  high  # Dos due to unbounded array of active protections may prevent locking of capital  ## Summary An user can take an unlimited number of protections for a given `lendingPool`. However when locking capital in case of late payment of a loan, the function `lockCapital` iterates over all active protections to determine the amount of capital to lock.  This means that a malicious user can prevent capital from being locked by buying multiple protections for a very small amount, stuffing "
40,Carapace,112,Protection buyer may buy multiple protections for same goldfinch NFT,clems4ever,High; Has Duplicates; Sponsor Confirmed; Reward,"Deposit, DoS",clems4ever  high  # Protection buyer may buy multiple protections for same goldfinch NFT  ## Summary The Carapace protocol checks that a protection buyer does not buy a protection for an  amount greater than the remainingPrincipal in the corresponding loan.  However it possible for the buyer to buy multiple different protections for the same Goldfinch loan.  ## Vulnerability Detail The check for the possibility for a user to buy a protection is done here in `ReferenceLendingPools.canBuyProtectio
40,Carapace,111,Protection buyer loses protection if NFT is transferred or split,clems4ever,High; Duplicate; Reward,Other,"clems4ever  high  # Protection buyer loses protection if NFT is transferred or split  ## Summary A lender on an external lending platform such as Goldfinch gets an NFT to represent their loan. This NFT is checked for ownership when buying a protection on Carapace. However if later the NFT is transferred or split, the protection is invalidated.  ## Vulnerability Detail We can see in the function `calculateRemainingPrincipal`: https://github.com/sherlock-audit/2023-02-carapace/blob/main"
40,Carapace,110,Seller can withdrawal in any cycle and can withdraw any amount with the help of flashloan after two cycles passes,ctf_sec,High; Duplicate; Reward,"Borrow Logic, Withdraw, Front-running","ctf_sec  high  # Seller can withdrawal in any cycle and can withdraw any amount with the help of flashloan after two cycles passes  ## Summary  User can withdrawal in any cycle and can withdraw any amount with the help of flashloan  ## Vulnerability Detail  According to the documentation,   https://www.carapace.finance/docs/protocol-mechanics/protection_sellers#request-for-withdrawal  > A withdrawal request gives the seller the option but not the obligation to withdraw funds after the end of the"
40,Carapace,108,Malicious user can cause a DOS attack on critical pool functions such as `accruePremiumAndExpireProtections` and `lockCapital`,0Kage,High; Duplicate; Reward,"Deposit, DoS",0Kage  high  # Malicious user can cause a DOS attack on critical pool functions such as `accruePremiumAndExpireProtections` and `lockCapital`  ## Summary A malicious user can buy very small amount of protection against a given loan position. This can create a practically unlimited number of active protections.  Mission critical operations such as `accruePremiumAndExpireProtections` that are run via a `cron job` can be DOSed as the function loops over all active Protections for each lending pool.
40,Carapace,103,User can buy protection for 0 amount for free in order to be able to renew it with not 0 amount when they think pool will default,rvierdiiev,High; Duplicate; Reward,Other,rvierdiiev  medium  # User can buy protection for 0 amount for free in order to be able to renew it with not 0 amount when they think pool will default  ## Summary User can buy protection for 0 amount for free in order to be able to renew it with not 0 amount when they think pool will default  ## Vulnerability Detail When users buys protection he provides amount that he wants to protect. There is no any limit. Amount should be [less than principal amount](https://github.com/sherlock-audit/2023-0
40,Carapace,102,Adversary can DOS seller premium payments by creating a large number of tiny protections,0x52,High; Duplicate; Reward,DoS,0x52  medium  # Adversary can DOS seller premium payments by creating a large number of tiny protections  ## Summary  ProtectionPool#_accruePremiumAndExpireProtections loops through every active protection. An adversary could create a large number of small protections that would cause an OOG error blocking accrual of premium.  ## Vulnerability Detail  See summary  ## Impact  ## Code Snippet  https://github.com/sherlock-audit/2023-02-carapace/blob/main/contracts/core/pool/ProtectionPool.sol#L963-
40,Carapace,98,Claimable amount for all locked capital in a lending pool only return latest snapshot and wrong total claimable amount,VAD37,High; Duplicate; Reward,Share Manipulation,"VAD37  high  # Claimable amount for all locked capital in a lending pool only return latest snapshot and wrong total claimable amount  ## Summary  In protocol, sellers can call `claimUnlockedCapital()` in `ProtectionPool.sol` which `DefaultStateManager.sol` will go through all locked capital of the lending pool and return a calculated `ClaimableAmount` for `ProtectionPool` to send back to user and cache latest claimable `snapshotId` for future claim.  ## Vulnerability Detail  `DefaultStateManage"
40,Carapace,97,Malicious protection buyer can manipulate pool leverage ratio to block genuine protection buyers,0Kage,High; Duplicate; Reward,DoS,"0Kage  high  # Malicious protection buyer can manipulate pool leverage ratio to block genuine protection buyers  ## Summary  Protocol docs state that `naked protection buying` is not allowed - scenario where a protection buyer does not hold underlying loan position & yet makes a protection claim. This is currently enforced by verifying if protection buyer holds the NFT token when making a claim for protection payout.  Unfortunately, similar verification does not exist at the time of bu"
40,Carapace,96,Users can share/borrow sTokens to bypass minimum deposit time,0x52,High; Duplicate; Escalation Resolved; Reward,"Borrow Logic, Deposit, Withdraw","0x52  high  # Users can share/borrow sTokens to bypass minimum deposit time  ## Summary  _requestWithdrawal allows users to request a withdrawal up to their current amount of sTokens. This prevents the user from requesting a withdraw before they deposit to game the withdrawal system. The current safeguards are not sufficient however. Users can easily bypass this requirement by borrowing or sharing sTokens between themselves. User A transfers to User B who then uses those tokens to reques"
40,Carapace,94,Protection sellers can easily game withdrawal requests to collect risk free yield,0x52,High; Duplicate; Reward,"Interest Rate, Borrow Logic, Deposit",0x52  high  # Protection sellers can easily game withdrawal requests to collect risk free yield  ## Summary  ProtectionPool#requestWithdrawal places a three period restriction for withdraw. This prevents sellers from withdrawing ahead of potential late payments or defaults. The current system however has no penalty for withdraws and sellers can queue overlapping withdraws across multiple cycles. The result is that after the first few cycles they can join for the only the open period of the cycle
40,Carapace,91,The ````New Protection Rule```` can be bypassed,KingNFT,High; Duplicate; Reward,Borrow Logic,"KingNFT  high  # The ````New Protection Rule```` can be bypassed  ## Summary There is a ````New Protection Rule```` for buyers which is due to https://www.carapace.finance/docs/protocol-mechanics/protection_buyers ```solidity A buyer can only buy new protection within 90 days after a lending pool is added to our pool.  After that point, they will not be able to purchase protection. Existing lenders cannot buy protection anytime they want. Otherwise, they would buy protection right before the mis"
40,Carapace,82,non claimed `unlockedFunds` are stuck in `ProtectionPool`,immeas,High; Duplicate; Reward,"Borrow Logic, Share Manipulation",immeas  medium  # non claimed `unlockedFunds` are stuck in `ProtectionPool`  ## Summary If a pool goes back and forth between Late and Active and a protection seller fails to claim their unlocked funds they are lost.  ## Vulnerability Detail When a pool becomes late on payment the funds protecting that pool are locked. If the borrower then pays their payment the pool will eventually go back to active making the locked funds available for sellers to claim.  `DefaultStateManager.sol` keeps track o
40,Carapace,80,a buyer of protection can overprotect their position,immeas,High; Duplicate; Reward,Deposit,immeas  high  # a buyer of protection can overprotect their position  ## Summary ProtectionPool limits single protections to not be over the limit of the remaining principal for the position. But there's nothing stopping a lender to do multiple protections of the full amount for the same position as long as they stay within leverage limit.  ## Vulnerability Detail In `ReferenceLendingPools.sol` there's a check that the requested protection amount is not above the remaining principal for the posi
40,Carapace,70,ProtectionPool._accruePremiumAndExpireProtections will stop working when lendingPool will have big number of protections,rvierdiiev,High; Duplicate; Reward,Deposit,rvierdiiev  medium  # ProtectionPool._accruePremiumAndExpireProtections will stop working when lendingPool will have big number of protections  ## Summary ProtectionPool._accruePremiumAndExpireProtections will stop working when lendingPool will have big number of protections ## Vulnerability Detail ProtectionPool._accruePremiumAndExpireProtections function is called to collect premium for active protections and also remove expired protections from active list.  https://github.com/sherlock-audit/
40,Carapace,69,User can create withdrawal request for 2 cycles in a row in order to decrease withdraw time from 2 cycles to only 1 or even to 0,rvierdiiev,High; Duplicate; Reward,"Deposit, Withdraw, Share Manipulation","rvierdiiev  high  # User can create withdrawal request for 2 cycles in a row in order to decrease withdraw time from 2 cycles to only 1 or even to 0  ## Summary User can create withdrawal request for 2 cycles in a row in order to decrease withdraw time from 2 cycles to only 1 or even to 0. ## Vulnerability Detail If protection seller wants to withdraw deposited funds he need to create request for withdrawal. If you do request in cycle n, then you will be able to withdraw that amount in n+2 cycle"
40,Carapace,68,Attacker can withdraw in same or next epoch when he deposited,rvierdiiev,High; Duplicate; Reward,"Deposit, Withdraw, Share Manipulation","rvierdiiev  high  # Attacker can withdraw in same or next epoch when he deposited  ## Summary Attacker can withdraw in same or next epoch when he deposited ## Vulnerability Detail If protection seller wants to withdraw deposited funds he need to create request for withdrawal. If you do request in cycle n, then you will be able to withdraw that amount in n+2 cycle when state is open. This is done in order to make all depositors have same risk of default and loosing of funds. Let's look at `Protec"
40,Carapace,66,Calculating the claimable amount across all locked capitals for a given seller and a lending pool returns only the amount of the last unlocked capital,Koolex,High; Duplicate; Reward,Share Manipulation,"Koolex  high  # Calculating the claimable amount across all locked capitals for a given seller and a lending pool returns only the amount of the last unlocked capital  ## Summary Calculating the claimable amount across all locked capitals for a given seller and a lending pool returns only the amount of the last unlocked capital   ## Vulnerability Detail When the seller calls `ProtectionPool.claimUnlockedCapital` function to claim unlocked capitals, It calls `defaultStateManager.calculateAndClaim"
40,Carapace,63,Too many active protections can cause the ProtectionPool reach the block gas limit,Ruhum,High; Has Duplicates; Sponsor Confirmed; Reward; Won't Fix,Deposit,"Ruhum  medium  # Too many active protections can cause the ProtectionPool reach the block gas limit  ## Summary There are two instances where the ProtectionPool contract loops over an unbounded array. These can cause the transaction to succeed the block gas limit causing the transaction to revert, see https://swcregistry.io/docs/SWC-128.  ## Vulnerability Detail Both in `lockCapital()` and in `_accruePremiumAndExpireProtections()` the contract loops over the unbounded array of protections. If th"
40,Carapace,62,User can game withdrawal requests to be able to withdraw their whole balance in every cycle,Ruhum,High; Duplicate; Reward,"Withdraw, Share Manipulation",Ruhum  medium  # User can game withdrawal requests to be able to withdraw their whole balance in every cycle  ## Summary There's no penalty for not fulfilling a withdrawal request. A user can create a request for every cycle so that they can withdraw their funds whenever they want.  ## Vulnerability Detail The withdrawal request system is supposed to limit the time in which a user can withdraw their funds (open period after the next cycle). A user is able to create a withdrawal request for every
40,Carapace,60,Missing validation of snapshotId makes it possible for the investor to claim unlocked capitals from the same snapshot multiple times,Koolex,High; Has Duplicates; Sponsor Confirmed; Will Fix; Reward,"Fund Drain, Share Manipulation",Koolex  high  # Missing validation of snapshotId makes it possible for the investor to claim unlocked capitals from the same snapshot multiple times  ## Summary Missing validation of snapshotId makes it possible for the investor/seller to claim unlocked capitals from the same snapshot multiple times  ## Vulnerability Detail ### Description The seller can call `ProtectionPool.claimUnlockedCapital` function to claim unlocked capitals. It then calls `defaultStateManager.calculateAndClaimUnlockedCap
40,Carapace,56,Malicious seller can withdraw at same cycle what deposit,jprod15,High; Duplicate; Reward,"Deposit, Withdraw","jprod15  high  # Malicious seller can withdraw at same cycle what deposit  jesusrod15 ## Summary a malicious seller can inflate their request Withdrawal with help another user,  transferring their STokens and create a request Withdrawal with amount  that no have deposit then transfer  Stokens back to user, then in a phase  OpenToSellers 2 cycles later can deposit amount of requets Withdrawal,  wait  ProtectionPoolPhase.Open and withdraw getting gains   PoC we assume  phase OpenToSellers  cycle 1"
40,Carapace,52,Buyer can buy protection only for expected payment days by abusing renewals,jkoppel,High; Duplicate; Reward,Other,"jkoppel  high  # Buyer can buy protection only for expected payment days by abusing renewals  ## Summary  Protection buyer can have a protection that expires and renews every day. On days when a payment is expected, they set the renewal to their full principal. On other days, they set the renewal to a tiny amount.  ## Vulnerability Detail  ProtectionPoolHelper.verifyBuyerCanRenewProtection contains no checks for how much protection is under a renewal. The renewed protection can be for 1/1000th a"
40,Carapace,51,Users can skip withdrawal timelocks by spamming requestWithdrawal every cycle,carrot,High; Duplicate; Reward,"Deposit, Withdraw","carrot  high  # Users can skip withdrawal timelocks by spamming requestWithdrawal every cycle  ## Summary The protocol is designed to ""lock"" the liquidity in the pool till 2 cycles after a user has decided to withdraw. This design is in place, to prevent a user from immediately withdrawing their liquidity on suspicion of an incoming default. This forces sellers to take the risk of the debt. However, due to the design of the protocol, a user can request a withdrawal every cycle, and from 2 cycles"
40,Carapace,46,Capital Loss Vulnerability : Incorrect Calculation of Claimable Unlocked Capital,dec3ntraliz3d,High; Duplicate; Reward,Other,dec3ntraliz3d  high  # Capital Loss Vulnerability : Incorrect Calculation of Claimable Unlocked Capital  ## Summary  The `_calculateClaimableAmount` internal function in the `DefaultStateManager` contract incorrectly calculates claimable unlocked capital and can therefore cause a capital loss for the protection seller.  ## Vulnerability Detail  The `_calculateClaimableAmount` internal function cycles through all locked capital for a specific lending pool and seller but doesn't add all the amount
40,Carapace,40,user may not be able to renewProtection()  properly within protectionRenewalGracePeriodInSeconds,bin2chen,High; Duplicate; Reward,Other,"bin2chen  medium  # user may not be able to renewProtection()  properly within protectionRenewalGracePeriodInSeconds  ## Summary  user may not be able to renewProtection()  properly within protectionRenewalGracePeriodInSeconds  ## Vulnerability Detail  Users can call renewProtection to buy protection, renew will reduce the limit, e.g.:_minProtectionDurationInSeconds can be only one day  but need to meet certain conditions, such as the need not to expire too long, not greater than th"
40,Carapace,39,requestWithdrawal()  lack of refresh pool cycle  before get cycle index,bin2chen,High; Duplicate; Reward,Withdraw,"bin2chen  medium  # requestWithdrawal()  lack of refresh pool cycle  before get cycle index  ## Summary  requestWithdrawal()  lack of refresh pool cycle  before get cycle index, use may withdraw() at 2 cycle  ## Vulnerability Detail  Users may submit withdrawal requests via requestWithdrawal(), which is currently restricted by protocol to actual withdrawals during the open period of the third cycle after 2 cycles code: ```solidity   function _requestWithdrawal(uint256 _sTokenAmount) internal {  "
40,Carapace,38,C7e7eff - Ineffective remaining principal limit for buyer,c7e7eff,High; Duplicate; Reward,Deposit,c7e7eff  medium  # C7e7eff - Ineffective remaining principal limit for buyer  C7e7eff Medium  ## Summary When a buyer buys protection there is a check to limit the amount of protection that can be bought based on the remaining principal. However the limit can be breached by simply buying multiple protections on the same `nftLpTokenId`. The Goldfinch pooltoken doesn't even have to be moved to a new address to be able to do this.  ## Vulnerability Detail When protection is bought the remaining pri
40,Carapace,37,activeProtectionIndexes OUT_OF_GAS attacks,bin2chen,High; Duplicate; Reward,Other,"bin2chen  medium  # activeProtectionIndexes OUT_OF_GAS attacks  ## Summary  The lack of a limit on the number of activeProtectionIndexes may result in be OUT_OF_GAS attacks  ## Vulnerability Detail  There are currently two places where the activeProtectionIndexes array needs to be looped through, and each loop has complex business logic.  1.lockCapital() 2.accruePremiumAndExpireProtections() ```solidity  function lockCapital(address _lendingPoolAddress)     external     payable     override     "
40,Carapace,33,_calculateClaimableAmount() wrong calculate the claimable amount,bin2chen,High; Duplicate; Reward,Share Manipulation,"bin2chen  high  # _calculateClaimableAmount() wrong calculate the claimable amount  ## Summary _calculateClaimableAmount()  wrong calculate the claimable amount, seller lost part of the claimable funds ## Vulnerability Detail  When the locked capital is unlocked, the seller can retrieve the capital via ProtectionPool.claimUnlockedCapital(). The current implementation loops through the lockedCapitals[], accumulating all amounts that are unlocked  The code is implemented as follows:  ```solidity c"
40,Carapace,32,claimUnlockedCapital() can be repeatedly claimed,bin2chen,High; Duplicate; Reward,"Fund Theft, Share Manipulation","bin2chen  high  # claimUnlockedCapital() can be repeatedly claimed  ## Summary claimUnlockedCapital() can be repeatedly claimed , Malicious seller can steal fund ## Vulnerability Detail  When the locked capital is unlocked, the seller can retrieve the capital via ProtectionPool.claimUnlockedCapital(). The current implementation loops through the lockedCapitals[], accumulating all amounts that are unlocked and have a SnapshotId greater than the _lastClaimedSnapshotId Finally update poolState.last"
40,Carapace,31,Malicious seller forced break lockCapital(),bin2chen,High; Has Duplicates; Sponsor Confirmed; Will Fix; Reward,Other,"bin2chen  high  # Malicious seller forced break lockCapital()  ## Summary  Malicious burn nft causes failure to lockCapital() ，seller steady earn PremiumAmount, buyer will be lost compensation  ## Vulnerability Detail When the status of the lendingPool changes from Active to Late, the protocol will call ProtectionPool.lockCapital() to  lock amount lockCapital() will loop through the active protections to calculate the ```lockedAmount```. The code is as follows: ```solidity   function lockCapital"
40,Carapace,26,Sandwich attack to accruePremiumAndExpireProtections(),chaduke,High; Has Duplicates; Sponsor Confirmed; Reward,"Exchange Rate, Deposit, Withdraw","chaduke  high  # Sandwich attack to accruePremiumAndExpireProtections()  ## Summary ``accruePremiumAndExpireProtections()`` will increase ``totalSTokenUnderlying``, and thus increase the exchange rate of the ``ProtectionPool``. A malicious user can launch a sandwich attack and profit. This violates the ``Fair Distribution`` principle of the protocol:  [https://www.carapace.finance/WhitePaper#premium-pricing](https://www.carapace.finance/WhitePaper#premium-pricing)  ## Vulnerability Detail Let's "
40,Carapace,25,Front-running attack to lockCapital(),chaduke,High; Duplicate; Reward,"Exchange Rate, Withdraw, Front-running","chaduke  medium  # Front-running attack to lockCapital()  ## Summary When ``lockCapital()`` gets executed, the ``exchangeRate`` - underlying tokens/share, will dramatically decreased. A user, however, can front-run ``lockCapital()`` to withdraw the underling tokens with the higher rate before the execution of ``lockCapital()``, and thus gaining advantage over their peers who have not done so.   To be precise, one needs to front-run ``assessStates()`` due to the following call-chain:  `"
40,Carapace,22,A lender can bypass the protection amount limit check by buying more protections.,chaduke,High; Duplicate; Reward,Reentrancy,"chaduke  medium  # A lender can bypass the protection amount limit check by buying more protections.  ## Summary When a lender buys a protection agreement, there is limit check: ""that protection amount is less than or equal to the remaining principal  that buyer has lent to the underlying lending pool"". However, this check can be bypassed by buying more protections for the same position for a given lending pool. As a result, the lender effectively bypass such a check.  ## Vulnerability Detail We"
40,Carapace,19,DOS attack to function ``_accruePremiumAndExpireProtections()`` due to iteration through all active protections.,chaduke,High; Duplicate; Reward,"Reentrancy, DoS","chaduke  medium  # DOS attack to function ``_accruePremiumAndExpireProtections()`` due to iteration through all active protections.  ## Summary DOS attack to function ``_accruePremiumAndExpireProtections()`` due to iteration through all active protections. Similar DOS attack can be launched to ``getAllProtections()`` as well.  ## Vulnerability Detail We show how a DOS attack to ``_accruePremiumAndExpireProtections()`` is possible:   1) First, ``_accruePremiumAndExpireProtections()`` needs to ite"
40,Carapace,18,accruePremiumAndExpireProtections is vulnerable to DDoS,Koolex,High; Duplicate; Reward,DoS,"Koolex  high  # accruePremiumAndExpireProtections is vulnerable to DDoS  ## Summary accruePremiumAndExpireProtections is vulnerable to DDoS  ## Vulnerability Detail When buying a protection, the protection is pushed to `protectionInfos` array and the  `_protectionIndex` is added to `activeProtectionIndexes` of both the lending pool and the buyer account:  ```sh uint256 _protectionIndex = protectionInfos.length - 1;     lendingPoolDetail.activeProtectionIndexes.add(_protectionIndex);     protecti"
40,Carapace,15,Malicious user can manipulate premeium price before buy protection,mahdikarimi,High; Duplicate; Reward,"Deposit, Withdraw, Sandwich","mahdikarimi  high  # Malicious user can manipulate premeium price before buy protection  ## Summary Malicious user can create fake withdraw requests for different accounts in a specific cycle , this gives the user ability to deposit and withdraw in that same cycle with different accounts and sandwich buyProtection between deposits and withdraws in one cycle or even transaction if user be a smart contract . This cause to manipulate premium price before buy protection and buy protection eve"
40,Carapace,12,Withdraw request can be made without funds - Bypass Withdraw Delay,csanuragjain,High; Duplicate; Reward,"Deposit, Withdraw",csanuragjain  high  # Withdraw request can be made without funds - Bypass Withdraw Delay  ## Summary It was observed that withdraw request is executed post 2 cycles of request creation. This could be tricked by attacker to create a withdraw request for funds which does not even exist. This allows attacker to withdraw funds early than required delay as shown in POC  ## Vulnerability Detail 1. Assume User has a balance of amount 5 2. User request withdrawal which internally calls `_requestWithdraw
40,Carapace,11,_accruePremiumAndExpireProtections() and lockCapital() could revert due to out of gas when the activeProtectionIndexes array size is large,Bauer,High; Duplicate; Reward,Other,Bauer  high  # _accruePremiumAndExpireProtections() and lockCapital() could revert due to out of gas when the activeProtectionIndexes array size is large  ## Summary Functions ```_accruePremiumAndExpireProtections()``` and ```lockCapital()``` could revert due to out of gas when the activeProtectionIndexes array size is large  ## Vulnerability Detail Functions ```_accruePremiumAndExpireProtections()``` and ```lockCapital()```  loop through the ```activeProtectionIndexes``` array.  ```solidity   u
40,Carapace,10,Missing checks for amount 0  when buy or renew protection resulting in a large amount of garbage data  generated in the protocol,Bauer,High; Duplicate; Reward,Other,"Bauer  medium  # Missing checks for amount 0  when buy or renew protection resulting in a large amount of garbage data  generated in the protocol  ## Summary There is no verification that  if the ```_protectionPurchaseParams.protectionAmount```  is 0 in the validation process when user buy or renew protection,  user can buy a large amount of protection to fill the array with ```_protectionPurchaseParams.protectionAmount = 0```. A large amount of garbage data generated in the protocol. It "
40,Carapace,3,User's balance can be reused to submit a withdrawal request that breaks the logic of deposit and withdrawal,Bauer,High; Duplicate; Reward,"Deposit, Withdraw, Share Manipulation",Bauer  high  # User's balance can be reused to submit a withdrawal request that breaks the logic of deposit and withdrawal  ## Summary  When user make a withdrawal request there is no change and record for user's balance in the process. User's balance can be reused to submit a withdrawal request that breaks the logic of deposit and withdrawal.  ## Vulnerability Detail ```solidity function _requestWithdrawal(uint256 _sTokenAmount) internal {     uint256 _sTokenBalance = balanceOf(msg.sender);    
57,Y2K,515,A malicious user can deny user reward enlisted in rollover,AlexCzm,High; Duplicate; Reward,"Collateral, Share Manipulation","AlexCzm  high  # A malicious user can deny user reward enlisted in rollover  ## Summary A malicious user can edit rolloverQueue amounts for other users and to deprive of potential rewards.  ## Vulnerability Detail Developer intention was to set an unique index for each user enlisted in rollover and save it to `ownerToRollOverQueueIndex`. But when an already enlisted user edits his entries, `  ownerToRollOverQueueIndex[_receiver]` is set to the rolloverQueue.length.  Let's take an example:  Alice"
57,Y2K,514,Lack of CEI in `mintRollovers` can be exploited by users two inflate their shares amount,joestakey,High; Duplicate; Reward,"Deposit, Withdraw, DoS","joestakey  high  # Lack of CEI in `mintRollovers` can be exploited by users two inflate their shares amount  ## Summary Because storage is updated after minting the shares, a malicious attacker can enter `delistRollover` using `onERC1155Received` to inflate the shares amount of another user.  ## Vulnerability Detail minting of shares in rollover is done before updating storage  ```solidity Earthquake/src/v2/Carousel/Carousel.sol 437: _mintShares(queue[index].receiver, _epochId, assetsToMint); //"
57,Y2K,513,Deposit fee can always be avoided,iglyx,High; Duplicate; Reward,"Deposit, Overflow, Reentrancy","iglyx  high  # Deposit fee can always be avoided  ## Summary  Any depositor can avoid paying deposit fee by substituting `deposit(id, ...)` call with an atomically coupled `deposit(0, ...) -> mintDepositInQueue(id, 1)` call.  Core reason is that deposit fee is fully substituted with relayer fee sent back to a caller, while `depositQueue` is processed in `LIFO` order.  ## Vulnerability Detail  Bob the depositor wants to deposit just before epoch start to minimize the level of risk by maximizing t"
57,Y2K,511,Adversary can block deposit queue by adding a smart contract that rejects new shares when minted,libratus,High; Duplicate; Reward,"Deposit, Share Manipulation","libratus  high  # Adversary can block deposit queue by adding a smart contract that rejects new shares when minted  ## Summary Adversary can block deposit queue by adding a smart contract that rejects new shares when minted  ## Vulnerability Detail Similar to the rollover issue, mintDepositInQueue in Carousel goes over all deposits in the queue sequentially and mints shares for users. If, for some reason, it reverts for one of the deposits, the whole deposit process is blocked.  ```solidity     "
57,Y2K,509,The mintRollovers function will skip users,BPZ,High; Duplicate; Reward,DoS,"BPZ  medium  # The mintRollovers function will skip users  BPZ  medium  ## Summary  The protocol has the functionallity to allow users to automatically roll their positions over to the next available epoch. This functionallity is implemented by a relayer calling the [mintRollovers function](https://github.com/Y2K-Finance/Earthquake/blob/736b2e1e51bef6daa6a5ecd1decb7d156316d795/src/v2/Carousel/Carousel.sol#L361). For a given epoch, the starting index of where to begin iterating through the rollOv"
57,Y2K,503,The assignment should be made only if ownerToRollOverQueueIndex[_receiver] == 0,datapunk,High; Duplicate; Reward,Other,"datapunk  high  # The assignment should be made only if ownerToRollOverQueueIndex[_receiver] == 0  ## Summary enlistInRollover makes assignment at the end: ```ownerToRollOverQueueIndex[_receiver] = rolloverQueue.length;``` However, this is wrong when ownerToRollOverQueueIndex[_receiver] starts off as non-zero   ## Vulnerability Detail enlistInRollover makes assignment at the end: ```ownerToRollOverQueueIndex[_receiver] = rolloverQueue.length;``` However, this is wrong when ownerToRollOverQueueIn"
57,Y2K,502,rolloverQueue is corrupted on repeated enlisting,iglyx,High; Duplicate; Reward,Deposit,"iglyx  high  # rolloverQueue is corrupted on repeated enlisting  ## Summary  enlistInRollover() resets `ownerToRollOverQueueIndex` of the `_receiver` to the end of the line even when there is old queue entry in the middle of it.  ## Vulnerability Detail  When user calls enlistInRollover() already having the rollover request, which is a correct use case, user's old entry is correctly updated, but then `ownerToRollOverQueueIndex[_receiver]` is being reset.  After this `getRolloverIndex(_receiver)`"
57,Y2K,497,Adversary can block rollover by adding a smart contract that rejects new shares when minted,libratus,High; Duplicate; Reward,"Deposit, Share Manipulation","libratus  high  # Adversary can block rollover by adding a smart contract that rejects new shares when minted  ## Summary Adversary can block rollover for all users by using a smart contract that rejects new shares minted  ## Vulnerability Detail `mintRollovers` in Carousel goes over all requested rollovers sequentially and transfers users' positions to the new epoch. If, for some reason, it reverts for one of the positions, the whole rollover process is blocked.  An attacker can initiate such r"
57,Y2K,489,Users lose premium gained when enrolled to `mintRollovers`,carrot,High; Duplicate; Reward,"Withdraw, Share Manipulation","carrot  high  # Users lose premium gained when enrolled to `mintRollovers`  ## Summary  `mintRollovers` function in Carousel.sol is used to invest the winnings of one epoch into another epoch. The user must enlist into the system, which creates a `QueueItem` struct for the user, storing their position details. This function however does not take into account the change in the user's balance due to the premium earned, and only re-invests the old amount, losing the users premium.  ## Vulnerability"
57,Y2K,482,Faulty index update of ownerToRollOverQueueIndex could break rollover,minhtrng,High; Duplicate; Reward,Other,"minhtrng  high  # Faulty index update of ownerToRollOverQueueIndex could break rollover  ## Summary  When enlisting rollovers, the index of the receiver is always updated even when it has not changed, allowing for manipulation of other queue items. This allows to prevent others from rolling over, or breaking the rollover completely.  ## Vulnerability Detail  The function `Carousel.enlistInRollover` always updates the `ownerToRollOverQueueIndex` even if the queue item of the `_receiver` has only "
57,Y2K,478,Entitled shares not handled during rollover,minhtrng,High; Duplicate; Reward,"Withdraw, Fund Loss, Vault","minhtrng  high  # Entitled shares not handled during rollover  ## Summary  When rolling over, entitled shares are neither send nor rolled over. The ERC1155 tokens that grant access to those shares are burned however, hence locking the entitled funds in the contract.  ## Vulnerability Detail  The function `mintRollovers` calculates entitled shares and entitled emissions for an amount of assets, but only transfers the emissions:  ```js uint256 entitledShares = previewWithdraw(     queue[index].epo"
57,Y2K,477,"`Carousel.enlistRollover` always overwrite the `_receiver` `ownerToRollOverQueueIndex` mapping, breaking the delisting process.",joestakey,High; Duplicate; Reward,"Deposit, Vault","joestakey  medium  # `Carousel.enlistRollover` always overwrite the `_receiver` `ownerToRollOverQueueIndex` mapping, breaking the delisting process.  ## Summary `enlistRollover` always overwrite the `_receiver` `ownerToRollOverQueueIndex` mapping, meaning users calling the function more than once will have their mapping wrongfully updated and allow them to `delist` other users queued rollovers.  ## Vulnerability Detail Users can enlist in a rollover queue with `enlistInRollover`. The function pu"
57,Y2K,476,Delisting a processed rollover item causes skip of unprocessed one,minhtrng,High; Duplicate; Reward,Other,"minhtrng  medium  # Delisting a processed rollover item causes skip of unprocessed one  ## Summary  If a rollover item is delisted after being processed, the last item in the queue will take its place and not be processed for this epoch  ## Vulnerability Detail  The function `Carousel.delistInRollover` can perform a swap of the item to be deleted with the last item in the queue:  ```js } else {     // overwrite the item to be removed with the last item in the queue     rolloverQueue[index] = rol"
57,Y2K,474,Deposit fees can by bypassed,minhtrng,High; Duplicate; Reward,"Deposit, Share Manipulation","minhtrng  high  # Deposit fees can by bypassed  ## Summary  The deposit fees are not accounted for when using the deposit queue mechanism.  ## Vulnerability Detail  In `Carousel._deposit` the full input amount is added into the queue:  ```js //WARDEN: fees handled if not put into queue: if (depositFee > 0) {     (uint256 maxX, , uint256 minX) = getEpochConfig(_id);     // deposit fee is calcualted linearly between time of epoch creation and epoch starting (deposit window)     // this is because "
57,Y2K,472,enlistInRollover will set the ownerToRollOverQueueIndex incorrectly,cccz,High; Duplicate; Reward,"Deposit, Withdraw","cccz  high  # enlistInRollover will set the ownerToRollOverQueueIndex incorrectly  ## Summary When ownerToRollOverQueueIndex[_receiver] ! = 0, enlistInRollover will set ownerToRollOverQueueIndex[_receiver] incorrectly.  ## Vulnerability Detail In enlistInRollover, if ownerToRollOverQueueIndex[_receiver] ! = 0, the rolloverQueue with the index of the current _receiver is updated, but then the ownerToRollOverQueueIndex[_receiver] is updated to the length of the current rolloverQueue. ```solidity  "
57,Y2K,470,Rollover Queue Stuck Issue in ERC1155 Contracts,mstpr-brainbot,High; Duplicate; Reward,"Deposit, First Depositor","mstpr-brainbot  high  # Rollover Queue Stuck Issue in ERC1155 Contracts  ## Summary The rollover queue functionality in ERC1155 contracts can become stuck when encountering a contract with a specific onErc1155Received implementation, such as Alice's contract example. This critical issue impacts the primary purpose of the rollover queue. ## Vulnerability Detail The rollover queue, similar to the deposit queue, does not verify if the recipient is a contract with a properly implemented onErc1155Rec"
57,Y2K,468,Adversary can break deposit queue and cause loss of funds,0x52,High; Has Duplicates; Sponsor Confirmed; Will Fix; Reward,"Deposit, DoS, Fund Loss","0x52  high  # Adversary can break deposit queue and cause loss of funds  ## Summary    ## Vulnerability Detail  [Carousel.sol#L531-L538](https://github.com/sherlock-audit/2023-03-Y2K/blob/main/Earthquake/src/v2/Carousel/Carousel.sol#L531-L538)      function _mintShares(         address to,         uint256 id,         uint256 amount     ) internal {         _mint(to, id, amount, EMPTY);         _mintEmissions(to, id, amount);     }  When processing deposits for the deposit queue, it _mintShares t"
57,Y2K,463,Users can avoid paying depositFee,AlexCzm,High; Duplicate; Reward,"Deposit, Share Manipulation","AlexCzm  high  # Users can avoid paying depositFee  ## Summary Users can deposit in queue (passing epochId == 0) and and call `mintDepositInQueue`  in same transaction to avoid paying any fees.   ## Vulnerability Detail When using the Carousel an user can choose to make a direct deposit (eg. in the next available epoch id) or a queue deposit, pushing the deposit information into `depositQueue`.  When epochId != 0 a `depositFee` is paid to `treasury`.  But when epoch id == 0 `depositQueue` is upd"
57,Y2K,459,owner rollover queue index is always changed in `enlistInRollover`,Aymen0909,High; Duplicate; Reward,Deposit,"Aymen0909  high  # owner rollover queue index is always changed in `enlistInRollover`  ## Summary  The user rollover queue index is always changed in the function `enlistInRollover` even if the user has already queued up a rollover, this will lead to some users having the same rollover index and thus they will override their rollover data (`assets` and `epochId`) when updating it, and this will also cause issue when minting the rollovers.  ## Vulnerability Detail  The issue occurs in the `enlist"
57,Y2K,456,QueueItem added to rolloverQueue list after attacker add QueueItem can be repeatedly replaced by attacker,0xPkhatri,High; Duplicate; Reward,Deposit,"0xPkhatri  high  # QueueItem added to rolloverQueue list after attacker add QueueItem can be repeatedly replaced by attacker  --- name: 001-H about: """" title: `QueueItem` added to `rolloverQueue` list after attacker add `QueueItem` can be repeatedly replaced by attacker labels: High assignees: """" ---  ## Summary The `enlistInRollover` function in the code contains an error that causes the `ownerToRollOverQueueIndex` mapping to be updated incorrectly. The error occurs because the code for updatin"
57,Y2K,450,"An attacker can DOS `Carousel.mintDepositQueue()`, freezing tokens of all the previous deposits.",joestakey,High; Duplicate; Reward,"Deposit, Overflow, DoS","joestakey  high  # An attacker can DOS `Carousel.mintDepositQueue()`, freezing tokens of all the previous deposits.  ## Summary Due to the ERC1155 hook, `Carousel.mintDepositInQueue()` can be DOS, which freezes funds of all the previous deposits  ## Vulnerability Detail Depositors can deposit at any time using `epochId == 0` in `deposit()`, which transfers underlying tokens from the depositor into the `Carousel`, then records the deposit in the queue.  ```solidity File: Earthquake/src/v2/Carouse"
57,Y2K,448,Critical Indexing Flaw in Enlist Function that lead to user information collision in ownerToRollOverQueueIndex mapping and prevent user from calling withdraw and safeTransferFrom in Carousel.sol,0xnirlin,High; Duplicate; Reward,"Deposit, Withdraw, Vault","0xnirlin  high  # Critical Indexing Flaw in Enlist Function that lead to user information collision in ownerToRollOverQueueIndex mapping and prevent user from calling withdraw and safeTransferFrom in Carousel.sol  ## Summary  When multiple users are enlisted using the enlistRollOver functions,  wrong index will be assigned to a user's data when they wish to update their information for the second time. This can lead to unexpected behavior in the transferFrom and withdraw functions that rely on t"
57,Y2K,445,[Carousel] Users lose money in mintRollovers because wrong calculation of assetsToMint,Ace-30,High; Duplicate; Reward,"Deposit, Withdraw, Share Manipulation","Ace-30  high  # [Carousel] Users lose money in mintRollovers because wrong calculation of assetsToMint  ## Summary When a user deposits to an epoch, they receive the same amount of share tokens, meaning that each share is worth one deposited token.  However, **after winning the epoch, the value of the shares increases.**  ### BUT In the `mintRollovers` mechanism, the value of the shares is not taken into account and the user exchanges 100 shares of their old epoch for 100 shares of the new epoch"
57,Y2K,436,Carousel#enlistInRollover incorrectly updates ownerToRollOverQueueIndex for existing positions,0x52,High; Duplicate; Reward,DoS,0x52  medium  # Carousel#enlistInRollover incorrectly updates ownerToRollOverQueueIndex for existing positions  ## Summary  Carousel#enlistInRollover incorrectly updates ownerToRollOverQueueIndex for existing positions. This can lead to a permanent DOS when trying to mint rollovers  ## Vulnerability Detail  [Carousel.sol#L253-L268](https://github.com/sherlock-audit/2023-03-Y2K/blob/main/Earthquake/src/v2/Carousel/Carousel.sol#L253-L268)          if (ownerToRollOverQueueIndex[_receiver] != 0) {  
57,Y2K,429,Updating rollover details in `enlistInRollover` for one user overrides existing rollover details of another user,0Kage,High; Duplicate; Reward,"Deposit, Fund Theft","0Kage  high  # Updating rollover details in `enlistInRollover` for one user overrides existing rollover details of another user  ## Summary `enlistInRollover` is used to create/update new/existing rollover requests by users for a given epoch Id. Current implementation assigns a wrong roll-over index when updating roll-over details. This can be exploited by a malicious user who can delist the roll-over details placed by other users & even worse, steal funds of other users by replacing `receiver` "
57,Y2K,417,Updating carousel vault rollover queue item sets the wrong index,berndartmueller,High; Duplicate; Reward,"Deposit, Withdraw, Vault",berndartmueller  high  # Updating carousel vault rollover queue item sets the wrong index  ## Summary  Updating a rollover queue item sets the wrong index in the `ownerToRollOverQueueIndex` mapping. This will mess up the mapping between users and their rollover queue items and cause issues with withdrawals and delisting rollover requests.  ## Vulnerability Detail  Deposits into carousel vaults can be rolled over into the next epoch by calling the `Carousel.enlistInRollover` function. The `enlist
57,Y2K,415,Delisting a rollover queue item reorders an item and prevents the reordered item from being rolled over in the next epoch,berndartmueller,High; Duplicate; Reward,Other,berndartmueller  high  # Delisting a rollover queue item reorders an item and prevents the reordered item from being rolled over in the next epoch  ## Summary  Delisting a carousel rollover queue item will reorder the rollover queue and prevent the last item in the queue from being rolled over if the `rolloverAccounting[_epochId]` index for a given epoch is greater than the reordered index.  ## Vulnerability Detail  Delisting from the carousel rollover queue via the `Carousel.delistInRollover` f
57,Y2K,413,Entitled asset shares are not withdrawn and are lost when minting rollovers,berndartmueller,High; Duplicate; Reward,"Deposit, Withdraw, Reentrancy",berndartmueller  high  # Entitled asset shares are not withdrawn and are lost when minting rollovers  ## Summary  The entitled pro-rata shares of the counterparty vault's TVL are not withdrawn nor credited to the user when rolling over to the next epoch.  ## Vulnerability Detail  The `Carousel.mintRollovers` function iterates over all queued rollover items and checks the entitled shares for the current item and the epoch. If the entitled shares (`entitledShares`) are greater than the deposited a
57,Y2K,412,`mintRollovers()` give wrong amount of share/assets to user,VAD37,High; Duplicate; Reward,"Deposit, Withdraw, Vault",VAD37  high  # `mintRollovers()` give wrong amount of share/assets to user  ## Summary  The `mintRollovers()` do the following steps in a loop:  - Take user rollover queue - withdraw that amount from old epoch. Skip if that withdraw is too small to pay fee or the withdraw rewards amount is lost due to depeg event. - deposit that amount into latest epoch - burn previous epoch token share  The deposit/ mint new share for user use wrong variable. It take the variable set by user queue input while i
57,Y2K,409,User can bypass treasury tax,VAD37,High; Duplicate; Reward,"Deposit, Vault","VAD37  high  # User can bypass treasury tax  ## Summary  The Carousel document on excalidraw implicitly show vault will take fee on Deposit and send them to treasury.  In `Carousel.sol`, deposit only take linear fee if deposit directly into epoch. But if users use the deposit Queue or deposit into epoch 0. The contract does not take fee but take relayerFee which is significantly lower.  The Relayer function `mintDepositInQueue()` can be called by anyone. So user can just call this function direc"
57,Y2K,406,ERC1155 `_doSafeTransferAcceptanceCheck()` reentrancy callback exploits,VAD37,High; Duplicate; Reward,"Reentrancy, Withdraw, Underflow","VAD37  medium  # ERC1155 `_doSafeTransferAcceptanceCheck()` reentrancy callback exploits  ## Summary  `Carousel.sol` have 2 reentrancy callback that need to patch.  - `_emissionBalances` update after internal `_safeTransfer` [callback from ERC1155](https://github.com/sherlock-audit/2023-03-Y2K/blob/main/Earthquake/src/v2/Carousel/Carousel.sol#L201-L202). There is no current exploit to manipulate emission balance, but it is still a potential risk. - `_mintShares()` also have callback from `_mint("
57,Y2K,403,ownerToRollOverQueueIndex is not set correctly which affects the delistRollover function and notRollingOver modifier,ElKu,High; Duplicate; Reward,"Deposit, Vault","ElKu  high  # ownerToRollOverQueueIndex is not set correctly which affects the delistRollover function and notRollingOver modifier  ## Summary  In [Carousel](https://github.com/sherlock-audit/2023-03-Y2K/blob/main/Earthquake/src/v2/Carousel/Carousel.sol) contract, the `enlistInRollover` function handles the user's request for a rollover. The information is saved in a state variable called `rolloverQueue`, and the index to this information for a user is stored in a state variable called `ownerToR"
57,Y2K,401,Treasury doesn't get depositFee when user deposits into epochs using the zero epoch method,ElKu,High; Duplicate; Reward,Deposit,"ElKu  medium  # Treasury doesn't get depositFee when user deposits into epochs using the zero epoch method  ## Summary  In [Carousel](https://github.com/sherlock-audit/2023-03-Y2K/blob/main/Earthquake/src/v2/Carousel/Carousel.sol) contract, `depositFee` is charged only when the users deposit to an epoch directly, specifying the correct epochId. If the deposit happens via the epochId of `zero`, treasury doesnt get the deposit fee and only `relayer` benefits. This causes loss to the protocol. Also"
57,Y2K,397,`enlistInRollover()` for same user second time store the wrong index and broke roll over queue if delist right after,VAD37,High; Duplicate; Reward,"Withdraw, Share Manipulation","VAD37  high  # `enlistInRollover()` for same user second time store the wrong index and broke roll over queue if delist right after  ## Summary  `Carousel.sol` allow user to move current share from one epoch to latest epoch through `rolloverQueue`.  Each user can only have one rollover queue. If user call `enlistInRollover()` again, it will overwrite the previous queue.  The logic for storing user index is incorrect for [updating previous queue](https://github.com/sherlock-audit/2023-03-Y2K/blob"
57,Y2K,395,DOS `_mintShare()` using Openzeppelin ERC1155 `_mint` callback,VAD37,High; Duplicate; Reward,"Deposit, Withdraw, DoS",VAD37  high  # DOS `_mintShare()` using Openzeppelin ERC1155 `_mint` callback  ## Summary  The ERC1155 function `_mint()` implemented by Openzeppelin have `_doSafeTransferAcceptanceCheck()` [callback after minting new token.](https://github.com/OpenZeppelin/openzeppelin-contracts/blob/ca822213f2275a14c26167bd387ac3522da67fe9/contracts/token/ERC1155/ERC1155.sol#L277)  `Carousel.sol` allow mint vault share or ERC1155 token at later date by Relayer user/contract. Relayer execute all deposit/mint on
57,Y2K,377,The rolloverQueue can get DoSed due to an incorrect state update,0xRobocop,High; Duplicate; Reward,"Collateral, Deposit, Withdraw","0xRobocop  medium  # The rolloverQueue can get DoSed due to an incorrect state update  ## Summary  On the `mintRollovers()` function when doing a rollover the shares of a given user will get burned in conjunction with the emissions, so he can get the new shares of the new available `epochId`. Because of this, the functions `withdraw()` and `transferFrom()` are protected with the modifier `notRollingOver()`, the user cannot `withdraw` or `transfer` the shares that he is rolling over.  Due to an i"
57,Y2K,373,"When user updates their rollover position, ownerToRollOverQueueIndex is incorrectly assigned",libratus,High; Duplicate; Reward,Other,"libratus  high  # When user updates their rollover position, ownerToRollOverQueueIndex is incorrectly assigned  ## Summary When user updates their rollover position, ownerToRollOverQueueIndex is incorrectly assigned  ## Vulnerability Detail In `Carousel.enlistInRollover` if user already has a rollover position, it gets updated with new epoch and asset amount. User's rollover index in `rolloverQueue` doesn't change. This means `ownerToRollOverQueueIndex[_receiver]` should also stay the same, but "
57,Y2K,367,User may be not able to mint for rollovers,Bauer,High; Duplicate; Reward,"Deposit, Withdraw, Vault","Bauer  high  # User may be not able to mint for rollovers  ## Summary A bad actor revert in the fallback function cause the ```mintRollovers()``` function not work.  ## Vulnerability Detail The ```mintRollovers()``` function allows anyone to mint for rollovers. Inside the fucntion, the protocol will burn shares ,transfer tokens and [mint ](https://github.com/sherlock-audit/2023-03-Y2K/blob/main/Earthquake/src/v2/Carousel/Carousel.sol#L437)ERC1155 NFT to receiver via `while` loop. However ,if the"
57,Y2K,362,`ownerToRollOverQueueIndex` is incorrectly updated if user already in queue,ck,High; Duplicate; Reward,"Deposit, Share Manipulation","ck  high  # `ownerToRollOverQueueIndex` is incorrectly updated if user already in queue  ## Summary  `ownerToRollOverQueueIndex` is incorrectly updated if user already in queue  ## Vulnerability Detail  In the `enlistInRollover` function, there is a check whether a user is already queued for a rollover:   ```solidity     function enlistInRollover(         uint256 _epochId,         uint256 _assets,         address _receiver     ) public epochIdExists(_epochId) minRequiredDeposit(_assets) {       "
57,Y2K,359,Possible subtraction overflow in mintRollovers,spyrosonic10,High; Duplicate; Reward,"Overflow, Underflow",spyrosonic10  medium  # Possible subtraction overflow in mintRollovers  ## Summary `mintRollovers()` keeps accounting of indexes it has processed from `rolloverQueue` in rolloverAccounting[_epochId]. And later when this function is called logic doesn't check the relationship between `index` and `length` and this is important as length of `rolloverQueue` can decrease due to a call from `delistInRollover`.  ## Vulnerability Detail Due to delist feature length can be shortened and this will lead to
57,Y2K,358,"[HIGH] Carousel.enlistInRollover() incorrectly saves ownerToRollOverQueueIndex, which may result in the loss of user funds.",holyhansss,High; Duplicate; Reward,"Deposit, Withdraw","holyhansss  high  # [HIGH] Carousel.enlistInRollover() incorrectly saves ownerToRollOverQueueIndex, which may result in the loss of user funds.  ## Summary enlistInRollover() incorrectly stores the ownerToRollOverQueueIndex variable. This allows a malicious user to delist other users. This can lead to many side effects and even disruptions in service.  ## Vulnerability Detail In enlistInRollover(), it saves the user's ownerToRollOverQueueIndex. At this point, for every enlist, it will store it a"
57,Y2K,348,"A bad actor can revert in the callback function, causing the protocol to fail to mint deposit.",Bauer,High; Duplicate; Reward,"Deposit, Overflow, Reentrancy","Bauer  high  # A bad actor can revert in the callback function, causing the protocol to fail to mint deposit.  ## Summary If a bad actor  revert in the NFT fallback function, the protocol will be not able to mint deposit.  ## Vulnerability Detail The `mintDepositInQueue()` is used to mints deposit in rollover queue. The protocol will execute the queue and mint ERC1155 NFT to receiver from the tail to the head  via a while loop . However ,if the receiver is a contract and a bad actor revert in th"
57,Y2K,345,Malicious users can prevent the user at the end of the queue from rolling over,evan,High; Duplicate; Reward,"Deposit, Withdraw, Vault","evan  medium  # Malicious users can prevent the user at the end of the queue from rolling over  ## Summary By calling delistInRollover under certain conditions, malicious users can prevent the user at the end of the queue from rolling over.  ## Vulnerability Detail https://github.com/sherlock-audit/2023-03-Y2K/blob/main/Earthquake/src/v2/Carousel/Carousel.sol#L294 Observe that delistInRollover copies the last element of the queue to the index that needs to be deleted, before popping the last ele"
57,Y2K,344,Users can update and delete others' queues at will,Bauer,High; Duplicate; Reward,Other,"Bauer  high  # Users can update and delete others' queues at will  ## Summary This `ownerToRollOverQueueIndex[_receiver] ` is updated each time the `enlistInRollover()` function is called. If user calls the function multiple times, it can be updated to someone else's index, so it can update and delete someone else's queue.  ## Vulnerability Detail The `enlistInRollover()` is used to enlists in rollover queue.If user  queue up a rollover for the first time, the protocol will add to queue. If user"
57,Y2K,343,mintRollovers() may skip some items of rolloverQueue if some user delistInRollover,spyrosonic10,High; Duplicate; Reward,Other,spyrosonic10  medium  # mintRollovers() may skip some items of rolloverQueue if some user delistInRollover  ## Summary `mintRollovers` is a public method which mint for a epochId.  Callers of this method may choose to process a small number of items in the queue at a time.  This method saves index up-to which mint rollover is done in the last call.  `rolloverQueue()` may  never process some items if some users choose to delist from the rollover queue and their position in the queue is less than 
57,Y2K,341,[M-6] Rollover queue can be broken by user delisting executed rollover from queue,ast3ros,High; Duplicate; Reward,Deposit,"ast3ros  medium  # [M-6] Rollover queue can be broken by user delisting executed rollover from queue  ## Summary  If a user delists a rollover from the queue after it is executed, it causes a state where the function `Carousel.mintRollovers` fails and reverts.  ## Vulnerability Detail  For the `Carousel.mintRollovers` function to work, the following condition must be true: `rolloverQueue.length` >= `rolloverAccounting[_epochId]`. This means the length of the rollover queue must be greater than o"
57,Y2K,340,[M-5] Deposit fee can be bypassed by user,ast3ros,High; Duplicate; Reward,Deposit,"ast3ros  medium  # [M-5] Deposit fee can be bypassed by user  ## Summary  A user can bypass the deposit fee by depositing in the queue and immediately minting Deposit In Queue.  ## Vulnerability Detail  The Carousel is designed to charge a deposit fee when a depositor deposits directly. The deposit fee is calculated linearly based on the time between the epoch creation and the epoch start (later deposits pay higher fees). However, a user can deposit late without paying any deposit fee by: - Wait"
57,Y2K,339,[M-4] Incorrect update of ownerToRollOverQueueIndex index when rollover is already queued,ast3ros,High; Duplicate; Reward,Withdraw,"ast3ros  medium  # [M-4] Incorrect update of ownerToRollOverQueueIndex index when rollover is already queued  ## Summary  When a user has already queued a rollover and updates it, the `ownerToRollOverQueueIndex` mapping assigns the index of the last item in the queue to the user. It is incorrect.  ## Vulnerability Detail  The rollover index in the queue for a user who has already queued a rollover should remain unchanged. However, it is erroneously changed to the last index in the queue, which b"
57,Y2K,330,mintRollovers can break,jprod15,High; Duplicate; Reward,Share Manipulation,"jprod15  medium  # mintRollovers can break  ## Summary a user can provide address in enlistInRollover unable to handled erc1155 making revert all transaction  https://github.com/sherlock-audit/2023-03-Y2K/blob/main/Earthquake/src/v2/Carousel/Carousel.sol#L263 ## Vulnerability Detail https://github.com/sherlock-audit/2023-03-Y2K/blob/main/Earthquake/src/v2/Carousel/Carousel.sol#L437 _mintShares(queue[index].receiver, _epochId, assetsToMint);  due that function is called within loop any user can c"
57,Y2K,328,Carousel's mintRollovers confiscates all positive payoffs,iglyx,High; Duplicate; Reward,"Deposit, Withdraw, Reentrancy","iglyx  high  # Carousel's mintRollovers confiscates all positive payoffs  ## Summary  mintRollovers() uses amount of assets deposited to the concluded epoch instead of the `entitledShares` payoff from it as the amount to be invested to the next epoch.  As it burns the old epoch amount, any positive payoff from it is lost for the owner.  ## Vulnerability Detail  Rolling over is a convenient equivalent of `withdraw-deposit` combo, so a user obtains what is due from the current epoch and invest all"
57,Y2K,324,Rollover Queue Underflow Prevents User Participation in Subsequent Epochs,mstpr-brainbot,High; Duplicate; Reward,"Deposit, Withdraw, Underflow","mstpr-brainbot  high  # Rollover Queue Underflow Prevents User Participation in Subsequent Epochs  ## Summary An underflow issue in the rollover queue causes users to be unable to participate in subsequent epochs. When users join the rollover queue and the ""mintRolloverQueue"" function is called, it can lead to an incorrect rollover accounting value. This issue prevents some users from minting their rollover queue, effectively locking them out of participation in the current epoch and forcing the"
57,Y2K,323,`enlistInRollover()` can change other user `rolloverQueue`,Junnon,High; Duplicate; Reward,"Deposit, DoS, Vault","Junnon  high  # `enlistInRollover()` can change other user `rolloverQueue`  ## Summary `enlistInRollover()` function inside Carousel.sol can change other user `rolloverQueue` without approval. ## Vulnerability Detail `enlistInRollover()` handled the `rolloverQueue` update incorrectly. check the code snippets bellow  ```js File: Carousel.sol         ... 253:        if (ownerToRollOverQueueIndex[_receiver] != 0) { 254:            // if so, update the queue 255:            uint256 index = getRollov"
57,Y2K,320,User will almost always incur a loss when they rollover,evan,High; Duplicate; Reward,"Deposit, Withdraw, Vault",evan  high  # User will almost always incur a loss when they rollover  ## Summary The rollover mechanism doesn't take into account the amount of fund won from the previous epoch. This means that users will almost always incur a loss when they enlist in a rollover.  ## Vulnerability Detail  https://github.com/sherlock-audit/2023-03-Y2K/blob/main/Earthquake/src/v2/Carousel/Carousel.sol#L408-L412 https://github.com/sherlock-audit/2023-03-Y2K/blob/main/Earthquake/src/v2/Carousel/Carousel.sol#L436 Ob
57,Y2K,318,User can avoid paying deposit fee,ShadowForce,High; Duplicate; Escalation Resolved; Reward,"Deposit, Fund Loss, Share Manipulation","ShadowForce  medium  # User can avoid paying deposit fee  ## Summary user can bypass deposit fee if id is set to 0 ## Vulnerability Detail In the `_depostit` function the logic charges a fee only if a the id is set to anything else but 0. A user can set the epoch id to 0 in the queue and completely avoid paying such deposit fee when he goes to mint. The protocol does not collect a deposit fee from user when in fact it should have collected said fee. We can view the logic down below ```"
57,Y2K,316,Enlisting in rollover might assign a wrong index,HonorLt,High; Duplicate; Reward,Other,"HonorLt  high  # Enlisting in rollover might assign a wrong index  ## Summary  `ownerToRollOverQueueIndex` assigns an incorrect index when an update is performed.  ## Vulnerability Detail  The function `enlistInRollover` sets `rolloverQueue` for the user: ```solidity         // check if user has already queued up a rollover         if (ownerToRollOverQueueIndex[_receiver] != 0) {             // if so, update the queue             uint256 index = getRolloverIndex(_receiver);             rolloverQ"
57,Y2K,315,DOS queue minting of shares,HonorLt,High; Duplicate; Reward,"Deposit, DoS, Share Manipulation","HonorLt  high  # DOS queue minting of shares  ## Summary  A queue can be blocked if any of the recipient is a smart contract that reverts on  `onERC1155Received`.  ## Vulnerability Detail  When minting shares, it calls an internal `_mint` function: ```solidity  function _mintShares(         address to,         uint256 id,         uint256 amount     ) internal {         _mint(to, id, amount, EMPTY);         _mintEmissions(to, id, amount);     } ```  This function requires that if the recipient is"
57,Y2K,298,Users could avoid the paying `depositFee`,Ch_301,High; Duplicate; Sponsor Confirmed; Escalation Resolved; Reward,Deposit,"Ch_301  medium  # Users could avoid the paying `depositFee`  ## Summary  ## Vulnerability Detail In case there is an epoch `epoch X` still during the deposit period. Users could avoid paying [depositFee](https://github.com/sherlock-audit/2023-03-Y2K/blob/main/Earthquake/src/v2/Carousel/Carousel.sol#L479-L489) (in case `relayerFee`<`depositFee`)   Just by using the queue deposit and then relayers will invoke `mintDepositInQueue()` for `epoch X` and the user will only pay `relayerFee` "
57,Y2K,294,"Deposits that have already been mint in the `rolloverQueue` can still be delisted, resulting in the deposits of other users not being mint",J4de,High; Duplicate; Reward,"Deposit, Reentrancy, Vault","J4de  high  # Deposits that have already been mint in the `rolloverQueue` can still be delisted, resulting in the deposits of other users not being mint  ## Summary  Deposits that have already been mint in the `rolloverQueue` can still be delisted, resulting in the deposits of other users not being mint.  ## Vulnerability Detail  ```solidity     function mintRollovers(uint256 _epochId, uint256 _operations)         external         epochIdExists(_epochId)         epochHasNotStarted(_epochId)     "
57,Y2K,290,The late deposit in `Carousel` contract can be used to avoid deposit fee,J4de,High; Duplicate; Reward,"Deposit, Overflow, Reentrancy","J4de  high  # The late deposit in `Carousel` contract can be used to avoid deposit fee  ## Summary  The `Carousel` contract has two deposit methods: direct deposit and late deposit, among which the late deposit method can avoid the deposit fee.  ## Vulnerability Detail  ```solidity // Carousel.sol     function _deposit(         uint256 _id,         uint256 _assets,         address _receiver     ) internal {         // mint logic, either in queue or direct deposit         if (_id != 0) {         "
57,Y2K,288,malicious contract can make minting queued items very expensive,immeas,High; Duplicate; Reward,"Deposit, Withdraw, DoS","immeas  medium  # malicious contract can make minting queued items very expensive  ## Summary An attacker can deploy a contract that consumes a lot of gas on `onERC1155Received` that makes minting rollovers and deposits very expensive.  ## Vulnerability Detail Similar to [the mint deposit revert issue](https://github.com/sherlock-audit/2023-03-Y2K-0ximmeas/issues/9) where a malicious contract is deployed and used as receiver.  If the receiver is a contract, minting ERC1155 will call `onERC1155Re"
57,Y2K,287,malicious contract can DoS queues,immeas,High; Duplicate; Reward,"Deposit, Withdraw, DoS",immeas  high  # malicious contract can DoS queues  ## Summary An attacker can create a contract that reverts on `onERC1155Received`. This will DoS rollover and deposit queues. Most importantly `depositQueue` as that will lock users funds in the contract.  ## Vulnerability Detail Similar to [the gas DoS issue](issue-10) where a malicious contract is deployed and used as a receiver.  When depositing into the queue the user pays upfront then waits for a relayer to mint their deposits into the next 
57,Y2K,283,Incorrect logic in function `enlistInRollover()` in case user has already queued up a rollover,0xMojito,High; Duplicate; Reward,Other,"0xMojito  high  # Incorrect logic in function `enlistInRollover()` in case user has already queued up a rollover  ## Summary https://github.com/sherlock-audit/2023-03-Y2K/blob/main/Earthquake/src/v2/Carousel/Carousel.sol#L253-L268  ## Vulnerability Detail Function `enlistInRollover()` is used to enlist in rollover queue. In case user has already queued up for a rollover before, it will update the queue entry at index instead of adding a new entry at the end of the queue.   However, the logic is "
57,Y2K,281,`Carousel::delistInRollover` can cause positions not to be rolled over,immeas,High; Duplicate; Reward,Share Manipulation,immeas  medium  # `Carousel::delistInRollover` can cause positions not to be rolled over  ## Summary delisting from the rollover queue can cause later enlists to not be rolled over to the next epoch.  ## Vulnerability Detail Similar to [this issue](https://github.com/sherlock-audit/2023-03-Y2K-0ximmeas/issues/4).  Imagine a queue where there are two executed rollovers:  | Index | user  | rollover   | | ----- | ----- | ---------- | | 0     | user1 | executed   | | 1     | user2 | executed   |  `r
57,Y2K,280,executed rollovers can be delisted which trades places with last unexecuted one,immeas,High; Duplicate; Reward,"Deposit, Share Manipulation",immeas  medium  # executed rollovers can be delisted which trades places with last unexecuted one  ## Summary A user can intentionally or unintentionally cause unexecuted rollovers not to rolled over to next epoch.  ## Vulnerability Detail Similar to [this issue](https://github.com/sherlock-audit/2023-03-Y2K-0ximmeas/issues/5).   Rollovers are performed in a queue system where each epoch has a counter how many have been executed: https://github.com/sherlock-audit/2023-03-Y2K/blob/main/Earthquake
57,Y2K,279,`depositFee` can be bypassed,immeas,High; Duplicate; Reward,"Deposit, Vault",immeas  medium  # `depositFee` can be bypassed  ## Summary A user can queue and directly mint their queued item into the next epoch instead of depositing and paying `depositFee`  ## Vulnerability Detail When depositing into Carousel a user has to pay a variable fee to `treasury` to tax informational advantage: https://github.com/sherlock-audit/2023-03-Y2K/blob/main/Earthquake/src/v2/Carousel/Carousel.sol#L479-L489  This fee is not payed when queuing though: https://github.com/sherlock-audit/2023
57,Y2K,278,changing an existing rollover updates the `ownerToRollOverQueueIndex` wrong,immeas,High; Duplicate; Reward,"Deposit, Withdraw, DoS","immeas  high  # changing an existing rollover updates the `ownerToRollOverQueueIndex` wrong  ## Summary When updating an existing rollover the index for the user is erroneously set to the last element in the queue.  ## Vulnerability Detail When enlisting in rollover, if a user already have an existing rollover they will update their old rollover otherwise they will get put last in queue: https://github.com/sherlock-audit/2023-03-Y2K/blob/main/Earthquake/src/v2/Carousel/Carousel.sol#L253-L268  Th"
57,Y2K,277,winnings for an epoch is lost when rolling over,immeas,High; Duplicate; Reward,"Deposit, Withdraw, Vault","immeas  high  # winnings for an epoch is lost when rolling over  ## Summary When rolling over winnings are lost and stuck in the vault contract.  ## Vulnerability Detail Imagine a vault with a single user, Alice. Lets disregard, `relayerFee` and emissions as they don't matter for this.  Alice is staking 1 asset token for 1 share in epoch 1. Alice also enlists for rollover to the next epoch with her 1 asset: https://github.com/sherlock-audit/2023-03-Y2K/blob/main/Earthquake/src/v2/Carousel/Carous"
57,Y2K,272,Rolling over is never beneficial for users,mstpr-brainbot,High; Duplicate; Reward,"Collateral, Deposit, Vault","mstpr-brainbot  high  # Rolling over is never beneficial for users  ## Summary Users participating in rollover to the next epoch consistently lose money, even if they won the previous epoch. ## Vulnerability Detail Epoch tokens are minted in a 1:1 ratio with deposits (after deducting the fee), but when a user engages in rollover, the maximum number of next epoch tokens they can obtain equals their rolled over previous epoch tokens, minus the relayer fee. Consequently, users are unable to claim p"
57,Y2K,270,"Carousel.mintRollovers will mint less shares to users, resulting in the loss of users' assets",cccz,High; Duplicate; Reward,"Deposit, Withdraw, Share Manipulation","cccz  high  # Carousel.mintRollovers will mint less shares to users, resulting in the loss of users' assets  ## Summary Carousel.mintRollovers does not mint the user's profits from the last epoch as shares ## Vulnerability Detail When minting shares for users in Carousel.mintRollovers, it does not take into account the user's profit portion.  ```solidity                     uint256 assetsToMint = queue[index].assets - relayerFee;                     _mintShares(queue[index].receiver, _epochId, a"
57,Y2K,268,The rollover queue system will break,Ch_301,High; Duplicate; Reward,Withdraw,Ch_301  medium  # The rollover queue system will break  ## Summary  ## Vulnerability Detail In [enlistInRollover()](https://github.com/sherlock-audit/2023-03-Y2K/blob/main/Earthquake/src/v2/Carousel/Carousel.sol#L238-L271) No need to update index of ` ownerToRollOverQueueIndex[ ]` if the user has already queued up a rollover This [line](https://github.com/sherlock-audit/2023-03-Y2K/blob/main/Earthquake/src/v2/Carousel/Carousel.sol#L268)  ```solidity ownerToRollOverQueueIndex[_receiver] = rollove
57,Y2K,266,`mintRollovers()` will skip The user's queue arbitrarily,Ch_301,High; Duplicate; Reward,Other,Ch_301  medium  # `mintRollovers()` will skip The user's queue arbitrarily  ## Summary  ## Vulnerability Detail In case Bob has already queued up a rollover Let's say:  All the queues are already minted by relayers for epoch Y. The epoch Y exists and has not started yet   `ownerToRollOverQueueIndex[address(Bob)] == rolloverQueue.length - 1` and `rolloverAccounting[epoch Y] == rolloverQueue.length - 1`  Bob will invoke [delistInRollover()](https://github.com/sherlock-audit/2023-03-Y2K/blob/main/E
57,Y2K,264,Rollover minting can be skipped after delisting,sinarette,High; Duplicate; Reward,Other,"sinarette  medium  # Rollover minting can be skipped after delisting  ## Summary `mintRollovers` use `rolloverAccounting` to remember the progress of rollover minting. But if someone deletes a rollover queue item, `rolloverAccounting` still stays the same and an item would be skipped from minting.  ## Vulnerability Detail Since the rollover minting process just passes the rollover items to the next epoch, `rolloverAccounting` needs to store progress of minting for every epoch. ```solidity   /* C"
57,Y2K,263,Users could be arbitrarily ejection from the rollover queue,Ch_301,High; Duplicate; Reward,Other,Ch_301  medium  # Users could be arbitrarily ejection from the rollover queue  ## Summary  ## Vulnerability Detail In case Bob has already queued up a rollover Let's say: `ownerToRollOverQueueIndex[address(Bob)] == X`  and  `ownerToRollOverQueueIndex[address(Alice)] == rolloverQueue.length - 1` and `rolloverAccounting[epoch Y] == X+5` epoch Y exists and has not started yet `rolloverQueue.length == Z` and (X+5 < Z)  Bob will invoke [delistInRollover()](https://github.com/sherlock-audit/2023-03-Y2
57,Y2K,259,Carousel.enlistInRollover will overwrite ownerToRollOverQueueIndex incorrectly if ownerToRollOverQueueIndex already exists,jasonxiale,High; Duplicate; Reward,"Deposit, Vault","jasonxiale  high  # Carousel.enlistInRollover will overwrite ownerToRollOverQueueIndex incorrectly if ownerToRollOverQueueIndex already exists  ## Summary function Carousel.enlistInRollover will overwrite ownerToRollOverQueueIndex incorrectly  if ownerToRollOverQueueIndex already exists which will break the protocol  ## Vulnerability Detail In function Carousel.enlistInRollover, if a __receiver__ has already been in __ownerToRollOverQueueIndex__, the function will update the existing __rolloverQ"
57,Y2K,258,Rollover queue index is wrong,sinarette,High; Duplicate; Reward,Other,"sinarette  medium  # Rollover queue index is wrong  ## Summary In `enlistInRollover`, if the user already had an item queued for rollover, it just updates the queue item and does not make any change to the index. However, the `ownerToRollOverQueueIndex` is set to the last item, which would break the accountings. ```solidity   // check if user has already queued up a rollover   if (ownerToRollOverQueueIndex[_receiver] != 0) {       // if so, update the queue       uint256 index = getRolloverIndex"
57,Y2K,249,DepositFee can be avoided completely,evan,High; Duplicate; Reward,Deposit,"evan  medium  # DepositFee can be avoided completely  ## Summary By queuing their deposit and immediately calling mintDepositInQueue in the same transaction, the user completely avoids paying the deposit fee.  ## Vulnerability Detail https://github.com/sherlock-audit/2023-03-Y2K/blob/main/Earthquake/src/v2/Carousel/Carousel.sol#L479-L489 If the user wants to deposit immediately (without queuing), they get charged a deposit fee (the calculation of which encourages early deposits).  https://github"
57,Y2K,247,Wrong assignment to `ownerToRollOverQueueIndex` will lead catastrophic impact,spyrosonic10,High; Duplicate; Reward,"Deposit, Withdraw, Share Manipulation","spyrosonic10  high  # Wrong assignment to `ownerToRollOverQueueIndex` will lead catastrophic impact  ## Summary Carousel contract has a mechanism to support rollover of assets from winning epoch to next epoch. Users enroll/de-enroll from this feature any time. In order to enroll for rollover, users first need to deposit assets in a given epoch and then can call `enlistInRollover` for enrollment. There is logic in place to allow users to update `assets` in enrollment but after updating assets it "
57,Y2K,245,users can make other user  not  mint their position in mintRollovers,jprod15,High; Duplicate; Reward,"Deposit, Vault, Share Manipulation",jprod15  medium  # users can make other user  not  mint their position in mintRollovers  ## Summary in some case users can bother other user making not can mint through mintRollovers ## Vulnerability Detail https://github.com/sherlock-audit/2023-03-Y2K/blob/main/Earthquake/src/v2/Carousel/Carousel.sol#L294  due that in the function delistInRollover   overwrite the item to be removed with the last item in the queue user that already mint in mintRollovers can call delistInRollover and make the las
57,Y2K,243,enlistInRollover updates ownerToRollOverQueueIndex incorrectly,evan,High; Duplicate; Reward,"Deposit, Withdraw, DoS","evan  high  # enlistInRollover updates ownerToRollOverQueueIndex incorrectly  ## Summary enlistInRollover updates ownerToRollOverQueueIndex incorrectly.   ## Vulnerability Detail https://github.com/sherlock-audit/2023-03-Y2K/blob/main/Earthquake/src/v2/Carousel/Carousel.sol#L268 enlistInRollover updates ownerToRollOverQueueIndex to point to last element of the rolloverQueue in all cases. But this is only correct when the user's entry was just pushed onto the queue.  In other words, this update s"
57,Y2K,242,Re-enlisting in a rollover allows modification of other users' rollover amounts/delisting their rollovers,Respx,High; Duplicate; Reward,"Collateral, Deposit, Vault","Respx  high  # Re-enlisting in a rollover allows modification of other users' rollover amounts/delisting their rollovers  ## Summary If a user enlists a rollover and then, after another user has enlisted, makes multiple calls to `Carousel.enlistInRollover()`, they can change the rollover amount of the last rollover in the queue, even if it belongs to another user.  ## Vulnerability Detail This issue is caused because of a logical error in  `Carousel.enlistInRollover()`.  On [line 253](https://gi"
57,Y2K,240,malicious user can break mintDepositInQueue making users loss fund,jprod15,High; Duplicate; Reward,"Deposit, DoS, Vault",jprod15  high  # malicious user can break mintDepositInQueue making users loss fund  ## Summary a malicious user can attack function mintDepositInQueue with a Dos making that users that deposit with id 0 loss a funds  ## Vulnerability Detail https://github.com/sherlock-audit/2023-03-Y2K/blob/main/Earthquake/src/v2/Carousel/Carousel.sol#L98  https://github.com/sherlock-audit/2023-03-Y2K/blob/main/Earthquake/src/v2/Carousel/Carousel.sol#L117   https://github.com/sherlock-audit/2023-03-Y2K/blob/mai
57,Y2K,239,Rollover functionality can be broken by a rogue depositing contract that reverts when in the rollover queue,Respx,High; Duplicate; Reward,"Deposit, Withdraw, DoS","Respx  medium  # Rollover functionality can be broken by a rogue depositing contract that reverts when in the rollover queue  ## Summary The tokens minted by the Y2K vaults, including the carousel, are of the type `ERC1155`. This type of token can be made to revert when sent to a contract. By depositing into the carousel's rollover queue with a contract, we can cause all attempts to process rollovers to revert.  ## Vulnerability Detail When `mintRollovers()` is called to process the rollover que"
57,Y2K,237,Queued deposits can be trapped by a rogue depositing contract that reverts when in the queue,Respx,High; Duplicate; Reward,"Deposit, Withdraw, DoS","Respx  high  # Queued deposits can be trapped by a rogue depositing contract that reverts when in the queue  ## Summary The tokens minted by the Y2K vaults, including the carousel, are of the type `ERC1155`. This type of token can be made to revert when sent to a contract. By depositing into the carousel's queue with a contract, we can cause all attempts to process deposits in the queue to revert.  ## Vulnerability Detail (See the poc test below for a full example)  When `mintDepositInQueue()` i"
57,Y2K,233,Users can avoid all deposit fees by depositing through the carousel queue and immediately relaying,Respx,High; Duplicate; Reward,"Deposit, Overflow, Reentrancy","Respx  medium  # Users can avoid all deposit fees by depositing through the carousel queue and immediately relaying  ## Summary The queue system in `Carousel` does not charge any treasury fee. The treasury fee increases as the deposit deadline nears to offset the information advantage of late depositors. Depositors in the queue do pay a relayer fee.   However, because the queue operates on a FILO (first in last out) basis, it is possible for a user to add their deposit to the queue and then imme"
57,Y2K,229,Rollover users are being minted previous epoch amounts instead of entitled share amount.,warRoom,High; Duplicate; Reward,"Oracle, Collateral, Deposit","warRoom  high  # Rollover users are being minted previous epoch amounts instead of entitled share amount.  ## Summary When premium vault users who have won the epoch and also chose to roll over into the next epoch will loose their profit, as during mintRollover() call, their asset amount is being rollover to the next epoch instead of entitled shares.    Moreover, these users won't be able to call withdraw function as their assets are burnt during mintRollover() call.  Resulting in a loss of thei"
57,Y2K,226,"When updating an existing rollover queue entry, `ownerToRollOverQueueIndex` will point to wrong place",kenzo,High; Duplicate; Reward,"Withdraw, Fund Loss, Share Manipulation","kenzo  high  # When updating an existing rollover queue entry, `ownerToRollOverQueueIndex` will point to wrong place  ## Summary When enlisting in a rollover, the function *will always* set `ownerToRollOverQueueIndex[_receiver] = rolloverQueue.length`. If we are just editing an existing entry, which was not the last entry in the queue, this will set the pointer wrong. The queue will become mangled and people might not be able to withdraw their funds.  ## Vulnerability Detail The problem is in th"
57,Y2K,225,Incorrect updation of critical mapping - ownerToRollOverQueueIndex,warRoom,High; Duplicate; Reward,"Deposit, Withdraw, Vault","warRoom  high  # Incorrect updation of critical mapping - ownerToRollOverQueueIndex  ## Summary Mapping `ownerToRollOverQueueIndex` is always being updated to rolloverQueue.length in enlistInRollover() function, even when the user is updating an existing items in the rolloverQueue array. As a result, user rollover index is now incorrect and ownerToRollOverQueueIndex mapping is pointing to the same index(rolloverQueue.length) for more than one user. ## Vulnerability Detail  ##### Where: In [Carou"
57,Y2K,224,[Carousel] Users can deposit without paying the deposit fee,Ace-30,High; Duplicate; Reward,"Deposit, Share Manipulation","Ace-30  high  # [Carousel] Users can deposit without paying the deposit fee  ## Summary In _Carousel_:  When users deposit directly to an epoch, they must pay a deposit fee. However, if they deposit to epoch 0 and then call the `mintDepositInQueue` function, they can avoid paying the fee to the protocol.  ## Vulnerability Detail If epoch A is close to beginning and the fee rate is 1%, a user has two options for depositing $1000 assets to epoch A:  **_ONE:_** 1.  deposit directly to A : call `dep"
57,Y2K,223,Incorrect mint amount is used in mintRollovers(),charlesjhongc,High; Duplicate; Reward,"Deposit, Withdraw, Vault",charlesjhongc  high  # Incorrect mint amount is used in mintRollovers()  ## Summary  `mintRollovers()` use incorrect mint amount which will cause part of funds being locked in a vault forever.  ## Vulnerability Detail  The [rollover mint](https://github.com/sherlock-audit/2023-03-Y2K/blob/main/Earthquake/src/v2/Carousel/Carousel.sol#L361) should be equal to `withdraw()` plus `deposit()`. The `assets` in the rollover queue represent how much share of an epoch that an user wants to rollover. The r
57,Y2K,217,Possible re-entrancy in safeTransferFrom() of Carousel.sol,warRoom,High; Duplicate; Reward,"Reentrancy, Reentrancy","warRoom  high  # Possible re-entrancy in safeTransferFrom() of Carousel.sol  ## Summary There is no re-entrancy guard in **safeTransferFrom()**, which triggers _safeTransferFrom() of ERC1155 which makes a callback to the recipient contract address.  The below-mentioned function does not adhere to the check-effects-integrations principle for solidity external functions which in turn may create a pathway for cross-functional reentrancy and cross-contract reentrancy.  ## Vulnerability Detail **Wher"
57,Y2K,214,ERC1155 callback can cause critical griefing attack,warRoom,High; Duplicate; Reward,"Deposit, Vault, Share Manipulation",warRoom  high  # ERC1155 callback can cause critical griefing attack  ## Summary ERC-1155 mint functionality has a callback to the recipient's contract which can have malicious code. ## Vulnerability Detail ##### Where : In [mintDepositInQueue()](https://github.com/sherlock-audit/2023-03-Y2K/blob/main/Earthquake/src/v2/Carousel/Carousel.sol#L310-L355) ##### When : During ERC-1155 callback ##### Description : - While processing deposits in `mintDepositInQueue()` function users get minted ERC-1155
57,Y2K,209,Incorrect rollover index accounting,pfapostol,High; Duplicate; Reward,"Collateral, Deposit, Vault","pfapostol  high  # Incorrect rollover index accounting  ## Summary  Incorrect rollover index accounting  ## Vulnerability Detail  Function `enlistInRollover` is vulnerable due to incorrect queue index accounting. Whenever user call `enlistInRollover` `ownerToRollOverQueueIndex` replaced by the length of the `rolloverQueue`. So `ownerToRollOverQueueIndex` always point to the last index even if another user already add his `QueueItem`.  ## Impact  Basically, attacker can control any user `QueueIte"
57,Y2K,206,enlistInRollover/delistInRollover lack nonReentrant,bin2chen,High; Duplicate; Reward,"Reentrancy, Deposit, Reentrancy","bin2chen  medium  # enlistInRollover/delistInRollover lack nonReentrant  ## Summary `enlistInRollover()/delistInRollover()` Lack of reentrant protection provides the possibility to maliciously reentrancy modify other people's `rolloverQueue`, resulting in the queue may be blocked  ## Vulnerability Detail `mintRollovers()`  mints for rollovers The code is as follows: ```solidity     function mintRollovers(uint256 _epochId, uint256 _operations)         external         epochIdExists(_epochId)     "
57,Y2K,205,Incorrect rollover queue index may cause DoS,charlesjhongc,High; Duplicate; Reward,"Deposit, Withdraw, DoS","charlesjhongc  high  # Incorrect rollover queue index may cause DoS  ## Summary  Incorrect index is updated in `enlistInRollover(...)`. It may cause DoS of function `mintRollovers(...)`.  ## Vulnerability Detail  The `ownerToRollOverQueueIndex` map is always [updated](https://github.com/sherlock-audit/2023-03-Y2K/blob/main/Earthquake/src/v2/Carousel/Carousel.sol#L268) using `rolloverQueue.length`. If a user has already queued up before and then trying to update the queued amount, it will cause h"
57,Y2K,204,delistInRollover() disrupt the rolloverQueue order,bin2chen,High; Duplicate; Reward,Other,"bin2chen  medium  # delistInRollover() disrupt the rolloverQueue order  ## Summary delistInRollover() disrupt the `rolloverQueue` order,the original last one may be ignore when `mintRollovers()` ## Vulnerability Detail delistInRollover() use for delists from rollover queue The code is as follows: ```solidity     function delistInRollover(address _owner) public {         // check if user has already queued up a rollover         if (ownerToRollOverQueueIndex[_owner] == 0) revert NoRolloverQueued()"
57,Y2K,202,"Attacker can cause permanent denial of service, blocking all rollovers indefinitely",toshii,High; Duplicate; Reward,"Oracle, Collateral, Deposit","toshii  high  # Attacker can cause permanent denial of service, blocking all rollovers indefinitely  ## Summary  An attacker can cause permanent denial of service of the rollover queue and block all rollovers indefinitely for a trivial cost, breaking core protocol functionality. This allows the attacker to reduce the number of deposits in their vault, allowing them to earn more if there is a payout.  ## Vulnerability Detail  An attacker who is deposited in either the collateral vault or the prem"
57,Y2K,201,"Attacker can actively perform denial of service, by selectively preventing depositors from entering rollover queue",toshii,High; Duplicate; Reward,"Oracle, Collateral, Deposit","toshii  medium  # Attacker can actively perform denial of service, by selectively preventing depositors from entering rollover queue  ## Summary  An attacker can actively perform denial of service, by selectively preventing depositors from entering rollover queue. Attacker will benefit by reducing the amount of funds deposited in the vault they are also deposited in, giving them a larger share of potential premiums/collateral.  ## Vulnerability Detail  An attacker who is deposited in either the "
57,Y2K,200,All users in the rollover queue can be griefed/forced to lose their earnings,toshii,High; Duplicate; Reward,"Oracle, Collateral, Deposit",toshii  medium  # All users in the rollover queue can be griefed/forced to lose their earnings  ## Summary  All users in the rollover queue can be griefed/forced to lose their earnings. This is especially detrimental for users in the premium vault who are relying on the collateral vault funds to hedge their losses during a depeg event.  ## Vulnerability Detail  Any user who has deposited into the rollover queue for a given epochId can be griefed to lose their earnings for that epochId after the 
57,Y2K,199,Any user can trivially circumvent deposit fee to deposit free of charge at any point in time before an epoch begins,toshii,High; Duplicate; Reward,"Oracle, Collateral, Deposit","toshii  high  # Any user can trivially circumvent deposit fee to deposit free of charge at any point in time before an epoch begins  ## Summary  Any user can trivially circumvent deposit fee to deposit free of charge at any point in time before an epoch begins, which breaks the fundamental game-theory mechanics of this protocol.  ## Vulnerability Detail  A major component of this protocol is ensuring that there are good game theory mechanics when it comes to  users in the counterparty vaults bei"
57,Y2K,198,A malicious User can delist another User from the `rolloverQueue`. User can also pollute the `rolloverQueue`,ne0n,High; Duplicate; Reward,"Deposit, Vault, Share Manipulation","ne0n  high  # A malicious User can delist another User from the `rolloverQueue`. User can also pollute the `rolloverQueue`  ## Summary A user enlisted before can call the `enlistInRollover` again, causing its index to point to the end of the queue and thus to the wrong entry in the `rolloverQueue`. When delisting this index is read and thus it is removed from the `rolloverQueue`.  **Note:**  *A malicious actor can also change the `assets` and `epochId` of a user(at the end of the current state o"
57,Y2K,195,The rolloverQueue can get DoSed due to failure on external call,0xRobocop,High; Duplicate; Reward,"Collateral, Deposit, DoS","0xRobocop  medium  # The rolloverQueue can get DoSed due to failure on external call  ## Summary  The `_mint()` function invokes the `_doSafeTransferAcceptanceCheck()` function. This function performs a call to the receiver of the minting, the `to` parameter. The rationale of this is to ensure that if the receiver is a contract account, the contract can manage the ERC1155 tokens that it is receiving. This is totally unsafe since now an arbitrary contract have the flow of execution.  During the e"
57,Y2K,193,Wrong update of `ownerToRollOverQueueIndex`,auditor0517,High; Duplicate; Reward,Deposit,"auditor0517  high  # Wrong update of `ownerToRollOverQueueIndex`  ## Summary In `Carousel.enlistInRollover()`, it updates `ownerToRollOverQueueIndex` wrongly when the index exists already.  ## Vulnerability Detail Users can enlist in the rollover queue using `enlistInRollover()`.  ```solidity     function enlistInRollover(         uint256 _epochId,         uint256 _assets,         address _receiver     ) public epochIdExists(_epochId) minRequiredDeposit(_assets) {         // check if sender is a"
57,Y2K,192,Rollover mechanism doesn't update the queue index counter after removing item from queue,kenzo,High; Duplicate; Reward,"Collateral, Deposit","kenzo  medium  # Rollover mechanism doesn't update the queue index counter after removing item from queue  ## Summary For rollovers, a first-in-first-handled queue is utilized. Each user gets only one entry in the queue, which is never deleted. His entry is updated upon subsequent rollover requests. The rollover mechanism saves an index, `rolloverAccounting[_epochId]`, which signifies the index upto which the queue has already been handled (minted) for a certain epoch. This index is not updated "
57,Y2K,186,"For any epochId, an attacker can prevent many other users' assets from being rolled over",Emmanuel,High; Duplicate; Reward,Other,"Emmanuel  medium  # For any epochId, an attacker can prevent many other users' assets from being rolled over  ## Summary An attacker can prevent many other users' assets from being rolled over by increasing rolloverAccounting[epochId] as many times as he wants.  ## Vulnerability Detail mintRollovers(_epochId,_operations) rolls over _assets of users enlisted in the rolloverQueue array to another _epochId.  The function starts from an `index` which will be read from a state mapping `rolloverAccoun"
57,Y2K,184,Attacker can rollover more shares than a user's intention or cause the mintRollovers function to be unusable.,Emmanuel,High; Duplicate; Reward,"Deposit, DoS, Share Manipulation","Emmanuel  high  # Attacker can rollover more shares than a user's intention or cause the mintRollovers function to be unusable.  ## Summary Due to a bug in enlistInRollover function, an attacker can rollover more shares than a user's intention or cause a permanent DoS in the mintRollovers function, making it unusable.  ## Vulnerability Detail In the enlistInRollover function of carousel contract,  ```solidity     function enlistInRollover(         uint256 _epochId,         uint256 _assets,      "
57,Y2K,175,Depositor can totally bypass deposit fee using deposit queue,kenzo,High; Duplicate; Reward,"Deposit, Fund Loss, Share Manipulation","kenzo  high  # Depositor can totally bypass deposit fee using deposit queue  ## Summary When the deposit is queue is being minted, the deposit fee is not deducted from the deposit assets. Therefore the deposit fee is bypassable, losing funds for the protocol.  ## Vulnerability Detail In the regular `deposit` [function](https://github.com/sherlock-audit/2023-03-Y2K/blob/main/Earthquake/src/v2/Carousel/Carousel.sol#L479), if the user requested to deposit *in a certain epoch* (`_id != 0`), a deposi"
57,Y2K,173,Enlist any user in rollover queue,csanuragjain,High; Duplicate; Reward,Withdraw,"csanuragjain  medium  # Enlist any user in rollover queue  ## Summary Even if a User is not willing to enlist in rollover queue, Attacker can force enlist them. This is happening due to incorrect index update of `ownerToRollOverQueueIndex` variable  ## Vulnerability Detail 1. Let's say there are 3 users in rollover queue  ```solidity ownerToRollOverQueueIndex[A] = 1 ownerToRollOverQueueIndex[B] = 2 ownerToRollOverQueueIndex[C] = 3 ```  2. Now lets say User A wants to update his rollover amount, "
57,Y2K,168,mintRollovers() incorrect number to _mintShares(),bin2chen,High; Duplicate; Reward,"Deposit, Withdraw, Overflow","bin2chen  high  # mintRollovers() incorrect number to _mintShares()  ## Summary  incorrect number to _mintShares() ,  user will lose profit ## Vulnerability Detail mintRollovers() mints for rollovers The code is as follows: ```solidity     function mintRollovers(uint256 _epochId, uint256 _operations)         external         epochIdExists(_epochId)         epochHasNotStarted(_epochId)         nonReentrant     { ....         while ((index - prevIndex) < (_operations)) { ...             if (epochR"
57,Y2K,167,mintDepositInQueue() queue funds may be locked,bin2chen,High; Duplicate; Reward,"Deposit, Overflow, Reentrancy","bin2chen  high  # mintDepositInQueue() queue funds may be locked  ## Summary if a malicious receiver is a contract and reverts directly `onERC1155Received`, which causes `mintDepositInQueue()` revert and  the funds of the users in front of this receiver will be locked  ## Vulnerability Detail `mintDepositInQueue()` is used to execute deposit requests that are in the queue. The code is as follows: ```solidity     function mintDepositInQueue(uint256 _epochId, uint256 _operations)         external "
57,Y2K,166,enlistInRollover() wrong set ownerToRollOverQueueIndex,bin2chen,High; Duplicate; Reward,Deposit,"bin2chen  medium  # enlistInRollover() wrong set ownerToRollOverQueueIndex  ## Summary enlistInRollover() wrong set ownerToRollOverQueueIndex, so the user may modify other people's `rolloverQueue[index].asset` ## Vulnerability Detail `enlistInRollover()` is used to modify or add `rolloverQueue` The code is as follow: ```solidity     function enlistInRollover(         uint256 _epochId,         uint256 _assets,         address _receiver     ) public epochIdExists(_epochId) minRequiredDeposit(_asse"
57,Y2K,163,"When rolling over, user will lose his winnings from previous epoch",kenzo,High; Has Duplicates; Sponsor Confirmed; Will Fix; Reward,"Withdraw, Vault, Share Manipulation","kenzo  high  # When rolling over, user will lose his winnings from previous epoch  ## Summary When `mintRollovers` is called, when the function mints shares for the new epoch for the user, the amount of shares minted will be the same as the original assets he requested to rollover - **not including the amount he won.** After this, **all these asset shares from the previous epoch are burnt.** So the user won't be able to claim his winnings.  ## Vulnerability Detail When user requests to [`enlistI"
57,Y2K,161,User's profit of the previous epoch will be lost during the rollover process,Inspex,High; Duplicate; Reward,Share Manipulation,"Inspex  high  # User's profit of the previous epoch will be lost during the rollover process  ## Summary The `assetsToMint` value that is used in the rollover process is not properly calculated, leading to the loss of the user's profit.  ## Vulnerability Detail In the `Carousel` contract, users can pre-rollover their profit into the next epoch by calling `enlistInRollover()` function with the number of shares to rollover. The relayer will call the `mintRollovers()` function after the current epo"
57,Y2K,160,The deposit fee can be bypassed by using `mintDepositInQueue()` function.,Inspex,High; Duplicate; Reward,"Deposit, Overflow, Reentrancy","Inspex  high  # The deposit fee can be bypassed by using `mintDepositInQueue()` function.  ## Summary Any user can avoid paying the deposit fee for the `Carousel` contract's treasury by adding themselves to the deposit queue and then calling the `mintDepositInQueue()` function to deposit and collect the relayer fee.  ## Vulnerability Detail In the `Carousel` contract, the users are allowed to add themselves to the deposit queue by calling the deposit function with the `_id` parameter set to zero"
57,Y2K,157,The depositQueue can get DoSed,0xRobocop,High; Duplicate; Reward,"Collateral, Deposit, Withdraw","0xRobocop  high  # The depositQueue can get DoSed  ## Summary  Due to an unsafe external call on the `_mint()` function a user can break the `depositQueue`.  ## Vulnerability Detail  When the `mintDepositInQueue()` function is executed, it process all the deposits in the `depositQueue` in a FILO order. Eventually, the `_mintShares()` function is called, which calls the `_mint()` function of the `ERC1155.sol` contract, with `queue[i].receiver` as the `to` parameter.  At the end of the `_mint()` f"
57,Y2K,156,Attacker can block deposit & rollover queue,Ruhum,High; Duplicate; Reward,"Deposit, Withdraw, DoS","Ruhum  high  # Attacker can block deposit & rollover queue  ## Summary An attacker can block the deposit & rollover queue by reverting the call it receives from the ERC1155 token.  ## Vulnerability Detail OpenZeppelin's ERC1155 token makes a call to the recipient if it is a contract: ```sol     function _mint(address to, uint256 id, uint256 amount, bytes memory data) internal virtual {         require(to != address(0), ""ERC1155: mint to the zero address"");          address operator = _msgSender("
57,Y2K,155,Users can avoid paying any type of fee when depositing,0xRobocop,High; Duplicate; Reward,"Collateral, Deposit, Vault","0xRobocop  medium  # Users can avoid paying any type of fee when depositing  ## Summary  When depositing to the premium or collateral vault, there exists 2 ways, by depositing directly or by joining the `depositQueue`.   When depositing directly, the user pays a `depositFee` which increases linearly from the `epochCreation` and the `epochBegin`, this is because the users who deposit later than others have an informational advantage, so they pay a higher fee.  The other way is by using the `depos"
57,Y2K,152,`enlistInRollover()` wrongly updates state of `ownerToRollOverQueueIndex[_receiver]`,yixxas,High; Duplicate; Reward,"Deposit, Share Manipulation","yixxas  high  # `enlistInRollover()` wrongly updates state of `ownerToRollOverQueueIndex[_receiver]`  ## Summary When `enlistInRollover()` is called, either the user wants to newly enlist into the rollover, or that they want to update the amount in which they want their assets to rollover to the next epoch. The `ownerToRollOverQueueIndex` is updated wrongly when user wants to make an update to their rollover.  ## Vulnerability Detail  On L268, `ownerToRollOverQueueIndex[_receiver]` is updated to"
57,Y2K,150,User can avoid paying depositFee by rolling over from previous epoch,yixxas,High; Duplicate; Reward,"Deposit, Vault","yixxas  high  # User can avoid paying depositFee by rolling over from previous epoch  ## Summary Deposit fees are imposed on users, and users pay more if they deposit at a time closer to when epoch is going to start. This is due to how there is an informational advantage for later depositors since they can make decisions based on more factors compared to the earlier depositors.  By making use of rollovers, savy users can avoid this fee and have a very real advantage over other users.  ## Vulnera"
57,Y2K,148,Deposit queue and rollover queue can be DOS by a malicious user,yixxas,High; Duplicate; Reward,"Deposit, DoS, Share Manipulation","yixxas  high  # Deposit queue and rollover queue can be DOS by a malicious user  ## Summary When ERC1155 token is minted to users, it gives control over and a malicious user can force a revert, preventing the queue from operation.   ## Vulnerability Detail `mintDepositInQueue()` loops through the queue based on a first in last out basis. ERC1155 tokens are then minted to users one by one via `_mintShares()`.  ERC1155 `_mint` gives control over to user via the ERC1155TokenReceiver hook. A user ma"
57,Y2K,137,Incomplete Smart Contract Receiver: Potential Stuck DepositQueue in Epoch Vault,mstpr-brainbot,High; Duplicate; Reward,"Deposit, Vault, Share Manipulation","mstpr-brainbot  high  # Incomplete Smart Contract Receiver: Potential Stuck DepositQueue in Epoch Vault  ## Summary A potential issue has been identified in the depositQueue of the Epoch Vault. If a user deposits tokens with a receiver set as a smart contract that lacks the 'onERC1155Received' function, it may cause the depositQueue to become stuck. This would prevent earlier depositors in the queue from resolving their deposits as well, leading to a disruption in the minting process for the aff"
57,Y2K,136,attacker can cause user's rollover to not be executed,Ruhum,High; Duplicate; Reward,"Deposit, Reentrancy, DoS","Ruhum  medium  # attacker can cause user's rollover to not be executed  ## Summary It's possible for an attacker to cause a user's rollover not to be executed for a given epoch.  ## Vulnerability Detail When rollovers are processed, the Carousel contract keeps track of the last index of processed rollovers for a given epoch. Each time `mintRollovers()` is called for that epoch, it continues from that index. Here's the relevant part of the code: ```sol     function mintRollovers(uint256 _epochId,"
57,Y2K,124,In Carousel.enlistInRollover the update of ownerToRollOverQueueIndex is wrong if the user has already queued up a rollover,climber2002,High; Duplicate; Reward,"Deposit, Vault, Share Manipulation",climber2002  high  # In Carousel.enlistInRollover the update of ownerToRollOverQueueIndex is wrong if the user has already queued up a rollover  ## Summary  In Carousel.enlistInRollover the [update of ownerToRollOverQueueIndex](https://github.com/sherlock-audit/2023-03-Y2K/blob/main/Earthquake/src/v2/Carousel/Carousel.sol#L268) is wrong if the user has already queued up a rollover  ## Vulnerability Detail In [Carousel.enlistInRollover](https://github.com/sherlock-audit/2023-03-Y2K/blob/main/Eart
57,Y2K,118,Rollover delisting causes underflow,ltyu,High; Duplicate; Reward,"Deposit, Underflow, Vault","ltyu  medium  # Rollover delisting causes underflow  ## Summary When a rollover is delisted, it can cause an underflow, and therefore block rollover minting.  ## Vulnerability Detail Currently, `mintRollovers()` relies the `rolloverQueue.length` in calculating the max number of `_operations`: https://github.com/sherlock-audit/2023-03-Y2K/blob/main/Earthquake/src/v2/Carousel/Carousel.sol#L371-L372  https://github.com/sherlock-audit/2023-03-Y2K/blob/main/Earthquake/src/v2/Carousel/Carousel.sol#L37"
57,Y2K,117,Deposit in queue can be blocked,ltyu,High; Duplicate; Reward,"Deposit, Vault, Share Manipulation","ltyu  high  # Deposit in queue can be blocked  ## Summary When queuing a deposit, the receiver is not checked for implementation of `ERC1155.onERC1155Received`. This can break deposit queuing.  ## Vulnerability Detail The function `Carousel.deposit` can be used to deposit into a queue i.e. epoch 0. Later, a relayer can call `mintDepositInQueue` and mint the deposits in a batch. However, the `_mintShares()` function will always revert if any of the receivers in the queue are 1) contracts, and 2) "
57,Y2K,116,Incorrect rollover logic allows modification of other user rollovers,ltyu,High; Duplicate; Reward,"Deposit, Vault","ltyu  high  # Incorrect rollover logic allows modification of other user rollovers  ## Summary The function `Carousel.enlistInRollover` is incorrectly implemented which allows  updates of other users' rollovers.  ## Vulnerability Detail In the function `enlistInRollover` of Carousel.sol, the `_receiver` rollovers are either added, or updated.  New rollovers are added here: https://github.com/sherlock-audit/2023-03-Y2K/blob/main/Earthquake/src/v2/Carousel/Carousel.sol#L259-L266  Rollovers are upd"
57,Y2K,115,Rollover Queue Manipulation,mstpr-brainbot,High; Duplicate; Escalation Resolved; Reward,"Deposit, Withdraw, Share Manipulation","mstpr-brainbot  high  # Rollover Queue Manipulation  ## Summary An attacker can exploit the 'mintDepositQueue' function to create both rolling over and non-rolling over positions, which can lead to issues during epoch wins and rollovers. Specifically, the attacker can cause the rollover queue to fail, prevent others from receiving epoch tokens, and block rollovers. ## Vulnerability Detail The 'mintDepositQueue' function can be exploited by attackers to create both rolling over and non-rolling ov"
57,Y2K,113,User can bypass Carousel's depositFee using the deposit queue,Ruhum,High; Duplicate; Reward,"Deposit, Overflow, Reentrancy","Ruhum  high  # User can bypass Carousel's depositFee using the deposit queue  ## Summary The Carousel contract's deposit fee can be bypassed by using the deposit queue instead.  ## Vulnerability Detail The deposit fee is only taken for direct deposits. The amount is determined by the time of the deposit. The later you deposit the more you pay: ```sol     function _deposit(         uint256 _id,         uint256 _assets,         address _receiver     ) internal {         // mint logic, either in qu"
57,Y2K,112,User Funds Vulnerable to Index Manipulation,mstpr-brainbot,High; Duplicate; Reward,"Deposit, Withdraw, Share Manipulation","mstpr-brainbot  high  # User Funds Vulnerable to Index Manipulation  ## Summary A user can invoke the `enlistInRollover` function, potentially causing issues with the indices, which could result in users' funds becoming trapped within the protocol. ## Vulnerability Detail When a user first calls the `enlistInRollover` function, their request is added to the end of the `rolloverQueue` array. For example, if the user is the first person in the queue and deposits 1e18 tokens, the queue will appear "
57,Y2K,106,Users lose profit in `mintRollovers` from incorrect variable used,hickuphh3,High; Duplicate; Reward,"Withdraw, Share Manipulation","hickuphh3  high  # Users lose profit in `mintRollovers` from incorrect variable used  ## Summary If users win an epoch, they are credited `entitledShares` which is greater than `queueItem.assets`, but `assetsToMint` uses the latter instead, resulting in the difference being unaccounted for / lost.  ## Vulnerability Detail Minting rollovers only happen if the user won an epoch, where `entitledShares` is expected to be greater than `queueItem.assets`. ```solidity uint256 entitledShares = previewWi"
57,Y2K,104,`enlistInRollover()` stores wrong index for receiver,shaka,High; Duplicate; Reward,"Deposit, Withdraw, Vault","shaka  high  # `enlistInRollover()` stores wrong index for receiver  ## Summary  When a user that has already queued up a rollover calls again `Carousel.sol:enlistInRollover` he is incorrectly assigned the index of the last user in the queue.  ## Vulnerability Detail  In `enlistInRollover()` it is checked if the `_receiver` address has already queued up a rollover. If that is the case, his entry in the queue array is updated. However, in line 268 the mapping `ownerToRollOverQueueIndex` that link"
57,Y2K,99,mintDepositInQueue doesnt charge deposit fee,bulej93,High; Duplicate; Reward,Deposit,bulej93  high  # mintDepositInQueue doesnt charge deposit fee  ## Summary mintDepositInQueue doesnt charge deposit fee ## Vulnerability Detail in mintDepositQueue which is used to queue for the the next epoch there is deposit fee charged. the deposit function deposit fee is charged for every new epoch. so if someone is looking to escape paying any deposit fee they could just enter a queue and wait for it to be minted ## Impact the protocol may lose out on potential fees ## Code Snippet https://g
57,Y2K,92,Users can bypass the fee when depositing in the vault,TrungOre,High; Duplicate; Reward,"Deposit, Vault, Share Manipulation",TrungOre  medium  # Users can bypass the fee when depositing in the vault  ## Summary Users can bypass the fee when depositing in the vault by using the function `mintDepositInQueue`  ## Vulnerability Detail Users have 2 options to deposit into a vault. The first option lets the users specify a particular `epochId` and the protocol will charge a percentage of `_assets`. The second one allows users not to define which `epochId` they want to deposit in and gives this duty to the `relayer` who can 
57,Y2K,87,Some rollovers can't be processed due to the function `Carousel.delistInRollover`,TrungOre,High; Duplicate; Reward,Other,"TrungOre  high  # Some rollovers can't be processed due to the function `Carousel.delistInRollover`  ## Summary Some rollovers can't be processed due to the function `Carousel.delistInRollover`  ## Vulnerability Detail In each call, the function `Carousel.mintRollovers()` iterates through `operations` elements in the `rolloverQueue` starting from the element with `index = rolloverAccounting[_epochId]`. At the end of the call, the function will assign a new value for mapping `rolloverAccounting[_"
57,Y2K,84,Users can lose their profit when using a rollover mechanism,TrungOre,High; Duplicate; Reward,"Deposit, Withdraw, Reentrancy","TrungOre  high  # Users can lose their profit when using a rollover mechanism  ## Summary Instead of minting a number of shares corresponding to `previewWithdraw()` return value, function `Carousel.mintRollovers()` just mints the origional`queue[index].assets` shares for the user when minting for rollover of a new epoch.   ## Vulnerability Detail After an epoch is resolved, the users who deposited into the vault can get the profit/loss based on whether the de-peg events occur during the epoch ti"
57,Y2K,83,Attacker can delist another user's rollover,TrungOre,High; Duplicate; Reward,Deposit,"TrungOre  high  # Attacker can delist another user's rollover  ## Summary When calling function`Carousel.enlistInRollover()`, mapping`ownerToRollOverQueueIndex[_receiver]` is assigned with the value `rolloverQueue.length` even though it has already queued up.  ## Vulnerability Detail The function `Carousel.enlistInRollover()` is used to let the `_receiver` enlist in the rollover queue. ```solidity= function enlistInRollover(     uint256 _epochId,     uint256 _assets,     address _receiver ) publ"
57,Y2K,76,Users can overwrite RolloverQueue data of other users:  Carousel.sol,zeroknots,High; Duplicate; Reward,"Deposit, Access Control, Fund Loss",zeroknots  high  # Users can overwrite RolloverQueue data of other users:  Carousel.sol  ## Summary The contract `Carousel.sol` implements a rollover queue that allows users to enlist in the queue and a controller to roll the user's hedge position over into the next epoch. A high severity vulnerability has been identified in the contract that allows other users to overwrite the struct data in the rollover queue due to a miscalculation of the rollover queue index. This vulnerability exposes users
57,Y2K,75,`depositFee` can be bypassed via deposit queue,hickuphh3,High; Has Duplicates; Sponsor Confirmed; Will Fix; Reward,Deposit,"hickuphh3  medium  # `depositFee` can be bypassed via deposit queue  ## Summary The deposit fee can be circumvented by a queue deposit + `mintDepositInQueue()` call in the same transaction.  ## Vulnerability Detail A deposit fee is charged and increases linearly within the deposit window. However, this fee can be avoided if one deposits into the queue instead, then mints his deposit in the queue.  ## POC Assume non-zero `depositFee`, valid epoch `_id = 1`. At epoch end, instead of calling `depos"
57,Y2K,72,Earlier users in rollover queue can grief later users,hickuphh3,High; Has Duplicates; Sponsor Confirmed; Will Fix; Escalation Resolved; Reward,Other,"hickuphh3  medium  # Earlier users in rollover queue can grief later users  ## Summary The current implementation enables users who are earlier in the queue to grief those who are later.  ## Vulnerability Detail There is a `rolloverAccounting` mapping that, for every epoch, tracks the current index of the queue for which mints have been processed up to thus far.  When a user delists from the queue, the last user enlisted will replace the delisted user's queue index.  It is thus possible for the "
57,Y2K,67,Carousel: Deposit fee can be bypassed,roguereddwarf,High; Duplicate; Reward,"Deposit, Vault, Share Manipulation","roguereddwarf  high  # Carousel: Deposit fee can be bypassed  ## Summary When deposits are made to the `Carousel` a deposit fee is applied.  The deposit fee is a fee that linearly increases over the deposit time. The moment the epoch is created, the deposit fee is at 0% of its value. When the begin of the epoch is reached the deposit fee is at 100% of its value.  The purpose of the deposit fee is to tax the information advantage that later depositors have. Later depositors have more knowledge of"
57,Y2K,66,"If users won epoch he is rolling over, mintRollovers will cause these users  to lose funds",nobody2018,High; Duplicate; Reward,"Collateral, Deposit, Withdraw","nobody2018  high  # If users won epoch he is rolling over, mintRollovers will cause these users  to lose funds  ## Summary  The user deposits an asset in exchange for an equivalent amount of ERC1155 tokens. If the user wins epoch, his ERC1155 tokens can be exchanged for more than the asset he originally deposited. If the user loses epoch, his ERC1155 token is exchanged for less than the asset he originally deposited (maybe 0). `mintRollovers` mint only for who won epoch he is rolling over. Howev"
57,Y2K,64,Carousel.mintRollovers function loses all profit when rolling over,roguereddwarf,High; Duplicate; Reward,"Deposit, Withdraw, Vault",roguereddwarf  high  # Carousel.mintRollovers function loses all profit when rolling over  ## Summary The `Carousel.mintRollovers` function is used to roll over a user's deposit from one epoch to another epoch. The rollover only happens when the epoch that is rolled over from has ended in a profit: https://github.com/sherlock-audit/2023-03-Y2K/blob/main/Earthquake/src/v2/Carousel/Carousel.sol#L396-L401  The issue is that all of the Vault tokens (I'll call them Y2K tokens) will be burnt but only 
57,Y2K,61,After having roll over once a user will not be able to roll over again,twicek,High; Duplicate; Reward,Deposit,twicek  medium  # After having roll over once a user will not be able to roll over again  ## Summary After having roll over once a user will not be able to roll over again. An attacker can get advantage of this issue to grief other users forcing them to delist their roll over.  ## Vulnerability Detail When a user call `enlistInRollover` to roll over his deposit for the first time a new queue item will get pushed to `rolloverQueue`. A relayer will then call `mintRollovers` and mint the user roll 
57,Y2K,60,`ownerToRollOverQueueIndex` is incorrectly updated when a user call `enlistInRollover` twice,twicek,High; Duplicate; Reward,"Deposit, Withdraw, Share Manipulation","twicek  high  # `ownerToRollOverQueueIndex` is incorrectly updated when a user call `enlistInRollover` twice  ## Summary `ownerToRollOverQueueIndex` is incorrectly updated when a user call `enlistInRollover` twice with at least another user calling `enlistInRollover` between the two calls.  ## Vulnerability Detail When a user call `enlistInRollover` twice for a given epoch ID and if at least one other user called the function between the two calls, no new items will get pushed to `rolloverQueue`"
57,Y2K,59,Carousel: When a rollover is delisted it can prevent another rollover from being processed,roguereddwarf,High; Duplicate; Reward,Other,"roguereddwarf  medium  # Carousel: When a rollover is delisted it can prevent another rollover from being processed  ## Summary Rollovers are removed from the queue using the `Carousel.delistInRollover` function.  When a rollover is removed from the queue, the rollover at the end of the queue is moved to the position where the rollover was removed.  Rollovers are minted from head to tail. This means that when a rollover is moved from the end of the queue to an earlier position in the queue, this"
57,Y2K,58,"Due to rolloverQueue.pop(), mintRollovers may skip some users' QueueItem",nobody2018,High; Duplicate; Reward,Other,"nobody2018  medium  # Due to rolloverQueue.pop(), mintRollovers may skip some users' QueueItem  ## Summary  As we all know, a block has a maximum gas limit. If a transaction needs to process a very long queue, it needs to be divided into multiple transactions for processing. If `rolloverQueue.length` is too large, the relayer will call `mintRollovers` multiple times. If `rolloverQueue` is destroyed between these calls, such as pop(), `QueueItem` at the end of the queue will be moved to the front"
57,Y2K,55,relayer can never successfully execute mintDepositInQueue and mintRollovers due to ERC1155's _doSafeTransferAcceptanceCheck,nobody2018,High; Duplicate; Reward,"Deposit, DoS, Share Manipulation","nobody2018  high  # relayer can never successfully execute mintDepositInQueue and mintRollovers due to ERC1155's _doSafeTransferAcceptanceCheck  ## Summary  As we all know, the **ERC1155** token of **OpenZeppelin** will call `_doSafeTransferAcceptanceCheck` internally when token transferring and minting. If `to` is a contract, `_doSafeTransferAcceptanceCheck` will callback to 'to contract'. Carousel is inherited from **ERC1155**. When a user deposits asset into Carousel, Carousel mints the equiv"
57,Y2K,52,Carousel: minting ERC1155 performs callback which can cause revert and brick rollover queue and deposit queue which leads to complete loss of funds in the deposit queue,roguereddwarf,High; Duplicate; Reward,"Deposit, Withdraw, Fund Loss","roguereddwarf  high  # Carousel: minting ERC1155 performs callback which can cause revert and brick rollover queue and deposit queue which leads to complete loss of funds in the deposit queue  ## Summary The `Carousel` contract makes use of a rollover queue and a deposit queue.  Both queues are processed sequentially (rollover queue is processed head to tail, deposit queue is processed tail to head) and when processing one element fails all elements after that cannot be processed (i.e. there is "
57,Y2K,51,Carousel: enlistInRollover function sets wrong rollover queue index in the case of updating an existing rollover which bricks the rollover functionality,roguereddwarf,High; Duplicate; Reward,Vault,roguereddwarf  high  # Carousel: enlistInRollover function sets wrong rollover queue index in the case of updating an existing rollover which bricks the rollover functionality  ## Summary Users can enlist in rollovers using the `Carousel.enlistInRollover` function.  The function allows both creating new entries in the rollover queue and updating existing ones.  The issue is that when an existing entry is updated (which already has an index assigned) a new index is assigned as though a new entry 
57,Y2K,37,Users can change each other assets value inside `RolloverIndex` queue,volodya,High; Duplicate; Reward,"Collateral, Deposit",volodya  high  # Users can change each other assets value inside `RolloverIndex` queue  ## Summary Users can have the same index `RolloverIndex` in the `rolloverQueue` and change each other assets  ## Vulnerability Detail There is a bug in the code. There are many ways how everything can go bad. I only listed two of them. `enlistInRollover` function not working correctly. We should assign an index only if its don't exist and not all the time  ## Impact  ## Code Snippet ```solidity     function e
57,Y2K,35,Delisting a rollover can prevent minting of other queued rollovers,Dug,High; Duplicate; Reward,"Deposit, Vault","Dug  medium  # Delisting a rollover can prevent minting of other queued rollovers  ## Summary  Due to how rollover mints are tracked, if a user delists a rollover from the queue after it has been minted for an epoch, a subsequent rollover in the queue could be prevented from being minted for that epoch.  ## Vulnerability Detail  When `mintRollovers` is called to execute rollovers for a given epoch, progress through the `rolloverQueue` is tracked with an index stored in `rolloverAccounting[_epoch"
57,Y2K,34,Updating a queued rollover corrupts rollover accounting,Dug,High; Duplicate; Reward,"Deposit, Withdraw, Vault","Dug  medium  # Updating a queued rollover corrupts rollover accounting  ## Summary  If a user makes subsequent calls to `enlistInRollover`, the accounting of `rolloverQueue` items becomes corrupted.   ## Vulnerability Detail  In `Carousel.sol`, the `enlistInRollover` function handles two primary cases, depending on whether the user has already enlisted in a rollover.   If a user has an existing rollover in the queue, it will be updated in place with the new parameters. If the user does not have "
57,Y2K,33,Deposit fee can be bypassed,Dug,High; Duplicate; Reward,Deposit,"Dug  medium  # Deposit fee can be bypassed  ## Summary  A user can bypass the deposit fee by joining the deposit queue and then immediately minting their position into the next epoch.  ## Vulnerability Detail  In `Carousel.sol` there is an elaborate deposit fee system designed as follows: > deposit fee is calculated linearly between time of epoch creation and epoch starting (deposit window) this is because late depositors have an informational advantage  However, this deposit fee can easily be b"
57,Y2K,2,Funds can be stolen because of incorrect update to `ownerToRollOverQueueIndex` for existing rollovers,hickuphh3,High; Has Duplicates; Sponsor Confirmed; Will Fix; Reward,"Deposit, Withdraw","hickuphh3  high  # Funds can be stolen because of incorrect update to `ownerToRollOverQueueIndex` for existing rollovers  ## Summary In the case where the owner has an existing rollover, the `ownerToRollOverQueueIndex` incorrectly updates to the last queue index. This causes the `notRollingOver` check to be performed on the incorrect `_id`, which then allows the depositor to withdraw funds that should've been locked.  ## Vulnerability Detail In `enlistInRollover()`, if the user has an existing r"
81,Index,334,Wrong LTV and threshold LTV when in E-Mode,hildingr,High; Duplicate; Reward,"Liquidation, Borrow Logic","hildingr  high  # Wrong LTV and threshold LTV when in E-Mode  ## Summary  The AaveLeverageStrategyExtension uses`aaveProtocolDataProvider.getReserveConfigurationData` to get the LTV and threshold LTV which are the incorrect numbers when using E Mode.   This upgrade to the Index-protocol is built to support E mode to unlock higher leverage due to the higher LTV, this is not possible since the incorrect LTV is used. This discrepancy leads to multiple failures of core functionality since "
81,Index,254,_calculateMaxBorrowCollateral calculates repay incorrectly and can lead to set token liquidation,0x52,High; Sponsor Confirmed; Will Fix; Reward,"Liquidation, Borrow Logic, Collateral","0x52  high  # _calculateMaxBorrowCollateral calculates repay incorrectly and can lead to set token liquidation  ## Summary  When calculating the amount to repay, `_calculateMaxBorrowCollateral` incorrectly applies `unutilizedLeveragePercentage` when calculating `netRepayLimit`. The result is that if the `borrowValue` ever exceeds `liquidationThreshold * (1 - unutilizedLeveragPercentage)` then all attempts to repay will revert.   ## Vulnerability Detail  [AaveLeverageStrategyExtension.sol#L1110-L"
81,Index,251,eMode implementation is completely broken,0x52,High; Has Duplicates; Sponsor Confirmed; Will Fix; Reward,"Liquidation, Borrow Logic, Collateral",0x52  high  # eMode implementation is completely broken  ## Summary  Enabling eMode allows assets of the same class to be borrowed at much higher a much higher LTV. The issue is that the current implementation makes the incorrect calls to the Aave V3 pool making so that the pool can never take advantage of this higher LTV.  ## Vulnerability Detail  [AaveLeverageStrategyExtension.sol#L1095-L1109](https://github.com/sherlock-audit/2023-05-Index/blob/main/index-coop-smart-contracts/contracts/adapte
81,Index,43,_calculateMaxBorrowCollateral will return the wrong ltv if eMode is enabled,Cryptor,High; Duplicate; Reward,"Liquidation, Borrow Logic, Collateral","Cryptor  high  # _calculateMaxBorrowCollateral will return the wrong ltv if eMode is enabled  ## Summary  The function _calculateMaxBorrowCollateral uses the Aave function getReserveConfigurationData to calculate the max borrow amount for the desired collateral shown here   https://github.com/sherlock-audit/2023-05-Index/blob/main/index-coop-smart-contracts/contracts/adapters/AaveLeverageStrategyExtension.sol#L1098  However, if eMode is enabled for an asset, the ltv for an asset chan"
81,Index,21,Not using eMode's risk parameters configurations to calculate the maxBorrow/repayAmount when eMode is activated,0xStalin,High; Duplicate; Reward,"Liquidation, Oracle, Borrow Logic","0xStalin  medium  # Not using eMode's risk parameters configurations to calculate the maxBorrow/repayAmount when eMode is activated  ## Summary The protocol has extended the [AaveLeverageStrategyExtension](https://github.com/sherlock-audit/2023-05-Index/blob/main/index-coop-smart-contracts/contracts/adapters/AaveLeverageStrategyExtension.sol) contract to be compatible with Aave V3, as part of this upgrade, the protocol has created a [new adapter](https://github.com/sherlock-audit/2023-05-"
81,Index,13,_calculateMaxBorrowCollateral does not check whether the strategy is in Emode or not leading to inaccurate representation of LTV.,0xGoodess,High; Duplicate; Reward,"Liquidation, Borrow Logic, Collateral","0xGoodess  medium  # _calculateMaxBorrowCollateral does not check whether the strategy is in Emode or not leading to inaccurate representation of LTV.  ## Summary _calculateMaxBorrowCollateral does not check whether the strategy is in Emode or not  ## Vulnerability Detail While there is integration of aave Emode through the new extension `AaveLeverageStrategyExtension`, the existing function `_calculateMaxBorrowCollateral` does not integrate with this new feature.  eMode would increa"
81,Index,5,AaveLeverageStrategyExtension doesn't work with turned on Efficiency Mode,volodya,High; Duplicate; Reward,"Liquidation, Oracle, Borrow Logic","volodya  medium  # AaveLeverageStrategyExtension doesn't work with turned on Efficiency Mode  ## Summary AaveLeverageStrategyExtension doesn't work with turned-on Efficiency Mode. Incorrect   - LTV (Loan to value) - Liquidation threshold - Liquidation bonus - A custom price oracle (optional)  ## Vulnerability Detail According to aave [docs](https://docs.aave.com/developers/whats-new/efficiency-mode-emode) whenever a pool in eMode it does how its own   - LTV (Loan to value) - Li"
